dataset,model,label,fold,release_path,size_bytes,sha256,notes,original_size_bytes,original_sha256,removed_keys,validation
pretrained,checkpoint_adaptive,,,pretrained/checkpoint_adaptive.pt,336830229,fc82470a940397383e1ade3c90c565a71e62eeb853e74b8f67bf00d8501136db,monomer/pretraining or initialization asset,1009720683,01173ab3f00a3a36af22e4f55cc2a290fea763006e75aa606d6d2b93e65db3e6,optimizer_state;scheduler_state,retained tensors and metadata exactly equal after save/load
pretrained,checkpoint_random,,,pretrained/checkpoint_random.pt,336829127,972a3d29fda66cb23de6f929636fdc2b0d50b341316e5c01cab60b1c141a450a,monomer/pretraining or initialization asset,1009720683,e75bb62a706fe7ae5eebb7a0817a91599ec93b15fc302965f5faa5719104869a,optimizer_state;scheduler_state,retained tensors and metadata exactly equal after save/load
pretrained,checkpoint_unimol2,,,pretrained/checkpoint_unimol2.pt,336632021,5b9241630f1cf0b173fb06d1e76096e5daf5f91c3e51b066ba69524dafe60e35,monomer/pretraining or initialization asset,336632021,5b9241630f1cf0b173fb06d1e76096e5daf5f91c3e51b066ba69524dafe60e35,,unchanged original file bytes
bcdb,FRPN,,0,bcdb/FRPN/frpn_anchor_withvol_fold0_recover_ep58.pt,498258106,26f79b18f96a023c743fd5c1aa0e61773ef68708f2d0e3c01cdedbdaf97c5787,BCDB manuscript/baseline checkpoint,1206216228,e3131e9077f165d1963303eb2adf288c4f4a1a66e91fcc1209e0f1369221263c,optimizer_state,retained tensors and metadata exactly equal after save/load
bcdb,FRPN,,1,bcdb/FRPN/frpn_anchor_withvol_fold1_recover_ep10.pt,498257978,fd17c7bdcda4282dda03c385f3ce0fdbc63dc4d14544bca802a2af41d87e9561,BCDB manuscript/baseline checkpoint,1206216100,0363c55376f56462a1aced02312ab60787fdd7ec8c58e1ac175f73fa9d1cac6a,optimizer_state,retained tensors and metadata exactly equal after save/load
bcdb,FRPN,,2,bcdb/FRPN/frpn_anchor_withvol_fold2_recover_ep6.pt,498257370,5e9aeaedb20438227cf94d65993ef31f59b120fb8b3b35929f3ca7dae514c140,BCDB manuscript/baseline checkpoint,1206216228,3f5a537f7cf0073acc8bb4f2f5a0a5948cd4fcaeb85a67c17d7fe483446e50df,optimizer_state,retained tensors and metadata exactly equal after save/load
bcdb,FRPN,,3,bcdb/FRPN/frpn_anchor_withvol_fold3_recover_ep81.pt,498258106,2116ecb55dbecad1ed8cb72b4356b84d3a7bfdd58d22c31406d9eeaa71e30a88,BCDB manuscript/baseline checkpoint,1206216228,86914a96af777e6f40286806711b5c258630f910b8c1a1788f833856c24aaace,optimizer_state,retained tensors and metadata exactly equal after save/load
bcdb,FRPN,,4,bcdb/FRPN/frpn_anchor_withvol_fold4_recover_ep2.pt,498257370,16bc827c67bf905297d9a3c87446ccd3b997ed8d6fe1cd97304d67d0471ea7e5,BCDB manuscript/baseline checkpoint,1206216228,2c895a864fff29fbfe7930c06a7cfaf9941354c9ee752abc85622915180dd6d3,optimizer_state,retained tensors and metadata exactly equal after save/load
bcdb,FRPN-FP,,0,bcdb/FRPN-FP/FRPN-FP_fold0_checkpoint.pt,507226068,8e2e12d481b63a33d56b10f9a8cefe3dcf6483bad55cc742f3a71c95ad3bd583,BCDB manuscript/baseline checkpoint,778532368,ba1e598d5e137d21080c36e42e8b7d097c5fa06f94af003831f85b00c669db9c,optimizer_state,retained tensors and metadata exactly equal after save/load
bcdb,FRPN-FP,,1,bcdb/FRPN-FP/FRPN-FP_fold1_checkpoint.pt,507226068,93d59add0fa0d7a1568077096856b704bd99966442b7c258b8dc95fcdd2f2954,BCDB manuscript/baseline checkpoint,778532368,e18864944f143558a6a959888261ffee233a6c5c0f5a5b96556d0e3d2236e491,optimizer_state,retained tensors and metadata exactly equal after save/load
bcdb,FRPN-FP,,2,bcdb/FRPN-FP/FRPN-FP_fold2_checkpoint.pt,507226068,ebe8c3a3b79938f8fa59a1f041a72f8d41251f38350a93da2ed1104c3b1679a0,BCDB manuscript/baseline checkpoint,778532368,8afa498374ee34a61e8baec8217357ed798f4aa94e7cf0a2064d313d2561322e,optimizer_state,retained tensors and metadata exactly equal after save/load
bcdb,FRPN-FP,,3,bcdb/FRPN-FP/FRPN-FP_fold3_checkpoint.pt,507226068,b22de88d6a764e4e01a4a292f2af90820a6172ea7eeb8974640d4a4dde04338d,BCDB manuscript/baseline checkpoint,778532368,65f5958893f72e9d0126b5d9a94825aa9c87c938e9afc6d77e99d100894de90c,optimizer_state,retained tensors and metadata exactly equal after save/load
bcdb,FRPN-FP,,4,bcdb/FRPN-FP/FRPN-FP_fold4_checkpoint.pt,507226068,20a36d45f6faedc25583c8ba677dc6440153a5cd2d0aa1483065a1423fa5bf25,BCDB manuscript/baseline checkpoint,778532368,d0c188c982320103d10de6f16eeba873c2d2ff6b30582d76ab328bdba1989ce8,optimizer_state,retained tensors and metadata exactly equal after save/load
bcdb,periogt_withvf,,0,bcdb/periogt_withvf/best_model_fold0.pth,399437429,abc1ffb6786bce3d03a774604d9c53c3d07fd0145ed028af349cd202f0a6e0c1,BCDB manuscript/baseline checkpoint,399437429,abc1ffb6786bce3d03a774604d9c53c3d07fd0145ed028af349cd202f0a6e0c1,,unchanged original file bytes
bcdb,periogt_withvf,,1,bcdb/periogt_withvf/best_model_fold1.pth,399437429,b5acbd4b5694108364d557d19e38a8a1be524247f9a00ecdb18650420f6b387c,BCDB manuscript/baseline checkpoint,399437429,b5acbd4b5694108364d557d19e38a8a1be524247f9a00ecdb18650420f6b387c,,unchanged original file bytes
bcdb,periogt_withvf,,2,bcdb/periogt_withvf/best_model_fold2.pth,399437429,fb63a8994a80f8fabb890825b7e5a07d46720deea9110269cfeea5bd1cacf515,BCDB manuscript/baseline checkpoint,399437429,fb63a8994a80f8fabb890825b7e5a07d46720deea9110269cfeea5bd1cacf515,,unchanged original file bytes
bcdb,periogt_withvf,,3,bcdb/periogt_withvf/best_model_fold3.pth,399437429,1d82aabf9a2efd6ee014f9d242eb62ceab4bc4db4744b8300dcfcce11b9f88aa,BCDB manuscript/baseline checkpoint,399437429,1d82aabf9a2efd6ee014f9d242eb62ceab4bc4db4744b8300dcfcce11b9f88aa,,unchanged original file bytes
bcdb,periogt_withvf,,4,bcdb/periogt_withvf/best_model_fold4.pth,399437429,6d0d4a3f7ac0eb3612b63dd5f8e9f274b98c25e23db9621e706b566b41ccc740,BCDB manuscript/baseline checkpoint,399437429,6d0d4a3f7ac0eb3612b63dd5f8e9f274b98c25e23db9621e706b566b41ccc740,,unchanged original file bytes
bcdb,sagcn_kimmig_withvf,,0,bcdb/sagcn_kimmig_withvf/fold0_best_checkpoint.pt,4235373,16c9e3c2f60f0aff3cdde25bce702f62750b31ccf5a96cea43ea320955e0d20d,BCDB manuscript/baseline checkpoint,4235373,16c9e3c2f60f0aff3cdde25bce702f62750b31ccf5a96cea43ea320955e0d20d,,unchanged original file bytes
bcdb,sagcn_kimmig_withvf,,1,bcdb/sagcn_kimmig_withvf/fold1_best_checkpoint.pt,4235373,f4f703298fda25125ec14924822bf6bcad7c8a02a1471c33b20084a5aeceb4a3,BCDB manuscript/baseline checkpoint,4235373,f4f703298fda25125ec14924822bf6bcad7c8a02a1471c33b20084a5aeceb4a3,,unchanged original file bytes
bcdb,sagcn_kimmig_withvf,,2,bcdb/sagcn_kimmig_withvf/fold2_best_checkpoint.pt,4235373,73baa39ab40a73b5c2adce974333b893b8e29b8dcc2a3091df3d252757c6a61f,BCDB manuscript/baseline checkpoint,4235373,73baa39ab40a73b5c2adce974333b893b8e29b8dcc2a3091df3d252757c6a61f,,unchanged original file bytes
bcdb,sagcn_kimmig_withvf,,3,bcdb/sagcn_kimmig_withvf/fold3_best_checkpoint.pt,4235373,ea7b2f5b64962f8ed2ad647bf74c4e242c217c51357100e6a72e15df14217de4,BCDB manuscript/baseline checkpoint,4235373,ea7b2f5b64962f8ed2ad647bf74c4e242c217c51357100e6a72e15df14217de4,,unchanged original file bytes
bcdb,sagcn_kimmig_withvf,,4,bcdb/sagcn_kimmig_withvf/fold4_best_checkpoint.pt,4235373,d2d64317b925b3c5524ca7f9107ba0b99cf4138db474aa75dc3a70c86dba9cd6,BCDB manuscript/baseline checkpoint,4235373,d2d64317b925b3c5524ca7f9107ba0b99cf4138db474aa75dc3a70c86dba9cd6,,unchanged original file bytes
bcdb,stage-2only,,0,bcdb/stage-2only/stage2only_smiles_withvol_fold0_recover_ep8.pt,498261786,4cabb90a9e0d350ff2f003624687abc952549b1adcd1f8e2ad399f9a34a0e6f0,BCDB manuscript/baseline checkpoint,752477364,e66adb57e08f1cbc112d43bd45f84bc239ce7f25089c7210aa479798e25ab43a,optimizer_state,retained tensors and metadata exactly equal after save/load
bcdb,stage-2only,,1,bcdb/stage-2only/stage2only_smiles_withvol_fold1_recover_ep76.pt,498262394,138a46b1810a7451dd824520b9d474b29b4d8d680db37f784707b27139b74585,BCDB manuscript/baseline checkpoint,752477236,32d55959e01b7cfcd1407f840492b19a31487b005949e38073eaf22b0e835fe7,optimizer_state,retained tensors and metadata exactly equal after save/load
bcdb,stage-2only,,2,bcdb/stage-2only/stage2only_smiles_withvol_fold2_recover_ep58.pt,498262522,049e614f93f5cfe4775198136dd65d0f8f8af08717ce2a6fdfc59f8186db6f70,BCDB manuscript/baseline checkpoint,752477364,e69362c20838ba675186837bbc3bc2b5ad56ec5a25c2800e2e4ff23bd4cf4476,optimizer_state,retained tensors and metadata exactly equal after save/load
bcdb,stage-2only,,3,bcdb/stage-2only/stage2only_smiles_withvol_fold3_recover_ep87.pt,498262522,1bb9ce72e78cf365995c0b0cde98f9b7515f03235707be08347860457d0ab707,BCDB manuscript/baseline checkpoint,752477364,6dd1b073bfc97666a38cc19f896deae47ac682fe1e48ecafdd4843a2d055250e,optimizer_state,retained tensors and metadata exactly equal after save/load
bcdb,stage-2only,,4,bcdb/stage-2only/stage2only_smiles_withvol_fold4_recover_ep58.pt,498262394,b2cb756e4453e58ae7a1395bfbc0402fb7431b2e031106c303f3b57770a9ee62,BCDB manuscript/baseline checkpoint,752477236,88ce7e18a3664d7df2097c39d79d392c8f68c917dfb633a3a2419278f01e733a,optimizer_state,retained tensors and metadata exactly equal after save/load
bcdb,stage2big,,0,bcdb/stage2big/stage-2only-big_fold0_checkpoint.pt,850732376,9439ed3f104b95d43a6ef5e3862f9730720ef790f57f2a5de11b6745b7678d17,BCDB manuscript/baseline checkpoint,1814767728,204c7fdf86885ff1e02fa8e259574cb963bd9819a4c6f9c10f4d2f102d79289a,optimizer_state,retained tensors and metadata exactly equal after save/load
bcdb,stage2big,,1,bcdb/stage2big/stage-2only-big_fold1_checkpoint.pt,850732376,b1b2bb76047057858ba3a87fca28a31e7a1ef047da325064fca1f5c19b6efb25,BCDB manuscript/baseline checkpoint,1814767728,92bf9c20742ddfbc1ef8bece4a84cb8561cd7a204d6a2dfc64b5bf9e0d1aa345,optimizer_state,retained tensors and metadata exactly equal after save/load
bcdb,stage2big,,2,bcdb/stage2big/stage-2only-big_fold2_checkpoint.pt,850732376,7dda72f427b43f50b51b85aae990509951a64e402085d0987b321513a9345208,BCDB manuscript/baseline checkpoint,1814767728,bfacccfb9dc21e908e2ddfcc8a21df14a86e3ddc51437e1a3de6ef634ed68d24,optimizer_state,retained tensors and metadata exactly equal after save/load
bcdb,stage2big,,3,bcdb/stage2big/stage-2only-big_fold3_checkpoint.pt,850732376,f94059d17a6a26170e56b2aa4a953889219742655c2b0d192b27208d6613c0f1,BCDB manuscript/baseline checkpoint,1814767728,38d9294346a696331221bbf66a465cf8394a9748625fc4c2eb30fd2c42912b2b,optimizer_state,retained tensors and metadata exactly equal after save/load
bcdb,stage2big,,4,bcdb/stage2big/stage-2only-big_fold4_checkpoint.pt,850732376,1f6c960748c2e3f0166ce934f54def00ecaf185e39bb37edf53437b029689cec,BCDB manuscript/baseline checkpoint,1814767728,0db1e111e3479cb75c0b6f8acea8606d9e759f94ecad8900af2fca9f3a874221,optimizer_state,retained tensors and metadata exactly equal after save/load
bcdb,transpolymer_withvf,,0,bcdb/transpolymer_withvf/bcdb_withvf_fold0_best_model.pt,661729562,f717c5a217dfea6f7a1b376144f86bc75653cfc8fbe5f758a00c49ec2f5c851a,BCDB manuscript/baseline checkpoint,1975698437,d8660d9733d9c3c0290abf56f77b5b9fd91a805b56ec58de7b41244654aaa717,optimizer;scheduler,retained tensors and metadata exactly equal after save/load
bcdb,transpolymer_withvf,,1,bcdb/transpolymer_withvf/bcdb_withvf_fold1_best_model.pt,661729562,d76c6fb6da354565a1552e03ccccbb19833daa1fd1ccd8b5b2ab430b117f0ca0,BCDB manuscript/baseline checkpoint,1975698437,c2164ddda4fd983323636ab67cd19db5d1307a9b35c5c365ad946ec862879833,optimizer;scheduler,retained tensors and metadata exactly equal after save/load
bcdb,transpolymer_withvf,,2,bcdb/transpolymer_withvf/bcdb_withvf_fold2_best_model.pt,661729562,c4629c0d6aa913d78be0bab2d3d1e96a3442086f9ec00c639ab7a7b8a9e1e1d4,BCDB manuscript/baseline checkpoint,1975698437,ffcfb6481733a5f1418673b18c4b554262b40623b885ac4ca3a29634009e2aab,optimizer;scheduler,retained tensors and metadata exactly equal after save/load
bcdb,transpolymer_withvf,,3,bcdb/transpolymer_withvf/bcdb_withvf_fold3_best_model.pt,661729562,ebb827ee525ab584ad1826350448b1053d246e81a757552cc0c120946f0a6694,BCDB manuscript/baseline checkpoint,1975698437,b47f3bb7f269d4089ab40a7348e905603adf753b5b6bb04a2cb3b1693ca93529,optimizer;scheduler,retained tensors and metadata exactly equal after save/load
bcdb,transpolymer_withvf,,4,bcdb/transpolymer_withvf/bcdb_withvf_fold4_best_model.pt,661729562,ebaf4b2a056d340f7d23ef0999a2ba30758ad7da507877b160acd8d17227eab8,BCDB manuscript/baseline checkpoint,1975698437,1ccb1877c7ec2b8fe16aec75262259137fcefe4e0add7b8ca8bcb1123b087503,optimizer;scheduler,retained tensors and metadata exactly equal after save/load
bcdb,uni-macro,,0,bcdb/uni-macro/stage1only_withvol_fold0_recover_ep17.pt,498257370,32f63640bb2129c686a78e56287427148c05682bb0a73150d30ea9b7e5aa2ce0,BCDB manuscript/baseline checkpoint,953052392,62725aad50dc7672f13c36e4ea4d9567eb92cf05dd0bacf5152616e3f6f9cefb,optimizer_state,retained tensors and metadata exactly equal after save/load
bcdb,uni-macro,,1,bcdb/uni-macro/stage1only_withvol_fold1_recover_ep90.pt,498257370,318c30c14aacae4d62e47a5467636af18dea2b59ef009dbfdb21697d77faba74,BCDB manuscript/baseline checkpoint,953052392,7fbf5337b0aced21a5518fbc9956cd63c7bf4fc8fb7b016c1b191a1cd6917280,optimizer_state,retained tensors and metadata exactly equal after save/load
bcdb,uni-macro,,2,bcdb/uni-macro/stage1only_withvol_fold2_recover_ep57.pt,498257370,92d784f2ed0b835983043bd67463653e9fdac6f629e9894db7b8fbab1a8be8bf,BCDB manuscript/baseline checkpoint,953052392,f97ced2f754f193d67a1a83ae069544276765b6ef98cbe72e516a4fcdf5a21e1,optimizer_state,retained tensors and metadata exactly equal after save/load
bcdb,uni-macro,,3,bcdb/uni-macro/stage1only_withvol_fold3_recover_ep14.pt,498257370,842c45e92abdf80b2956066a5c2cd6b3f4ef33b428f077b79948a9a644eb0354,BCDB manuscript/baseline checkpoint,953052392,c8d5f1ff2799aef2bd8007faf9a70a7d05395e75074b862460e54af89176381f,optimizer_state,retained tensors and metadata exactly equal after save/load
bcdb,uni-macro,,4,bcdb/uni-macro/stage1only_withvol_fold4_recover_ep15.pt,498257370,197883a1d8f62a4d9fc271e0e5af0e92d571be3a0bd6d487646a417d38c4f203,BCDB manuscript/baseline checkpoint,953052392,cc6222e116a35fc50c54cfea788586a97a45a4b5da159261f97ecbf15405d4b9,optimizer_state,retained tensors and metadata exactly equal after save/load
bcdb,uni-macro-big,,0,bcdb/uni-macro-big/uni-macro-big_fold0_checkpoint.pt,637354490,768fe8a7c1859f3ab1a6b1895322902752a31720e9965e8e7990f33c27f31673,BCDB manuscript/baseline checkpoint,1353025866,84290ac678dcc70170b9959a8185da52169e48631250b51d3f0159420885c059,optimizer_state,retained tensors and metadata exactly equal after save/load
bcdb,uni-macro-big,,1,bcdb/uni-macro-big/uni-macro-big_fold1_checkpoint.pt,637354490,6dba55819e312ee2dcfcde93b88a04660e6684b5b58dddbe175896db53711049,BCDB manuscript/baseline checkpoint,1353025866,a9de37bc7b2506c224730248c5e34dcf1486f0b98f028dc26217d1861dc6b0db,optimizer_state,retained tensors and metadata exactly equal after save/load
bcdb,uni-macro-big,,2,bcdb/uni-macro-big/uni-macro-big_fold2_checkpoint.pt,637354490,fed1a91a8fc6148e234e948199eae7342e8ed391e40ffef3770207f9ea898f6e,BCDB manuscript/baseline checkpoint,1353025866,dab67811fb3a6ea712a97fb99a12603ca9554d79e8d9071f0bcecc6a9c515fe5,optimizer_state,retained tensors and metadata exactly equal after save/load
bcdb,uni-macro-big,,3,bcdb/uni-macro-big/uni-macro-big_fold3_checkpoint.pt,637354490,cef6b5f790a29b0092cc0da2ff3112b27872d24c41f8929a4e98e0788e25fb77,BCDB manuscript/baseline checkpoint,1353025866,f502fc45cc2a7bd208fa580d810c8d852fe3a72e8ed833454acd4c1d9531db4a,optimizer_state,retained tensors and metadata exactly equal after save/load
bcdb,uni-macro-big,,4,bcdb/uni-macro-big/uni-macro-big_fold4_checkpoint.pt,637354490,637586ea0279350fd0682ca3bfd5bd5085d50455a062aaccb7c996ab4a853e1c,BCDB manuscript/baseline checkpoint,1353025866,63cf2f4eff5cea1f3cd37ceef25b2594d29cc8c536405cc88ea931f7e5d3fbb0,optimizer_state,retained tensors and metadata exactly equal after save/load
md_final1640_v2,FRPN,density,0,md_final1640_v2/FRPN/density/FRPN__density__fold0.pt,568164040,61a780b0cc4d5d903ab223fddb5b5908e26bb423f7608f8acf69465102fec976,MD_FINAL1640_v2 final checkpoint,1276085302,56193c185bd7c46509575df9b3119fde859a7bfbbd2e0963d1d9c0f2022032f3,optimizer_state,retained tensors and metadata exactly equal after save/load
md_final1640_v2,FRPN,density,1,md_final1640_v2/FRPN/density/FRPN__density__fold1.pt,568164040,40ebd2fcbec4eaf17fd4e8ce9b6851c2fab393a1965cc0049dc0eab2d92b7021,MD_FINAL1640_v2 final checkpoint,1276085302,c9b0c7858f6a08c34d7c7d3b13806d74f3b3df858ab4f3d93a2de2a3b824cb2e,optimizer_state,retained tensors and metadata exactly equal after save/load
md_final1640_v2,FRPN,density,2,md_final1640_v2/FRPN/density/FRPN__density__fold2.pt,568164040,4cc1afef59fbd0c90b82dde088980f11651ffeb53bf81fc06e676e3da6225098,MD_FINAL1640_v2 final checkpoint,1276085302,d92fcb42172e84ca15d4dabd2b619fd82191b45482772c562848a18bf13d4570,optimizer_state,retained tensors and metadata exactly equal after save/load
md_final1640_v2,FRPN,density,3,md_final1640_v2/FRPN/density/FRPN__density__fold3.pt,568164040,72bf8bfcc22c9e678c39438293d42b6a9060746309b931c9f5bf0f660967b8ba,MD_FINAL1640_v2 final checkpoint,1276085302,613d964d1d26f0a3f7191538ebaace12dfd577b21f7f4bfb3897c8fa3ee8d0f9,optimizer_state,retained tensors and metadata exactly equal after save/load
md_final1640_v2,FRPN,density,4,md_final1640_v2/FRPN/density/FRPN__density__fold4.pt,568164040,f1d1f34d73ef82cb383f064e90072d3ef047eba0e810724746fc69e095a29eb8,MD_FINAL1640_v2 final checkpoint,1276085302,df73fdd530122672f223edc456b9d31d17d4967a8f930bcdea63d8f1c3cf4f66,optimizer_state,retained tensors and metadata exactly equal after save/load
md_final1640_v2,FRPN,Rg,0,md_final1640_v2/FRPN/Rg/FRPN__Rg__fold0.pt,568160035,37ce55782111adb940146096903b08f007f58970e848ce78a8ac093eadc09b7d,MD_FINAL1640_v2 final checkpoint,1276085302,db3baf78dfb0569850e7571d65f6d7996f1e259938533de7598a29f7b83406f9,optimizer_state,retained tensors and metadata exactly equal after save/load
md_final1640_v2,FRPN,Rg,1,md_final1640_v2/FRPN/Rg/FRPN__Rg__fold1.pt,568160035,33b5475c49d04abf526a59afa3eb8c0ccb2c03913f9595c13b9c3ff4c148f694,MD_FINAL1640_v2 final checkpoint,1276085302,949adb63914f61bcab2c713564e50e5d48606be4b9e339f1f17dca581e540304,optimizer_state,retained tensors and metadata exactly equal after save/load
md_final1640_v2,FRPN,Rg,2,md_final1640_v2/FRPN/Rg/FRPN__Rg__fold2.pt,568160035,75a69fdf88f8f16b0ce28801d1ef3941f576ecd5559523b2406825d6ee520aba,MD_FINAL1640_v2 final checkpoint,1276085302,7ddae431652b55a5069f9cef0972c6c13e658daa08bc1a79d31305efe5f4fbd2,optimizer_state,retained tensors and metadata exactly equal after save/load
md_final1640_v2,FRPN,Rg,3,md_final1640_v2/FRPN/Rg/FRPN__Rg__fold3.pt,568160035,4cf3367bb832aa02efef75567ebdaf3eb4b42338242959dd7fef0ac920eb8cc2,MD_FINAL1640_v2 final checkpoint,1276085302,d934f1aad5811ec7f7ceeda2e78d0c1a4e50d9d785d0e46da3f457c31cf611f7,optimizer_state,retained tensors and metadata exactly equal after save/load
md_final1640_v2,FRPN,Rg,4,md_final1640_v2/FRPN/Rg/FRPN__Rg__fold4.pt,568160035,9787982e83e10d6cef594246ab340ff88a844287ffda3b9d96cb5191bfbbe168,MD_FINAL1640_v2 final checkpoint,1276085302,439b8574076be1a58b4f6a20c9bf56f7d285fa9ff83736b113aaf325087dda3c,optimizer_state,retained tensors and metadata exactly equal after save/load
md_final1640_v2,FRPN,D,0,md_final1640_v2/FRPN/D/FRPN__D__fold0.pt,568159298,3b3a56ca7d23769afc4afdb589fc83678c8dd81507ced6cca137e52f75e6ac24,MD_FINAL1640_v2 final checkpoint,1276085302,7c7c77aad963dcc8b08855d2794edc2a5a93b47e5b86270f1b0c90fd69d0210d,optimizer_state,retained tensors and metadata exactly equal after save/load
md_final1640_v2,FRPN,D,1,md_final1640_v2/FRPN/D/FRPN__D__fold1.pt,568159298,f4b1809bf68936cebf4e5779c242d85ef93a79f45af85e27340fdc1501008edd,MD_FINAL1640_v2 final checkpoint,1276085302,01498a0f131bc661c1dff4609a89da9aff91570ba12854e3461ebd6b3d9e9cb3,optimizer_state,retained tensors and metadata exactly equal after save/load
md_final1640_v2,FRPN,D,2,md_final1640_v2/FRPN/D/FRPN__D__fold2.pt,568159298,03a70635b29bdb986199bdc1a6c92692b9179d37decaa605235102111730d0c8,MD_FINAL1640_v2 final checkpoint,1276085302,51be852a9ec92eaef5ecc7d52861e50eb044c32c8881fe387cfd63b25bbb768d,optimizer_state,retained tensors and metadata exactly equal after save/load
md_final1640_v2,FRPN,D,3,md_final1640_v2/FRPN/D/FRPN__D__fold3.pt,568159298,33b44fad2819c9d5a1a3bf52de404d182a53f41c5f3d22ae5be414fb66d60053,MD_FINAL1640_v2 final checkpoint,1276085302,9d84348585ca51c46d8b8f68f47adf923b44cdff43187676e167be5e326e89b7,optimizer_state,retained tensors and metadata exactly equal after save/load
md_final1640_v2,FRPN,D,4,md_final1640_v2/FRPN/D/FRPN__D__fold4.pt,568159298,4800d287cc15a87ef37f1f67f66a08267849b40bdd3ad1a0b90ee03e5d81ac14,MD_FINAL1640_v2 final checkpoint,1276085302,624b22e10db6b665d6775a58693626567114e004b4f79911af1236553d757e78,optimizer_state,retained tensors and metadata exactly equal after save/load
md_final1640_v2,FRPN,S_q_peak,0,md_final1640_v2/FRPN/S_q_peak/FRPN__S_q_peak__fold0.pt,568164841,70a0b620b138b67edf8b6e54a5de28d4dec37b63e5f55a1f1a17990c01b2b9ab,MD_FINAL1640_v2 final checkpoint,1276085302,39c7a19bbca354dfc163ccec18baf74763eed0157aaf13d1a4aba4d9e53c25ba,optimizer_state,retained tensors and metadata exactly equal after save/load
md_final1640_v2,FRPN,S_q_peak,1,md_final1640_v2/FRPN/S_q_peak/FRPN__S_q_peak__fold1.pt,568164841,8d39faaa956960a2bad0b7c4ec5b0966b9ef07a6b40bf2ab538b34201bb721f7,MD_FINAL1640_v2 final checkpoint,1276085302,bf0270eeb74c487e6e9ccc97ffc90c0ffd05607a7da2bbfc455776b0a3540638,optimizer_state,retained tensors and metadata exactly equal after save/load
md_final1640_v2,FRPN,S_q_peak,2,md_final1640_v2/FRPN/S_q_peak/FRPN__S_q_peak__fold2.pt,568164841,2a1e5f1e43a046cfaac5dd7dd30dba8773b47b4796b657ae8cd802e7c0648854,MD_FINAL1640_v2 final checkpoint,1276085302,0ac4b01f89598c4ac70cdb7cc06ea8136dbcc256859698f5085ccf5d84439b49,optimizer_state,retained tensors and metadata exactly equal after save/load
md_final1640_v2,FRPN,S_q_peak,3,md_final1640_v2/FRPN/S_q_peak/FRPN__S_q_peak__fold3.pt,568164841,77373f0f758de890f5e1d4abe3350dd5ba3aabeadd8abd962ab356ad52545403,MD_FINAL1640_v2 final checkpoint,1276085302,2006cec112164e78c15c34176622f328bcb659d263ff527416006a748b47fe7e,optimizer_state,retained tensors and metadata exactly equal after save/load
md_final1640_v2,FRPN,S_q_peak,4,md_final1640_v2/FRPN/S_q_peak/FRPN__S_q_peak__fold4.pt,568164841,4cbd5b1c9ba9e393812b3b173947bd4a1247be494755f99cbb2dc70976f6944b,MD_FINAL1640_v2 final checkpoint,1276085302,7ee79d8f3320dad94c8513412c58f1a6d2369bf8acc90cb1ed86e98bb595ee90,optimizer_state,retained tensors and metadata exactly equal after save/load
md_final1640_v2,FRPN,nematic_order,0,md_final1640_v2/FRPN/nematic_order/FRPN__nematic_order__fold0.pt,568168590,b18db9955d11d119a0f830c1316bc2b844d1672c9cf0e87b47a0a1ab43c65a1e,MD_FINAL1640_v2 final checkpoint,1276085302,1de4c42941191ba331a9684c01510f4e2552b6005c1f4ac77ffbd628e82e159b,optimizer_state,retained tensors and metadata exactly equal after save/load
md_final1640_v2,FRPN,nematic_order,1,md_final1640_v2/FRPN/nematic_order/FRPN__nematic_order__fold1.pt,568168590,c06e788e2133f4b1589d23bbcdcf43101ad66baca02c168206d58a1a9df2421e,MD_FINAL1640_v2 final checkpoint,1276085302,9a94ddaaf20a59fdd247cea153dbc7047744e3b763c8d1f11d6da9c5623ded19,optimizer_state,retained tensors and metadata exactly equal after save/load
md_final1640_v2,FRPN,nematic_order,2,md_final1640_v2/FRPN/nematic_order/FRPN__nematic_order__fold2.pt,568168590,da5b9023fd79b096c110e1f927eb50c6c246673f187ab478ffe51aa0a4dfac8c,MD_FINAL1640_v2 final checkpoint,1276085302,94908d7319c3753a81b19481ad27d16528064f081e751f9e24135095d3fe10a7,optimizer_state,retained tensors and metadata exactly equal after save/load
md_final1640_v2,FRPN,nematic_order,3,md_final1640_v2/FRPN/nematic_order/FRPN__nematic_order__fold3.pt,568168590,0e6ecc94a39660baa961860c8da718f914b2587c3be95783fc596bf24cf59875,MD_FINAL1640_v2 final checkpoint,1276085302,f2f7c13d9df2ce05ea3e8223eef0b72f889c5a15dc03bbc37b5883f0ddc3e92d,optimizer_state,retained tensors and metadata exactly equal after save/load
md_final1640_v2,FRPN,nematic_order,4,md_final1640_v2/FRPN/nematic_order/FRPN__nematic_order__fold4.pt,568168590,fb2d431009ddde8d0aabc00b4fcb96f9aa7e2f17a1f56ec4f07fcb9a3cce97de,MD_FINAL1640_v2 final checkpoint,1276085302,0b7c4885636b4fe3a180ed3c5091a205f51578ab8ce1bd788167a4190e00ff36,optimizer_state,retained tensors and metadata exactly equal after save/load
md_final1640_v2,FRPN,dielectric_constant,0,md_final1640_v2/FRPN/dielectric_constant/FRPN__dielectric_constant__fold0.pt,568173012,051e72f8bc1f6c39b8496d22fe5541da26f098e91c74e311e914c222369e0160,MD_FINAL1640_v2 final checkpoint,1276085366,634ef876b48f74503bdd552b62c4a728bc5468a85d180ba3bdd5058be70239c1,optimizer_state,retained tensors and metadata exactly equal after save/load
md_final1640_v2,FRPN,dielectric_constant,1,md_final1640_v2/FRPN/dielectric_constant/FRPN__dielectric_constant__fold1.pt,568173012,519d866645ee84182c43af42dc4f38ee40213754efa6d705b029fdf473149f29,MD_FINAL1640_v2 final checkpoint,1276085366,2a4aca3730544560e6be8dc5c08033c0e2b55038bcd1ed0d4324ae97a7f57b19,optimizer_state,retained tensors and metadata exactly equal after save/load
md_final1640_v2,FRPN,dielectric_constant,2,md_final1640_v2/FRPN/dielectric_constant/FRPN__dielectric_constant__fold2.pt,568173012,c7bd7e1cc334d0e90a9d788025c46e6096cd05fe7b43ec510036591c80dd1e87,MD_FINAL1640_v2 final checkpoint,1276085366,f6a5d08f6d94feb6ef42a41f079201c88e54b2fa88121c474e8eac448562a559,optimizer_state,retained tensors and metadata exactly equal after save/load
md_final1640_v2,FRPN,dielectric_constant,3,md_final1640_v2/FRPN/dielectric_constant/FRPN__dielectric_constant__fold3.pt,568173012,3ebb100c8755850fabcd075f886a513e86c8de637c38b2917072370ae76086aa,MD_FINAL1640_v2 final checkpoint,1276085366,23071f819e8347fe605c3dcec1f71165e0e536b61ac5fee28272ff26b73dee69,optimizer_state,retained tensors and metadata exactly equal after save/load
md_final1640_v2,FRPN,dielectric_constant,4,md_final1640_v2/FRPN/dielectric_constant/FRPN__dielectric_constant__fold4.pt,568173012,0296e086a939f459e4332128aa22c718472bdde06f0ebe572cdf3c86fbced08a,MD_FINAL1640_v2 final checkpoint,1276085366,cea19b0f2c218d38ec27cb259f838c44762a3c0a240a3264a627a28e9b27d766,optimizer_state,retained tensors and metadata exactly equal after save/load
md_final1640_v2,FRPN,refractive_index,0,md_final1640_v2/FRPN/refractive_index/FRPN__refractive_index__fold0.pt,568170801,16087a4106338bd0f5d8e6c806eeac27dffb6c2d66134cca10e383d248a852ed,MD_FINAL1640_v2 final checkpoint,1276085366,b86c33873c8ce74b36a6bfe1648ac6a55747a2fd064a8b56720ab13a63cb2f19,optimizer_state,retained tensors and metadata exactly equal after save/load
md_final1640_v2,FRPN,refractive_index,1,md_final1640_v2/FRPN/refractive_index/FRPN__refractive_index__fold1.pt,568170801,6b83364386af507deb72af737cdd3e7e289ee659bcc14efc88ce7cb6698d65e1,MD_FINAL1640_v2 final checkpoint,1276085366,adfe6f95d9d730c7244a6e56f9e526b92beac73584014e597ecc18f7572794ee,optimizer_state,retained tensors and metadata exactly equal after save/load
md_final1640_v2,FRPN,refractive_index,2,md_final1640_v2/FRPN/refractive_index/FRPN__refractive_index__fold2.pt,568170801,dddb987a819194ec26bac27e669c74b259c3f48c62b633c254cb4692a2e35f5a,MD_FINAL1640_v2 final checkpoint,1276085366,eec09d44235eeaab185b41d4e4666bc5123208127c989d2280259db8409d386b,optimizer_state,retained tensors and metadata exactly equal after save/load
md_final1640_v2,FRPN,refractive_index,3,md_final1640_v2/FRPN/refractive_index/FRPN__refractive_index__fold3.pt,568170801,5178b6139144314651dc77c7b94f691fb172621af58f42e03c1f5efd0a465471,MD_FINAL1640_v2 final checkpoint,1276085366,7ee1faa88350d5fa0bb111947da5deffc5054ddc0c7b47bed279aef612a250a5,optimizer_state,retained tensors and metadata exactly equal after save/load
md_final1640_v2,FRPN,refractive_index,4,md_final1640_v2/FRPN/refractive_index/FRPN__refractive_index__fold4.pt,568170801,9062aa165a3a4ad2fd318c4e863be81b00cba663054fbe02a27145ab31445f20,MD_FINAL1640_v2 final checkpoint,1276085366,9f5f41a79a4cac010c04ce6654fa7e5990f00c1ce726cfd8d1025b772c69a27f,optimizer_state,retained tensors and metadata exactly equal after save/load
md_final1640_v2,FRPN_FP,density,0,md_final1640_v2/FRPN_FP/density/FRPN_FP__density__fold0.pt,568461291,af077874b6760e4a76e7f8b83ab67d960c2566200e9f4c90b697fde9e284b845,MD_FINAL1640_v2 final checkpoint,839732196,b15c7c49235208f7ad4ce1751a32539078a1148d7b77ab26abffac4e5395741b,optimizer_state,retained tensors and metadata exactly equal after save/load
md_final1640_v2,FRPN_FP,density,1,md_final1640_v2/FRPN_FP/density/FRPN_FP__density__fold1.pt,568461291,c9e5be8811846d18be8bfa7764149171cfda5ccf30b82929b68f8fbe151ef531,MD_FINAL1640_v2 final checkpoint,839732196,83e5070f8561cb459867f9c5a03f10cc5da44aa58497032440579b29f6bd331f,optimizer_state,retained tensors and metadata exactly equal after save/load
md_final1640_v2,FRPN_FP,density,2,md_final1640_v2/FRPN_FP/density/FRPN_FP__density__fold2.pt,568461291,ed98b5f2a82d4fe42b4d0445880a8ae8ea6fefbb9f712247b482e57071a00077,MD_FINAL1640_v2 final checkpoint,839732196,07e3d59d9fa24c565842bbd0efdb1f77917fab0a3d33c946afaa143c00b39552,optimizer_state,retained tensors and metadata exactly equal after save/load
md_final1640_v2,FRPN_FP,density,3,md_final1640_v2/FRPN_FP/density/FRPN_FP__density__fold3.pt,568461291,1cd8fd85d92f5922eee01db96c07b7fde11f84369223ff406e9915960ced24e3,MD_FINAL1640_v2 final checkpoint,839732196,83a3a0b5477e18f93ddec3412970c1da39f33f339e9575d5fdb879c8dde5b2cf,optimizer_state,retained tensors and metadata exactly equal after save/load
md_final1640_v2,FRPN_FP,density,4,md_final1640_v2/FRPN_FP/density/FRPN_FP__density__fold4.pt,568461291,948db98caac02fbe5b14fb2a2637720b6b81c04ec086757bf82185dba2a75ff5,MD_FINAL1640_v2 final checkpoint,839732196,72adc60ee8ef5bc54f7eed24b388a912e42e049fa4275c9f3f7f86dcad8d400d,optimizer_state,retained tensors and metadata exactly equal after save/load
md_final1640_v2,FRPN_FP,Rg,0,md_final1640_v2/FRPN_FP/Rg/FRPN_FP__Rg__fold0.pt,568457222,5cf39f8a3ccb0818de35daf2f569e0a80ce5248eed2491dabf477b3a52a87be7,MD_FINAL1640_v2 final checkpoint,839732196,2d300bcf5a37ad62c833adcbeb0ca8f5e410939f5db14ff96aa31529fb9c8bcb,optimizer_state,retained tensors and metadata exactly equal after save/load
md_final1640_v2,FRPN_FP,Rg,1,md_final1640_v2/FRPN_FP/Rg/FRPN_FP__Rg__fold1.pt,568457222,9a415db157dec618c10710785a8f444c901ea06c062e125441a4360d9aa9b2a5,MD_FINAL1640_v2 final checkpoint,839732196,69ae8fb2be314e69a0f207c2b70987d35d2f0a23873b8884b2125a4d579a5ed0,optimizer_state,retained tensors and metadata exactly equal after save/load
md_final1640_v2,FRPN_FP,Rg,2,md_final1640_v2/FRPN_FP/Rg/FRPN_FP__Rg__fold2.pt,568457222,05425d87ba3269921854f78479317cb6071c9e767fa15f16a887542de13ae279,MD_FINAL1640_v2 final checkpoint,839732196,24f035c169b12c8c34a5da6bc0e540d91f1651ac8b01042cca0bae219d772a02,optimizer_state,retained tensors and metadata exactly equal after save/load
md_final1640_v2,FRPN_FP,Rg,3,md_final1640_v2/FRPN_FP/Rg/FRPN_FP__Rg__fold3.pt,568457222,f82f3fd3b0b3c4cea3904334cb0ba5ab5dcda263e9169942ac9c380865977060,MD_FINAL1640_v2 final checkpoint,839732196,e9c1376eef3be37c6a36436e7ab057e18ad59fb2bcd3b37cc32b94fbaa5e2596,optimizer_state,retained tensors and metadata exactly equal after save/load
md_final1640_v2,FRPN_FP,Rg,4,md_final1640_v2/FRPN_FP/Rg/FRPN_FP__Rg__fold4.pt,568457222,cff524c1a8d1df6715c005a9d39fd7253e478fd9976318f81d806edc415c1582,MD_FINAL1640_v2 final checkpoint,839732196,379ce9abcef13f10faa494ea470d382b118637c1af0f6e2bcafc067fd49f80d7,optimizer_state,retained tensors and metadata exactly equal after save/load
md_final1640_v2,FRPN_FP,D,0,md_final1640_v2/FRPN_FP/D/FRPN_FP__D__fold0.pt,568456485,2407a845ba6f4dcbc2f7f698076bf94979130b7f8ef87e0b7018acc3a1c6de38,MD_FINAL1640_v2 final checkpoint,839732196,aaf76fafff63270c7da9431ea1febb7beb792534372b56ab420be54077ce0224,optimizer_state,retained tensors and metadata exactly equal after save/load
md_final1640_v2,FRPN_FP,D,1,md_final1640_v2/FRPN_FP/D/FRPN_FP__D__fold1.pt,568456485,97a0cbb214b48450a1334e190d8a78f37e8075fccf95cb619797030df580fc73,MD_FINAL1640_v2 final checkpoint,839732196,0bdaf9ed3bac1373a411540bae2f6e81972acfbe3a4ce341cd51e91da8f37ead,optimizer_state,retained tensors and metadata exactly equal after save/load
md_final1640_v2,FRPN_FP,D,2,md_final1640_v2/FRPN_FP/D/FRPN_FP__D__fold2.pt,568456485,49f101e90c7d5173cc9682e4047a7cda41b7d4b8d88897abb6c0ff73d1d2b738,MD_FINAL1640_v2 final checkpoint,839732196,11af615c3f5ce95fcfc85e6aa69a284562bb91edaf8dc48e755d7babd670e3c1,optimizer_state,retained tensors and metadata exactly equal after save/load
md_final1640_v2,FRPN_FP,D,3,md_final1640_v2/FRPN_FP/D/FRPN_FP__D__fold3.pt,568456485,4421eec71167c107c3ee2acd5bdda871d1bfcc8131bef8c0b256d0d09b81a0d0,MD_FINAL1640_v2 final checkpoint,839732196,7f49b26af4fc0e5a6771c66e50b128f55a48599a8e883617100b81ebf2a1686b,optimizer_state,retained tensors and metadata exactly equal after save/load
md_final1640_v2,FRPN_FP,D,4,md_final1640_v2/FRPN_FP/D/FRPN_FP__D__fold4.pt,568456485,5a14c73a83d0d7ba728e1cc121dd23cb88b29da752b02c0ec06b5c4ce0c9d8b3,MD_FINAL1640_v2 final checkpoint,839732196,acfc89909b6b14fb4a395bbe7fb3db0243f13bdba8d869cda943d8490aca7851,optimizer_state,retained tensors and metadata exactly equal after save/load
md_final1640_v2,FRPN_FP,S_q_peak,0,md_final1640_v2/FRPN_FP/S_q_peak/FRPN_FP__S_q_peak__fold0.pt,568462028,58e05c8fbe3c5ef2a63bba9e97835f3b7de04c7b58760abb25ab4064c24c1a96,MD_FINAL1640_v2 final checkpoint,839732196,e1c23fa753681ea840229a322644d63887696f979ac68aa167f9c1698b469099,optimizer_state,retained tensors and metadata exactly equal after save/load
md_final1640_v2,FRPN_FP,S_q_peak,1,md_final1640_v2/FRPN_FP/S_q_peak/FRPN_FP__S_q_peak__fold1.pt,568462028,c22cf7447136e62525509b95b6f2e9c5dfdacf2cb041b322e1026624faf72e5d,MD_FINAL1640_v2 final checkpoint,839732196,ce8bec465f3fd0f6ca7f5eff79716d254cb71e5b34fb4068f0eb2cfa1255ecbf,optimizer_state,retained tensors and metadata exactly equal after save/load
md_final1640_v2,FRPN_FP,S_q_peak,2,md_final1640_v2/FRPN_FP/S_q_peak/FRPN_FP__S_q_peak__fold2.pt,568462028,e9b6551ce9a1f5102e86d590f97c70cc84f6950e4193081dbd0b6db17f3318e0,MD_FINAL1640_v2 final checkpoint,839732196,76b51106e5483e2338953931bb027e5d09c0f466df7d665e6d7ed5d54863e8b4,optimizer_state,retained tensors and metadata exactly equal after save/load
md_final1640_v2,FRPN_FP,S_q_peak,3,md_final1640_v2/FRPN_FP/S_q_peak/FRPN_FP__S_q_peak__fold3.pt,568462028,fd4e63b9ec43696abfe6a0f13f86cda1c4a7b4785fc43bb1f3cd27eaa90c9187,MD_FINAL1640_v2 final checkpoint,839732196,17a77d5ad2822dbfb9ad4b1a8f9b414a7821b58f79b6b1247491d63b3398d09f,optimizer_state,retained tensors and metadata exactly equal after save/load
md_final1640_v2,FRPN_FP,S_q_peak,4,md_final1640_v2/FRPN_FP/S_q_peak/FRPN_FP__S_q_peak__fold4.pt,568462028,a281990583a91bbda84a83e69efc144acab55057681710cfe0371c5f205a2892,MD_FINAL1640_v2 final checkpoint,839732196,e0fbd99afb0341adbb607cbab077ba985373812dff76af73501a1fce508499a6,optimizer_state,retained tensors and metadata exactly equal after save/load
md_final1640_v2,FRPN_FP,nematic_order,0,md_final1640_v2/FRPN_FP/nematic_order/FRPN_FP__nematic_order__fold0.pt,568465713,b7ecd9148d52ddd57a5b23ed1925fef26c57ec7b0f5ac5956f8256447f80a10f,MD_FINAL1640_v2 final checkpoint,839732196,e9a6304049ef3058b7727fb40e6450f73583b6314c2f3bd057a47321c67a6f7d,optimizer_state,retained tensors and metadata exactly equal after save/load
md_final1640_v2,FRPN_FP,nematic_order,1,md_final1640_v2/FRPN_FP/nematic_order/FRPN_FP__nematic_order__fold1.pt,568465713,ca5a214248d5675c7856f48c449ec0d9ea37c66b9cb2b4713aa55bd0311a7c2d,MD_FINAL1640_v2 final checkpoint,839732196,1630b92ed8e99e64a72a1014652547a78fdd60d0a945fd54576d7112f8644ffa,optimizer_state,retained tensors and metadata exactly equal after save/load
md_final1640_v2,FRPN_FP,nematic_order,2,md_final1640_v2/FRPN_FP/nematic_order/FRPN_FP__nematic_order__fold2.pt,568465713,bcedbb8d46fd4fd8fa2591c5a5599ecd62090c4b06961aa2a877b2404475e98c,MD_FINAL1640_v2 final checkpoint,839732196,c2f6224bd03b59754c0e2fd133eea9ce7d5992e4caef9e903e6676eb58b81812,optimizer_state,retained tensors and metadata exactly equal after save/load
md_final1640_v2,FRPN_FP,nematic_order,3,md_final1640_v2/FRPN_FP/nematic_order/FRPN_FP__nematic_order__fold3.pt,568465713,49f4aa0cfb31d01099b7080f67a4bd2b80125fd0805414b8b7095c868a36b592,MD_FINAL1640_v2 final checkpoint,839732196,f81fb8f97128cdd839c82866ae0d2fbd48033af1b18711cea1e3aae9b89dab14,optimizer_state,retained tensors and metadata exactly equal after save/load
md_final1640_v2,FRPN_FP,nematic_order,4,md_final1640_v2/FRPN_FP/nematic_order/FRPN_FP__nematic_order__fold4.pt,568465713,8ecad2e49ddbc751bf2eba373925c25368a7b3a5a7159f0057f3156da6d30b57,MD_FINAL1640_v2 final checkpoint,839732196,c4bf0ec2c266a048ecf226fc7354fc59140fde41f5242936f2da3bb45af76c0c,optimizer_state,retained tensors and metadata exactly equal after save/load
md_final1640_v2,FRPN_FP,dielectric_constant,0,md_final1640_v2/FRPN_FP/dielectric_constant/FRPN_FP__dielectric_constant__fold0.pt,568470135,95a1345650c7a1784a4c1e6e65b7d155a02d713758c9b10fe92b8bf34929d96c,MD_FINAL1640_v2 final checkpoint,839732196,c83b0fbcb7edbc3b9f07b1e2e97f3e6b045b95123ebeb74a5e6c9ed3b26dd3df,optimizer_state,retained tensors and metadata exactly equal after save/load
md_final1640_v2,FRPN_FP,dielectric_constant,1,md_final1640_v2/FRPN_FP/dielectric_constant/FRPN_FP__dielectric_constant__fold1.pt,568470135,8b360ad864a669e598dfe533affa37a41226d4ccffdba01eafdfe9f01df126a6,MD_FINAL1640_v2 final checkpoint,839732196,689e701708fb725af2ba6cefdbca18a24937877c45f941c03d291567b29b1e2e,optimizer_state,retained tensors and metadata exactly equal after save/load
md_final1640_v2,FRPN_FP,dielectric_constant,2,md_final1640_v2/FRPN_FP/dielectric_constant/FRPN_FP__dielectric_constant__fold2.pt,568470135,15f8f3760b38d3de184956e358fa21e25b925cf62ba2d70130c6c9a6ee60f9df,MD_FINAL1640_v2 final checkpoint,839732196,790c63392028662ed98b95b2ccf54cc86bbd71fed160b2ffd9c765d015311181,optimizer_state,retained tensors and metadata exactly equal after save/load
md_final1640_v2,FRPN_FP,dielectric_constant,3,md_final1640_v2/FRPN_FP/dielectric_constant/FRPN_FP__dielectric_constant__fold3.pt,568470135,caf1fd3b16dc9442b789e931a992486c3378d60ef64f923c1d805037d528ac25,MD_FINAL1640_v2 final checkpoint,839732196,0122325ebc2e3504e0fa6e3226f129f9c6567763cea0015cd6e18038f2771eb5,optimizer_state,retained tensors and metadata exactly equal after save/load
md_final1640_v2,FRPN_FP,dielectric_constant,4,md_final1640_v2/FRPN_FP/dielectric_constant/FRPN_FP__dielectric_constant__fold4.pt,568470135,46efbf9966a73d39e561181a8aa120241774102fce32851d3d4d907fa712226a,MD_FINAL1640_v2 final checkpoint,839732196,b470a4063afaf75bbf7a111c61f21de38c9b8b695d49b654c76e40340828c54e,optimizer_state,retained tensors and metadata exactly equal after save/load
md_final1640_v2,FRPN_FP,refractive_index,0,md_final1640_v2/FRPN_FP/refractive_index/FRPN_FP__refractive_index__fold0.pt,568467924,5520d2522dc129cd1100a46f856639cefb51620e9ff2b03c8c0e1fb7a33c04a7,MD_FINAL1640_v2 final checkpoint,839732196,15280728595d46bc5bc87f1fc87e359850412aef4c1e9f9e8cffb984210638de,optimizer_state,retained tensors and metadata exactly equal after save/load
md_final1640_v2,FRPN_FP,refractive_index,1,md_final1640_v2/FRPN_FP/refractive_index/FRPN_FP__refractive_index__fold1.pt,568467924,7b578b3a7ed0d25956a3b3c26e87ff9a47275320c9791f9cc01169000e2223b6,MD_FINAL1640_v2 final checkpoint,839732196,2ed0c6e330ab9c6fd71e8a45ef59e57f94f1ab2933dfdac176db9f18239391f7,optimizer_state,retained tensors and metadata exactly equal after save/load
md_final1640_v2,FRPN_FP,refractive_index,2,md_final1640_v2/FRPN_FP/refractive_index/FRPN_FP__refractive_index__fold2.pt,568467924,d5c1ce25765af05d01ca9ec81c554a6c95dd6e74852d38657f7965c2514bd4a6,MD_FINAL1640_v2 final checkpoint,839732196,d0393e88984063f00957b41f482197b0a943bc688c87a80f9d30070fe57de776,optimizer_state,retained tensors and metadata exactly equal after save/load
md_final1640_v2,FRPN_FP,refractive_index,3,md_final1640_v2/FRPN_FP/refractive_index/FRPN_FP__refractive_index__fold3.pt,568467924,33d950dde297ff9da6726373ae6abc3b649686ff6aa726f6e67e33de98548d26,MD_FINAL1640_v2 final checkpoint,839732196,9e5b589754f3e06d1554e00f49b97d3d0f6e2e5e7b13b6849e8c30acb5e63695,optimizer_state,retained tensors and metadata exactly equal after save/load
md_final1640_v2,FRPN_FP,refractive_index,4,md_final1640_v2/FRPN_FP/refractive_index/FRPN_FP__refractive_index__fold4.pt,568467924,aea974dad7f17313a7f2414c11d7c86da26a2d5f8345144ed770f601c2fc06eb,MD_FINAL1640_v2 final checkpoint,839732196,ffa6bd7d91c10d5c9fbc1d3c443bb6708997c10da50a53a5445787f5462a8f65,optimizer_state,retained tensors and metadata exactly equal after save/load
md_final1640_v2,Stage2_Only,density,0,md_final1640_v2/Stage2_Only/density/Stage2_Only__density__fold0.pt,568169327,ba9e77c08b8aac85d272151dc00e89f0fb07fed994c49424e8b5db6678085f7a,MD_FINAL1640_v2 final checkpoint,945000850,7a320b7cbca0667dc052e005bee61244b92f8f15dc02fb324426008078dfe16f,optimizer_state,retained tensors and metadata exactly equal after save/load
md_final1640_v2,Stage2_Only,density,1,md_final1640_v2/Stage2_Only/density/Stage2_Only__density__fold1.pt,568169327,18cb0dc42f53006003b75d32aae860ae6016628fe23f84bf5ef5fa1a42492c37,MD_FINAL1640_v2 final checkpoint,945000850,a04d3c6aac551f5f5bedbd11d62f4b16162af131c07db7d70daa2262727acd5f,optimizer_state,retained tensors and metadata exactly equal after save/load
md_final1640_v2,Stage2_Only,density,2,md_final1640_v2/Stage2_Only/density/Stage2_Only__density__fold2.pt,568169327,87b9fc1568fe7664be389d994cf608387598033890b40a129ed2dcf5fe884c18,MD_FINAL1640_v2 final checkpoint,945000850,fe3096c6e4a3ca4a5099f21d235ed008f2e905bd65bae7829332d70459d86d2e,optimizer_state,retained tensors and metadata exactly equal after save/load
md_final1640_v2,Stage2_Only,density,3,md_final1640_v2/Stage2_Only/density/Stage2_Only__density__fold3.pt,568169327,3aee519c19bc7669eb84b245dbf01afb54470189c67e69c1bd3e795c6e13d125,MD_FINAL1640_v2 final checkpoint,945000850,c91d7133ae9af3b5c6e27849fd0325663be891bd798108c53f900b1521f8d1ab,optimizer_state,retained tensors and metadata exactly equal after save/load
md_final1640_v2,Stage2_Only,density,4,md_final1640_v2/Stage2_Only/density/Stage2_Only__density__fold4.pt,568169327,8bfac53cbc32a0ad6a575ff038d16ecdb3a7edb8f0d2825757b7a45f061e1030,MD_FINAL1640_v2 final checkpoint,945000850,9b73d377e797d9ec29f072c75d0334035cb0d26ff92b7446ea7b81207f71e4c9,optimizer_state,retained tensors and metadata exactly equal after save/load
md_final1640_v2,Stage2_Only,Rg,0,md_final1640_v2/Stage2_Only/Rg/Stage2_Only__Rg__fold0.pt,568165578,36bd168ed8bdcc6f09489b0534ad18c8c88edfa9c8d3fc60371afe582b416fdd,MD_FINAL1640_v2 final checkpoint,945000850,be99fb6a5aad84bdae506deaab8e6e2f6c532b894a5fd01f02c5eff175ce78b4,optimizer_state,retained tensors and metadata exactly equal after save/load
md_final1640_v2,Stage2_Only,Rg,1,md_final1640_v2/Stage2_Only/Rg/Stage2_Only__Rg__fold1.pt,568165578,dd6923a59cbeb457f7dc28d31b6f6008856bd3ff30fe58ebe2d9b29c84ac394c,MD_FINAL1640_v2 final checkpoint,945000850,607e6a3628144685d77b3b854f775fb51bb625f82864281e9d32821110eaa4b0,optimizer_state,retained tensors and metadata exactly equal after save/load
md_final1640_v2,Stage2_Only,Rg,2,md_final1640_v2/Stage2_Only/Rg/Stage2_Only__Rg__fold2.pt,568165578,11d37f8357e29dce355251d37b8d5886c06af463599dc79232530cfc5cef668d,MD_FINAL1640_v2 final checkpoint,945000850,d7ee261107a05f2879aef8d1866ce26deb374dfa1b729adace7641e0134d1919,optimizer_state,retained tensors and metadata exactly equal after save/load
md_final1640_v2,Stage2_Only,Rg,3,md_final1640_v2/Stage2_Only/Rg/Stage2_Only__Rg__fold3.pt,568165578,e425327d4a117a750dd4abf36e1fe70a7f9b264965586d3adc72c7eb58eb3cfe,MD_FINAL1640_v2 final checkpoint,945000850,b4fc50afe1447dbedc8b27703f84d3abc6b9f29506f14a14770ae05e2daa66af,optimizer_state,retained tensors and metadata exactly equal after save/load
md_final1640_v2,Stage2_Only,Rg,4,md_final1640_v2/Stage2_Only/Rg/Stage2_Only__Rg__fold4.pt,568165578,78c96f856fedf4d0c81a1d813534965d9cbcf404e6f8c122a89cd66a51a467f1,MD_FINAL1640_v2 final checkpoint,945000850,2a16601b1b034d38e420a00536302dfdd76abed69f03124011868fab2bc3b66a,optimizer_state,retained tensors and metadata exactly equal after save/load
md_final1640_v2,Stage2_Only,D,0,md_final1640_v2/Stage2_Only/D/Stage2_Only__D__fold0.pt,568164841,c9dc182c5418b730d43e56115929ee600683da2fd159d13328286eb9ffea0abb,MD_FINAL1640_v2 final checkpoint,945000850,89c85bf37197f4352cc05f6a751ae8b90b89c5c9e73a536bf02e904989ee915d,optimizer_state,retained tensors and metadata exactly equal after save/load
md_final1640_v2,Stage2_Only,D,1,md_final1640_v2/Stage2_Only/D/Stage2_Only__D__fold1.pt,568164841,770a2b13a568c30441cbe10fc8a83155f5fc0881df8518ed9ab2b09dfc54dfdc,MD_FINAL1640_v2 final checkpoint,945000850,fc2502aa3b46926371de37084775ee50cd182793a4685da38983a7a7dd65b210,optimizer_state,retained tensors and metadata exactly equal after save/load
md_final1640_v2,Stage2_Only,D,2,md_final1640_v2/Stage2_Only/D/Stage2_Only__D__fold2.pt,568164841,8ce4aaf09cf1faac375e8dca13674158a2c651afce7fe0df4b16d6ad76138681,MD_FINAL1640_v2 final checkpoint,945000850,c9d93625d89027ea415a4f72c6b57c755472cd7c27c3ece575d716585264012b,optimizer_state,retained tensors and metadata exactly equal after save/load
md_final1640_v2,Stage2_Only,D,3,md_final1640_v2/Stage2_Only/D/Stage2_Only__D__fold3.pt,568164841,6da3b24000548f94d3cc0ea69167be47d49a388cc49aaea26694d5698bfdad4d,MD_FINAL1640_v2 final checkpoint,945000850,852e1a5d1695436a4bfd032583535ce5dff1b3595f68a4b23017acf4605523ce,optimizer_state,retained tensors and metadata exactly equal after save/load
md_final1640_v2,Stage2_Only,D,4,md_final1640_v2/Stage2_Only/D/Stage2_Only__D__fold4.pt,568164841,dea126e0c4cf239ccc55ae3856073426082bb4bc090d1521f769bd4587588a1f,MD_FINAL1640_v2 final checkpoint,945000850,639e1e255f06b011f3d0e395ae7dbade15a26b6de68a17811eaf6af5a46949b3,optimizer_state,retained tensors and metadata exactly equal after save/load
md_final1640_v2,Stage2_Only,S_q_peak,0,md_final1640_v2/Stage2_Only/S_q_peak/Stage2_Only__S_q_peak__fold0.pt,568170064,f221f26cf1f22800351682b04a7502ee15079d8307e87b2e3dd45fe695beb783,MD_FINAL1640_v2 final checkpoint,945000850,d9800a28bfd06eda468f98af371b3dcc92d47ea1e87c1251adae57840cfa3ff0,optimizer_state,retained tensors and metadata exactly equal after save/load
md_final1640_v2,Stage2_Only,S_q_peak,1,md_final1640_v2/Stage2_Only/S_q_peak/Stage2_Only__S_q_peak__fold1.pt,568170064,51fb6375dbacb8216786c285e16387143076ca8ef22bbace0670e34ee8ffe425,MD_FINAL1640_v2 final checkpoint,945000850,63d3526577837e762854ccb31fe176c7dabd1df60534c79bab910e45cb291c5f,optimizer_state,retained tensors and metadata exactly equal after save/load
md_final1640_v2,Stage2_Only,S_q_peak,2,md_final1640_v2/Stage2_Only/S_q_peak/Stage2_Only__S_q_peak__fold2.pt,568170064,b7c877e56bb4ea77dd9b2455707b0610a25496ef2d5ea0d024e816ffa5cce65f,MD_FINAL1640_v2 final checkpoint,945000850,562a7b1f9423a7c884adf4bb7ae3c33d3daba01a327b57f4b19a058c913d5689,optimizer_state,retained tensors and metadata exactly equal after save/load
md_final1640_v2,Stage2_Only,S_q_peak,3,md_final1640_v2/Stage2_Only/S_q_peak/Stage2_Only__S_q_peak__fold3.pt,568170064,b9eac7090931a1151b7d12a18fbccf78ce6db342ba2d6ecb35e92e914f0767e7,MD_FINAL1640_v2 final checkpoint,945000850,66b6ae1eabbb0cc0a8cd2660078cf81d690d12ba869dbfe268660c74c00a432e,optimizer_state,retained tensors and metadata exactly equal after save/load
md_final1640_v2,Stage2_Only,S_q_peak,4,md_final1640_v2/Stage2_Only/S_q_peak/Stage2_Only__S_q_peak__fold4.pt,568170064,d9a11f593fae7c381566d7503a7faa99ff51376202f158f109068ace6d5cc4f7,MD_FINAL1640_v2 final checkpoint,945000850,d89da71465729cee7a44efb9ee4cf15bda2f15d1cfd0767494654e45d40c0001,optimizer_state,retained tensors and metadata exactly equal after save/load
md_final1640_v2,Stage2_Only,nematic_order,0,md_final1640_v2/Stage2_Only/nematic_order/Stage2_Only__nematic_order__fold0.pt,568173749,4071f0225cbd6ccbf387b9178c36e2378d6e2c19383b9eba0ba23d3766a0227a,MD_FINAL1640_v2 final checkpoint,945000850,4181cf4e1fb058a7c102e139e9c09b8854d1909b7da19cfafee79add19bd2a6d,optimizer_state,retained tensors and metadata exactly equal after save/load
md_final1640_v2,Stage2_Only,nematic_order,1,md_final1640_v2/Stage2_Only/nematic_order/Stage2_Only__nematic_order__fold1.pt,568173749,003df604b8e991aa7bbfc41445223d493e0d53888481901a62ad99870e038c40,MD_FINAL1640_v2 final checkpoint,945000850,e30a6f35c748cfd2a15ae21cf0807243146b5509ec8a67a0685ba4d26a9dfd9e,optimizer_state,retained tensors and metadata exactly equal after save/load
md_final1640_v2,Stage2_Only,nematic_order,2,md_final1640_v2/Stage2_Only/nematic_order/Stage2_Only__nematic_order__fold2.pt,568173749,c383f5509983ec609c85540e25850d32071f3d1addee73bc71ddfb1f630feb69,MD_FINAL1640_v2 final checkpoint,945000850,974b3dd23c8fd7649fe0b5c563909063f93848a20de25b9cebd911b580912c60,optimizer_state,retained tensors and metadata exactly equal after save/load
md_final1640_v2,Stage2_Only,nematic_order,3,md_final1640_v2/Stage2_Only/nematic_order/Stage2_Only__nematic_order__fold3.pt,568173749,87cd88cea60ec450888c591cd9077b86c022bf4f24f703c287b402d3db1d5942,MD_FINAL1640_v2 final checkpoint,945000850,8f382026a3ab0961b60d91374f601cf5aec53588ea9f3952ed2ffe0f5f55740b,optimizer_state,retained tensors and metadata exactly equal after save/load
md_final1640_v2,Stage2_Only,nematic_order,4,md_final1640_v2/Stage2_Only/nematic_order/Stage2_Only__nematic_order__fold4.pt,568173749,a80668935e461c620972a0fa20df4f299ad16790f4c85ccedf005a6675fba6b1,MD_FINAL1640_v2 final checkpoint,945000850,d36e43f6fc3e563b052b95db985a428e883c68f0d2b23f4a85714d4a16421dea,optimizer_state,retained tensors and metadata exactly equal after save/load
md_final1640_v2,Stage2_Only,dielectric_constant,0,md_final1640_v2/Stage2_Only/dielectric_constant/Stage2_Only__dielectric_constant__fold0.pt,568178171,80430032b93e19a68d84f5d0e2fd28a4b58b805f563699080a3899d82fd2ab60,MD_FINAL1640_v2 final checkpoint,945000914,eb2cead4e9664a316e4ad3761ca83a5f02cb13be9216da655085700f722af730,optimizer_state,retained tensors and metadata exactly equal after save/load
md_final1640_v2,Stage2_Only,dielectric_constant,1,md_final1640_v2/Stage2_Only/dielectric_constant/Stage2_Only__dielectric_constant__fold1.pt,568178171,71ab840d4e40e54537f90bfc5f012109f211877e5e2c05239abe402d61e4af2c,MD_FINAL1640_v2 final checkpoint,945000914,312bd80798d6ef6f0ac5b64f19e0600cbaac47f1454fb8ad034fc0280e4c55ea,optimizer_state,retained tensors and metadata exactly equal after save/load
md_final1640_v2,Stage2_Only,dielectric_constant,2,md_final1640_v2/Stage2_Only/dielectric_constant/Stage2_Only__dielectric_constant__fold2.pt,568178171,fb344efe812d74c97dc938a421a474cf354aaa2b1205de6a8e85f791af51d7c2,MD_FINAL1640_v2 final checkpoint,945000914,d5329cc989ff53392566491173071871ab866a4c43838ab9c99280352dd488de,optimizer_state,retained tensors and metadata exactly equal after save/load
md_final1640_v2,Stage2_Only,dielectric_constant,3,md_final1640_v2/Stage2_Only/dielectric_constant/Stage2_Only__dielectric_constant__fold3.pt,568178171,5fc0979593bd73c3be764ce202e9799a17ed8d656608bb4c5cf2f0c4e763839e,MD_FINAL1640_v2 final checkpoint,945000914,3c3be91fc3ece4fde643963d0e0d2b5fbb73cdbe020b9dc4721880ad916aff53,optimizer_state,retained tensors and metadata exactly equal after save/load
md_final1640_v2,Stage2_Only,dielectric_constant,4,md_final1640_v2/Stage2_Only/dielectric_constant/Stage2_Only__dielectric_constant__fold4.pt,568178171,3cb7e53696d0735b8ce33429fe6d86530727954034c038f5e31f5b5ab8b46571,MD_FINAL1640_v2 final checkpoint,945000914,ea90dcad2380018c78c1b00c17a8a0fa3541e49aa16b5704d64a6af218f416a3,optimizer_state,retained tensors and metadata exactly equal after save/load
md_final1640_v2,Stage2_Only,refractive_index,0,md_final1640_v2/Stage2_Only/refractive_index/Stage2_Only__refractive_index__fold0.pt,568175960,c3c84293c103e7a8d4aada42257147363f73b1643f3c03733e63e304abbc083b,MD_FINAL1640_v2 final checkpoint,945000850,ce7610e9250dbfd7ac13d234b8eb534a52fe70d9cfc73f10e54db029d166fc46,optimizer_state,retained tensors and metadata exactly equal after save/load
md_final1640_v2,Stage2_Only,refractive_index,1,md_final1640_v2/Stage2_Only/refractive_index/Stage2_Only__refractive_index__fold1.pt,568175960,0864011284c16d734093394a2b3d4eb82c9eabf5abc48d538a66a4691a494f18,MD_FINAL1640_v2 final checkpoint,945000850,89025816955a46012c1e9c2ffff03240cf595994fc34aaa9f9f4ff65369923e1,optimizer_state,retained tensors and metadata exactly equal after save/load
md_final1640_v2,Stage2_Only,refractive_index,2,md_final1640_v2/Stage2_Only/refractive_index/Stage2_Only__refractive_index__fold2.pt,568175960,d9ccc29a2b553fdcc942b607866c98d04a0fb0a0e11e645185ad5f690620361f,MD_FINAL1640_v2 final checkpoint,945000850,af35bcd13ce5c971b4dc9f4ca94fb03f391c4a2e0d897c3864c81c1b7523ad48,optimizer_state,retained tensors and metadata exactly equal after save/load
md_final1640_v2,Stage2_Only,refractive_index,3,md_final1640_v2/Stage2_Only/refractive_index/Stage2_Only__refractive_index__fold3.pt,568175960,db12a605bb7b7d545842bc3f52d8c84e828458e73818a634ca18469ab421a87f,MD_FINAL1640_v2 final checkpoint,945000850,a6d5b548a508cf2b1f87766822ea12fa9fbd38a23fe86785237db1387de84a9b,optimizer_state,retained tensors and metadata exactly equal after save/load
md_final1640_v2,Stage2_Only,refractive_index,4,md_final1640_v2/Stage2_Only/refractive_index/Stage2_Only__refractive_index__fold4.pt,568175960,a8168961f096833313c97782da6e3c706b3f573c871c59ae8524596db3d98f6c,MD_FINAL1640_v2 final checkpoint,945000850,9bba78c294a899bceb3656733db35d11d1008bd9767d028354770c21d5d95158,optimizer_state,retained tensors and metadata exactly equal after save/load
md_final1640_v2,Uni_Macro,density,0,md_final1640_v2/Uni_Macro/density/Uni_Macro__density__fold0.pt,568167853,e8b7b9898b450b09b11d62d0e86fb0e62c85c56251edc3ca7505d17efe2c4fb5,MD_FINAL1640_v2 final checkpoint,1022956766,209a42e3944a50e9ef27eaf5bf5edd5a57abc4cba896c1b6f29d9294f46d545f,optimizer_state,retained tensors and metadata exactly equal after save/load
md_final1640_v2,Uni_Macro,density,1,md_final1640_v2/Uni_Macro/density/Uni_Macro__density__fold1.pt,568167853,8295cb98124996fd0e3dedbc265cbda788ec883d3bef2c1cb3d27589da822b08,MD_FINAL1640_v2 final checkpoint,1022956766,edf1bd3fab15ffa607d671bcf393738ef3d171599a262ac4904991610e8fb185,optimizer_state,retained tensors and metadata exactly equal after save/load
md_final1640_v2,Uni_Macro,density,2,md_final1640_v2/Uni_Macro/density/Uni_Macro__density__fold2.pt,568167853,e493bcc7f6a045bd30fae4905ded063b2c8dd53384cc55db2eaf7a6b22c21e72,MD_FINAL1640_v2 final checkpoint,1022956766,a4eee07de2871bc9898d2528d7a60a1fc95c62d6f3b5008b79ea6227924deba1,optimizer_state,retained tensors and metadata exactly equal after save/load
md_final1640_v2,Uni_Macro,density,3,md_final1640_v2/Uni_Macro/density/Uni_Macro__density__fold3.pt,568167853,8b82e060c02a378f9c5dbd30c05309f3d75035fbcca1242a5c9b774a9695f403,MD_FINAL1640_v2 final checkpoint,1022956766,4a768307e10651c27338d189b7d36cd7106a7062f17e3e80df2a98fae43e7610,optimizer_state,retained tensors and metadata exactly equal after save/load
md_final1640_v2,Uni_Macro,density,4,md_final1640_v2/Uni_Macro/density/Uni_Macro__density__fold4.pt,568167853,f9e584dfd060b9769bb923a46e08b48c8032e22f0b493a8840eab63f2dce2952,MD_FINAL1640_v2 final checkpoint,1022956766,872c081cabb08adc1ccce8b7b1e0264e16ed1bd2ee2af748d7da7e6aa7bb5d62,optimizer_state,retained tensors and metadata exactly equal after save/load
md_final1640_v2,Uni_Macro,Rg,0,md_final1640_v2/Uni_Macro/Rg/Uni_Macro__Rg__fold0.pt,568164040,d1ad8c19d9ed1369279496abf48e79b865a416f86dee5831e7f3a426e938eb97,MD_FINAL1640_v2 final checkpoint,1022956766,ed8b1bf201c8b625cf38e6c978b69ab031fd5fcc154cfecf031b44818cc0f074,optimizer_state,retained tensors and metadata exactly equal after save/load
md_final1640_v2,Uni_Macro,Rg,1,md_final1640_v2/Uni_Macro/Rg/Uni_Macro__Rg__fold1.pt,568164040,18027c8eedafa1419a630f182f9e1bc49e5840805c31884de085b8d7b6d5cf12,MD_FINAL1640_v2 final checkpoint,1022956766,94734274d71a0331e91cf16d5f8b4912ae0d40cea69a54b7d0dd49d7dc9ab64c,optimizer_state,retained tensors and metadata exactly equal after save/load
md_final1640_v2,Uni_Macro,Rg,2,md_final1640_v2/Uni_Macro/Rg/Uni_Macro__Rg__fold2.pt,568164040,ba45c64e83b63f25aa4bc825033325b5a6a86ac5236f9a05cde04855bfa12f55,MD_FINAL1640_v2 final checkpoint,1022956766,7acf82e8b53fd26e88c58e821ceabd0ab1fa077b764a342c73b5ca84b2b45630,optimizer_state,retained tensors and metadata exactly equal after save/load
md_final1640_v2,Uni_Macro,Rg,3,md_final1640_v2/Uni_Macro/Rg/Uni_Macro__Rg__fold3.pt,568164040,dd9a7385d8e3c0b26a9d2ed5904adff4d442d748d39e3595eeda0b055f618eb5,MD_FINAL1640_v2 final checkpoint,1022956766,0ca2121b5384a03e681e0c03b860f4093412a0428bdc4f2fa2c206732bd11b77,optimizer_state,retained tensors and metadata exactly equal after save/load
md_final1640_v2,Uni_Macro,Rg,4,md_final1640_v2/Uni_Macro/Rg/Uni_Macro__Rg__fold4.pt,568164040,2189ad075398ce2a637a821301afa34c270f5441c4f0016268157a9df205eeaf,MD_FINAL1640_v2 final checkpoint,1022956766,7e659fcb337f2bd17cc23e5435668bb487b72f27204f7bd51b6c44e12c31f695,optimizer_state,retained tensors and metadata exactly equal after save/load
md_final1640_v2,Uni_Macro,D,0,md_final1640_v2/Uni_Macro/D/Uni_Macro__D__fold0.pt,568163239,61e7582b4b2bc6d1a360ad149ae9d8451c71ed73c1f38d6eca20746442a3d994,MD_FINAL1640_v2 final checkpoint,1022956766,b66227bfe0af5370e13b045eff6c22a344eae035eb4d47e45ff5b9c37a5eed8d,optimizer_state,retained tensors and metadata exactly equal after save/load
md_final1640_v2,Uni_Macro,D,1,md_final1640_v2/Uni_Macro/D/Uni_Macro__D__fold1.pt,568163239,3c8dad0b4708024498f1fb91b387c505a30743b0b62463c4e23120cf53482f6e,MD_FINAL1640_v2 final checkpoint,1022956766,9c6ec41677cd14c519dcf11b45878faf9d596ed6d8ea2e343b15730312b2a881,optimizer_state,retained tensors and metadata exactly equal after save/load
md_final1640_v2,Uni_Macro,D,2,md_final1640_v2/Uni_Macro/D/Uni_Macro__D__fold2.pt,568163239,4f8c4809598d0cbaf51fd4b548ee835f0a39cd27435ce24116d58422aa2f05fa,MD_FINAL1640_v2 final checkpoint,1022956766,e556204d34782c6e6ddb26168c362c5de72faacbc300c27559f7fd16c6da9017,optimizer_state,retained tensors and metadata exactly equal after save/load
md_final1640_v2,Uni_Macro,D,3,md_final1640_v2/Uni_Macro/D/Uni_Macro__D__fold3.pt,568163239,3900f3e409c00b0843b7f8bcf3bf904176bccb3c148b7f9e3df05b947514d488,MD_FINAL1640_v2 final checkpoint,1022956766,ea8fb7eb542afc0d05090514d4a87d566e72d338f691230613bfa97c773b8295,optimizer_state,retained tensors and metadata exactly equal after save/load
md_final1640_v2,Uni_Macro,D,4,md_final1640_v2/Uni_Macro/D/Uni_Macro__D__fold4.pt,568163239,f416d039ee4925914856d182b91a0765a30bc976c37a4ae70289e6897deaa54f,MD_FINAL1640_v2 final checkpoint,1022956766,f4a39e58869cded05ca4e8eb00650fb37e86e21b7a123fb91dacc1d9192c8d01,optimizer_state,retained tensors and metadata exactly equal after save/load
md_final1640_v2,Uni_Macro,S_q_peak,0,md_final1640_v2/Uni_Macro/S_q_peak/Uni_Macro__S_q_peak__fold0.pt,568168590,0437b4b58fa7118235adaa6eed7a2bb15a74b20c82dad174e8e0b97632b1dde2,MD_FINAL1640_v2 final checkpoint,1022956766,79e5176c212b35a036c39b87b26f7e09541d6913935c65a739d4dabf481000da,optimizer_state,retained tensors and metadata exactly equal after save/load
md_final1640_v2,Uni_Macro,S_q_peak,1,md_final1640_v2/Uni_Macro/S_q_peak/Uni_Macro__S_q_peak__fold1.pt,568168590,f20f69ec1b15b6c24e19fcc6db48c66d3969ef4305cdc2d9bf9d437de4ee27ba,MD_FINAL1640_v2 final checkpoint,1022956766,28b167d08859b221cfe2129cce8a5059bc92e86c2c223cee060df073dd00ae3a,optimizer_state,retained tensors and metadata exactly equal after save/load
md_final1640_v2,Uni_Macro,S_q_peak,2,md_final1640_v2/Uni_Macro/S_q_peak/Uni_Macro__S_q_peak__fold2.pt,568168590,ba1077aa96dd78d41cf33e7174f5492a868791a9bac300a0b10feda8793f6022,MD_FINAL1640_v2 final checkpoint,1022956766,169244f1cd93d050fec0eae18dada2ed443d33b8dd21ab2cca1bf1ba5b3418e9,optimizer_state,retained tensors and metadata exactly equal after save/load
md_final1640_v2,Uni_Macro,S_q_peak,3,md_final1640_v2/Uni_Macro/S_q_peak/Uni_Macro__S_q_peak__fold3.pt,568168590,d00050e893fe60019c1f4011b525db17e79a59af2ba2837b9f907153e8a9a58e,MD_FINAL1640_v2 final checkpoint,1022956766,c982cdaea1b27ccd4b6ca80404b5de9e54ac4f8d38fab8492a6ab25ed53bad5b,optimizer_state,retained tensors and metadata exactly equal after save/load
md_final1640_v2,Uni_Macro,S_q_peak,4,md_final1640_v2/Uni_Macro/S_q_peak/Uni_Macro__S_q_peak__fold4.pt,568168590,9aa2214b25fbee4d22e2310fa653ec2292c5ba0bbf44ceefad265eb421a1e0aa,MD_FINAL1640_v2 final checkpoint,1022956766,e87a905b567bf3b64f2b0e6b6587adb3090b0c89ad7d4c9a8c87b5e54b85f0e4,optimizer_state,retained tensors and metadata exactly equal after save/load
md_final1640_v2,Uni_Macro,nematic_order,0,md_final1640_v2/Uni_Macro/nematic_order/Uni_Macro__nematic_order__fold0.pt,568172275,008d26bf0124fc4fbb811c3b9ff1a538f8f08b98e76080120ab37647b9423a6e,MD_FINAL1640_v2 final checkpoint,1022956766,540b9e1ebf3d46aeaba7db5c08f6d2fdcf8a561027941f9aa9fde85474fd0971,optimizer_state,retained tensors and metadata exactly equal after save/load
md_final1640_v2,Uni_Macro,nematic_order,1,md_final1640_v2/Uni_Macro/nematic_order/Uni_Macro__nematic_order__fold1.pt,568172275,4a9b0b207153f4be74ea671c2705f3409f4cad30aec65abeed2a19efe7361b53,MD_FINAL1640_v2 final checkpoint,1022956766,deb5c5894fbe586a3d0649794f34124426e8916191576b4e5a833b70af678278,optimizer_state,retained tensors and metadata exactly equal after save/load
md_final1640_v2,Uni_Macro,nematic_order,2,md_final1640_v2/Uni_Macro/nematic_order/Uni_Macro__nematic_order__fold2.pt,568172275,e65bb277e5ecf4e172884178245637e484385b15bc37696c4b667facb716069d,MD_FINAL1640_v2 final checkpoint,1022956766,c56b748418f668149df31f60aa9f22281558908cf3739c4ee78235b0fdd9efc9,optimizer_state,retained tensors and metadata exactly equal after save/load
md_final1640_v2,Uni_Macro,nematic_order,3,md_final1640_v2/Uni_Macro/nematic_order/Uni_Macro__nematic_order__fold3.pt,568172275,514b6d9f662a7f6d1915ac1da12978fdf223917e7875d9ae57668690f1fd9352,MD_FINAL1640_v2 final checkpoint,1022956766,68d71c59e90330681fa448954f717311f70e2818e2461b735f079d97076119f7,optimizer_state,retained tensors and metadata exactly equal after save/load
md_final1640_v2,Uni_Macro,nematic_order,4,md_final1640_v2/Uni_Macro/nematic_order/Uni_Macro__nematic_order__fold4.pt,568172275,87424b3025243f5a93bd8bb89a2dcc5afa24659269afa600f3eea33319d1a265,MD_FINAL1640_v2 final checkpoint,1022956766,60b7975d82032853e608c1343d5dd40190ae9a30ecc27f4ebae08ff06026cca2,optimizer_state,retained tensors and metadata exactly equal after save/load
md_final1640_v2,Uni_Macro,dielectric_constant,0,md_final1640_v2/Uni_Macro/dielectric_constant/Uni_Macro__dielectric_constant__fold0.pt,568176697,083f3ee26f057ec8a2a58554b1a623607702eccd88a76e62f2ff16837f5916b9,MD_FINAL1640_v2 final checkpoint,1022956766,87478d458e9f17b2dd3686e0d84abe017d5f5bb709c16a45ea847322632e3b23,optimizer_state,retained tensors and metadata exactly equal after save/load
md_final1640_v2,Uni_Macro,dielectric_constant,1,md_final1640_v2/Uni_Macro/dielectric_constant/Uni_Macro__dielectric_constant__fold1.pt,568176697,2315054ebdb4c47b84d27bbfb171d2a001008887881bf330d116fbc5cff4fcbe,MD_FINAL1640_v2 final checkpoint,1022956766,4514d6865e10d5e07765a34edaaf2ca00ef1ba56369759f1d66bfebeaccd6de8,optimizer_state,retained tensors and metadata exactly equal after save/load
md_final1640_v2,Uni_Macro,dielectric_constant,2,md_final1640_v2/Uni_Macro/dielectric_constant/Uni_Macro__dielectric_constant__fold2.pt,568176697,1790c8ddf430dbd8320dd969965ef68a3a85b5b0159ffbb87b02071c4b208898,MD_FINAL1640_v2 final checkpoint,1022956766,288dec410d193776e336d82c0ef382af6deda5e7862c9eda6510ced2f6ca1e0b,optimizer_state,retained tensors and metadata exactly equal after save/load
md_final1640_v2,Uni_Macro,dielectric_constant,3,md_final1640_v2/Uni_Macro/dielectric_constant/Uni_Macro__dielectric_constant__fold3.pt,568176697,3a83ca64c6d199d0033d603ab5d935e97549fb23e694fda8540cc2cbe456a31a,MD_FINAL1640_v2 final checkpoint,1022956766,cc11ffaf57c7d17922cbe2ff002c44d042c00c21c55f6d12b5fc5ac69e607c1d,optimizer_state,retained tensors and metadata exactly equal after save/load
md_final1640_v2,Uni_Macro,dielectric_constant,4,md_final1640_v2/Uni_Macro/dielectric_constant/Uni_Macro__dielectric_constant__fold4.pt,568176697,bc4f674823aa7e86f4df099d4e84a50afbddeb4ac58c37ce4fd87e5a285f73d3,MD_FINAL1640_v2 final checkpoint,1022956766,36db37fdf8d2061c1c6adc528f8bb38d811eba9e88aa9d3f3c0363ed48463035,optimizer_state,retained tensors and metadata exactly equal after save/load
md_final1640_v2,Uni_Macro,refractive_index,0,md_final1640_v2/Uni_Macro/refractive_index/Uni_Macro__refractive_index__fold0.pt,568174486,e9c21d6c6b790223a599fcd78431c1b8a27a91b6493a772146468435abd68888,MD_FINAL1640_v2 final checkpoint,1022956766,bd7706da7087f17362130172c2442fc8f75786ac2ebc504a1cc1afd527e9409a,optimizer_state,retained tensors and metadata exactly equal after save/load
md_final1640_v2,Uni_Macro,refractive_index,1,md_final1640_v2/Uni_Macro/refractive_index/Uni_Macro__refractive_index__fold1.pt,568174486,dfc4a5e34e0daee2347446880c01ff862fe0aabd064528d07babd96f999828dc,MD_FINAL1640_v2 final checkpoint,1022956766,c0fc4404484aaa811d1379abdc5d5e4399259effb54109d45c2ee24cb4dd2aaa,optimizer_state,retained tensors and metadata exactly equal after save/load
md_final1640_v2,Uni_Macro,refractive_index,2,md_final1640_v2/Uni_Macro/refractive_index/Uni_Macro__refractive_index__fold2.pt,568174486,f68209d3a878d986835dfd295a1cda7c503ce1352dca9b79ec14591b98a2b31e,MD_FINAL1640_v2 final checkpoint,1022956766,95387166177905a58672a7bbfb739a0e79968ab2fdba971d843edc8d03d7845f,optimizer_state,retained tensors and metadata exactly equal after save/load
md_final1640_v2,Uni_Macro,refractive_index,3,md_final1640_v2/Uni_Macro/refractive_index/Uni_Macro__refractive_index__fold3.pt,568174486,5526f21aef0d210667a88d4b42513e5a7f9ce9d1aba44e397084b4173502f18e,MD_FINAL1640_v2 final checkpoint,1022956766,36741e701ee699a4caa28923620ca4e3d3a16f74dc28a50159fd995882fdeca6,optimizer_state,retained tensors and metadata exactly equal after save/load
md_final1640_v2,Uni_Macro,refractive_index,4,md_final1640_v2/Uni_Macro/refractive_index/Uni_Macro__refractive_index__fold4.pt,568174486,099574ad4de2af2bae60dc509242d391bd4310fec65186eb3669816898844adb,MD_FINAL1640_v2 final checkpoint,1022956766,c2be56e827d974e30d69bbf0a92032ac034106b7a2c391f59b678fe367f31291,optimizer_state,retained tensors and metadata exactly equal after save/load
homopolymer,frpn,density,0,homopolymer/frpn/density/frpn__density__fold0.pt,507759808,7af8b9aa66f8242c682826d5734d24fe3282852f4b07cba5612e89d7a5df9e8b,homopolymer mdstyle final checkpoint,1215675006,1b9112dd83f45cbdea47a7d22f02c593df07a814ada6efe41d4f0da3482333c9,optimizer_state,retained tensors and metadata exactly equal after save/load
homopolymer,frpn,density,1,homopolymer/frpn/density/frpn__density__fold1.pt,507759808,43d496adcb9c21a2598089f38785122ee22b1ed9cec837e0672b2750ab4f22ab,homopolymer mdstyle final checkpoint,1215675006,a5265bee23b6df9269cc05d0f99bd8aa349e82b36c953df9a4644c310293b561,optimizer_state,retained tensors and metadata exactly equal after save/load
homopolymer,frpn,density,2,homopolymer/frpn/density/frpn__density__fold2.pt,507759808,a23f138bcb325b0ef4ac164bc1b6135fc072ab1e19e0dee347ba2cb84e1013fd,homopolymer mdstyle final checkpoint,1215675006,765bbcb704072b2206fa6da404b5f1d95d6eca6219ce9b0985c2254d53a44a6e,optimizer_state,retained tensors and metadata exactly equal after save/load
homopolymer,frpn,density,3,homopolymer/frpn/density/frpn__density__fold3.pt,507759808,fbe198105319276856c2a4a577cad419714bddcd48f8476c67f37c8a94546223,homopolymer mdstyle final checkpoint,1215675006,8fe141bcb7ca894a40593ba42705fca2fda2565c594d5e2d846fbb25aae45b1d,optimizer_state,retained tensors and metadata exactly equal after save/load
homopolymer,frpn,density,4,homopolymer/frpn/density/frpn__density__fold4.pt,507759808,b84e180540a6e080f1ad5df0d6f75cc6c8a8031e4d38e5649fd95d383f5fa67f,homopolymer mdstyle final checkpoint,1215675006,9440414aae6fc01adb2218b9382bb0d3bc78033634ea2f35f98261522fd95c16,optimizer_state,retained tensors and metadata exactly equal after save/load
homopolymer,frpn,rg,0,homopolymer/frpn/rg/frpn__rg__fold0.pt,507755719,a0e9445b0f7c2998115afc62621b3e742eddc98babef9be465874597bd2ee3df,homopolymer mdstyle final checkpoint,1215674942,50e4c64dea35e309a97d8b95b730da7959800d939dbca0cfcb3988cb8b0c698d,optimizer_state,retained tensors and metadata exactly equal after save/load
homopolymer,frpn,rg,1,homopolymer/frpn/rg/frpn__rg__fold1.pt,507755719,a6e5aafb8b56ed2dae18889954593f62a666643ee4d0819a28c111d77b91597f,homopolymer mdstyle final checkpoint,1215674942,30cde7da9de29b620df4e40383bfd6d1d244ea846ee556ece5e9842e290541e2,optimizer_state,retained tensors and metadata exactly equal after save/load
homopolymer,frpn,rg,2,homopolymer/frpn/rg/frpn__rg__fold2.pt,507755719,12556ba59d461f439012b4ccdca8010676d47531cf0df8d4f58706f4fb0343d7,homopolymer mdstyle final checkpoint,1215674942,5559446a5229c4af68819a4e696ad68ccbff9c27ae169965b1f224183fe3c004,optimizer_state,retained tensors and metadata exactly equal after save/load
homopolymer,frpn,rg,3,homopolymer/frpn/rg/frpn__rg__fold3.pt,507755719,484d1ec267583545008b1fcf27428813805b1bf4fef726d0698ab30a7e0d8f4c,homopolymer mdstyle final checkpoint,1215674942,28a5bb1e487f965e91d5156e772e11a06f3768ad4ab68bfe43aa40f44a252183,optimizer_state,retained tensors and metadata exactly equal after save/load
homopolymer,frpn,rg,4,homopolymer/frpn/rg/frpn__rg__fold4.pt,507755719,470914dcf3a423a3cec264e52a81cc2e4b6d86ea4f4eb49e4179bb6b3cab7cf4,homopolymer mdstyle final checkpoint,1215674942,ec9d4597bd983f452ce5d5a74eaf2bdb6073b36379f71d009dee039a0e8e40ed,optimizer_state,retained tensors and metadata exactly equal after save/load
homopolymer,frpn,self_diffusion,0,homopolymer/frpn/self_diffusion/frpn__self_diffusion__fold0.pt,507764995,2cd812301e5b45b2392188ffb09fb73f0f377c0d72659d8cb39fb3b9132999b3,homopolymer mdstyle final checkpoint,1215675006,b138f768a2a0b4541dc74dd5f5d100720b4ed98c1ff22b04d8d011813f84d89a,optimizer_state,retained tensors and metadata exactly equal after save/load
homopolymer,frpn,self_diffusion,1,homopolymer/frpn/self_diffusion/frpn__self_diffusion__fold1.pt,507764995,8a0411627f0011b8b4357bd352433484056a541d3a59a26428290a6f19e0796e,homopolymer mdstyle final checkpoint,1215675006,6ffd5121d81f03d88073c79cec57e1899bd00c25373ba1efd4c2ca1b8b3fe1c1,optimizer_state,retained tensors and metadata exactly equal after save/load
homopolymer,frpn,self_diffusion,2,homopolymer/frpn/self_diffusion/frpn__self_diffusion__fold2.pt,507764995,9d56be5872c0c859ab9d8bed8ed5b0488e65c85c86e992a01137a92e95bb956b,homopolymer mdstyle final checkpoint,1215675006,51b18d3022587cf4bd9b22ac624db51f67b285a4c709ebf9ec1c515731f93804,optimizer_state,retained tensors and metadata exactly equal after save/load
homopolymer,frpn,self_diffusion,3,homopolymer/frpn/self_diffusion/frpn__self_diffusion__fold3.pt,507764995,d00ed4f8ffe7a52f84a747c867c025b251d20034a82321c4a00ea1c878d422f5,homopolymer mdstyle final checkpoint,1215675006,f7ef99188ea6c072bb7a9b7edefeddfaf2d068ff7130679e19765a6228d75d28,optimizer_state,retained tensors and metadata exactly equal after save/load
homopolymer,frpn,self_diffusion,4,homopolymer/frpn/self_diffusion/frpn__self_diffusion__fold4.pt,507764995,5718fc74fb21e9f1d6664ba9cab602c32dcb10d3b2ff19f9d0d71f01fc67697a,homopolymer mdstyle final checkpoint,1215675006,f02fbb4d20c3ea96db3d12aa555556a0eba169e6f014586c4a3ed4854a8a570a,optimizer_state,retained tensors and metadata exactly equal after save/load
homopolymer,frpn,cp,0,homopolymer/frpn/cp/frpn__cp__fold0.pt,507755719,b59237ef575d63e07d264fd6f9064d2a12bb6c9243e8b4df2b5ca33961dccea3,homopolymer mdstyle final checkpoint,1215674942,e90853640169fcacb51e4c1632f2c71053389914a5ba334d1d38f42a68e8da8f,optimizer_state,retained tensors and metadata exactly equal after save/load
homopolymer,frpn,cp,1,homopolymer/frpn/cp/frpn__cp__fold1.pt,507755719,086efc94a60e95ebe029f9ce19c3fe73181dc28633cb94dba03e4e5823801a63,homopolymer mdstyle final checkpoint,1215674942,e88adaf16c537dab9428d4d21ff5182f2950ad89aa0803597407ed639ca45441,optimizer_state,retained tensors and metadata exactly equal after save/load
homopolymer,frpn,cp,2,homopolymer/frpn/cp/frpn__cp__fold2.pt,507755719,7d35c0a3aecc409bd13aa3bf5424fcb82d8522d0c750ace5b076adf21c0c08ce,homopolymer mdstyle final checkpoint,1215674942,98101cb015fce22835554a649d314d2f3d8dc3a30334a7b02c90b23a2d9bea9d,optimizer_state,retained tensors and metadata exactly equal after save/load
homopolymer,frpn,cp,3,homopolymer/frpn/cp/frpn__cp__fold3.pt,507755719,30295dd0dc1bc30834051549472a9ab87a8b709a7951df23279ea155f3fc98a9,homopolymer mdstyle final checkpoint,1215674942,58e7d26baec7e83a3cda9e2bd167149121c70b9b6396a9a7cc959696d82bcbba,optimizer_state,retained tensors and metadata exactly equal after save/load
homopolymer,frpn,cp,4,homopolymer/frpn/cp/frpn__cp__fold4.pt,507755719,8a85423e6734f92467f041bce25898e5e8511e8a11b6af11fb7884a854f0b781,homopolymer mdstyle final checkpoint,1215674942,4d2b5319ef72c2e80fa9dfdf7a9f4c691280bf036eb1ff5e9634adc879c85823,optimizer_state,retained tensors and metadata exactly equal after save/load
homopolymer,frpn,dielectric_const,0,homopolymer/frpn/dielectric_const/frpn__dielectric_const__fold0.pt,507766477,253d25cc33f9a98a8734f80428c497b83a8a377fc33b3ea5f8dce31942be12b0,homopolymer mdstyle final checkpoint,1215675006,a687e2daff217361ed5bc325d6ca26b38e2ec4f8249c19bd4e6cb97f50ad0973,optimizer_state,retained tensors and metadata exactly equal after save/load
homopolymer,frpn,dielectric_const,1,homopolymer/frpn/dielectric_const/frpn__dielectric_const__fold1.pt,507766477,ae16ebe8e8922bb695973f293649ba732156812bf3e1049059f845129dbad76a,homopolymer mdstyle final checkpoint,1215675006,430af99be048040505617616b8767f89420a1b21590c6327083b3074b0ccab3b,optimizer_state,retained tensors and metadata exactly equal after save/load
homopolymer,frpn,dielectric_const,2,homopolymer/frpn/dielectric_const/frpn__dielectric_const__fold2.pt,507766477,96e187d76f366ea6bdf50d525622287fd7f561f0591df4e2f911b80a1613d63e,homopolymer mdstyle final checkpoint,1215675006,2e5bc277e7e07cb15e791f715910488f5ea48bd3b910d17e0fc4a84becc6ca9a,optimizer_state,retained tensors and metadata exactly equal after save/load
homopolymer,frpn,dielectric_const,3,homopolymer/frpn/dielectric_const/frpn__dielectric_const__fold3.pt,507766477,3ff154723a8df4f76fee9312ddc05f7630a6e3a35119a7f5066edb12110122d3,homopolymer mdstyle final checkpoint,1215675006,3138340c5697de191a4d0dfbaedbdaba479276cf1b0f535b86b06cd36b07937a,optimizer_state,retained tensors and metadata exactly equal after save/load
homopolymer,frpn,dielectric_const,4,homopolymer/frpn/dielectric_const/frpn__dielectric_const__fold4.pt,507766477,7d0d30fd3f8539462cbb5394180662eb0531cdb0afa147f1feb16ec6301dfa42,homopolymer mdstyle final checkpoint,1215675006,a079376f5d1c0ee076370df7554051b00c7bc2d9ee81dea6dd0dc84878c7c3e7,optimizer_state,retained tensors and metadata exactly equal after save/load
homopolymer,frpn,refractive_index,0,homopolymer/frpn/refractive_index/frpn__refractive_index__fold0.pt,507766477,d7585506b06570c879701a005eaedce5d48408123e2b2b19cfe3d7b0b4a9e756,homopolymer mdstyle final checkpoint,1215675006,f67db2360d12e741eef8cc7e95eb3ccc9aec46f99422fb373d83762ca8e791eb,optimizer_state,retained tensors and metadata exactly equal after save/load
homopolymer,frpn,refractive_index,1,homopolymer/frpn/refractive_index/frpn__refractive_index__fold1.pt,507766477,0ffafaa701cd8e661ff97636c227a61bd5ce19e123ded9c5c76c921d1f3cc051,homopolymer mdstyle final checkpoint,1215675006,92b81ae6ad71725ffc53720d859639d5ba01b11f24ef28a46864bbc401078f89,optimizer_state,retained tensors and metadata exactly equal after save/load
homopolymer,frpn,refractive_index,2,homopolymer/frpn/refractive_index/frpn__refractive_index__fold2.pt,507766477,3e87d368b5ff78bbe52886916ca4e42b5faa2e1e2d86540eae4fc6023b889b68,homopolymer mdstyle final checkpoint,1215675006,e6ee7d42f871395278d81931c6fb16e46cc580b504e30f3d525c0553ff7fd375,optimizer_state,retained tensors and metadata exactly equal after save/load
homopolymer,frpn,refractive_index,3,homopolymer/frpn/refractive_index/frpn__refractive_index__fold3.pt,507766477,6a671414797a6c7491dceb9af820c671b06dbf185f031a2acd68be5b5bc2ae18,homopolymer mdstyle final checkpoint,1215675006,95ff195ca4f2fff1a9c1ed769d23f2b25d5d1284d60af697aaff055b430dad1f,optimizer_state,retained tensors and metadata exactly equal after save/load
homopolymer,frpn,refractive_index,4,homopolymer/frpn/refractive_index/frpn__refractive_index__fold4.pt,507766477,f66ce4c9b07a21fdf02b3ca0feddecdbd011d1a23e60da8b7680d04ac55d64e2,homopolymer mdstyle final checkpoint,1215675006,4112e17d64a61c51f3e2e248520b8758ca74961e26e1e01f4ceecb54d82f07f0,optimizer_state,retained tensors and metadata exactly equal after save/load
homopolymer,stage1_only,density,0,homopolymer/stage1_only/density/stage1_only__density__fold0.pt,507764995,b46827d9d66e9a7ef56ff36e7d13cb25e3eb00293fe237cc154d8cb7b0d13133,homopolymer mdstyle final checkpoint,962567154,18b828936a5e26816137554e01732f04e84deac8944c0addef30fae5fe40aaea,optimizer_state,retained tensors and metadata exactly equal after save/load
homopolymer,stage1_only,density,1,homopolymer/stage1_only/density/stage1_only__density__fold1.pt,507764995,fc8b232fc4909b73db56f29284149c85d34ca63740cde8db5059d095c93a34ec,homopolymer mdstyle final checkpoint,962567154,1cee782c936ab0f0c3642043a3ee263f73f78924cd709c4c28bb0a9917344fef,optimizer_state,retained tensors and metadata exactly equal after save/load
homopolymer,stage1_only,density,2,homopolymer/stage1_only/density/stage1_only__density__fold2.pt,507764995,aa28c21be4d7741d36adc55cc90982afb355557fcd6a373974ba3453c1732fdd,homopolymer mdstyle final checkpoint,962567154,9f6fc193f78695929ede583279ac3fed6c3123139034266f1cc36812e268d27a,optimizer_state,retained tensors and metadata exactly equal after save/load
homopolymer,stage1_only,density,3,homopolymer/stage1_only/density/stage1_only__density__fold3.pt,507764995,5d65a893200be6869ed97358b433ce15755828eed350beeeca33f536f89ae7d0,homopolymer mdstyle final checkpoint,962567154,f42a72bf3e54b0fee21689663d8032fe47791205276afac59fa01c6ad3e53fea,optimizer_state,retained tensors and metadata exactly equal after save/load
homopolymer,stage1_only,density,4,homopolymer/stage1_only/density/stage1_only__density__fold4.pt,507764995,8d374823d37a06464244e26507d41f05092e78ad5b2e061bcddfe16340c5c94a,homopolymer mdstyle final checkpoint,962567154,203e3f7a6ec6e8d214a7ed556f175cb25a37607562dfaad50bc90140313a71a4,optimizer_state,retained tensors and metadata exactly equal after save/load
homopolymer,stage1_only,rg,0,homopolymer/stage1_only/rg/stage1_only__rg__fold0.pt,507761290,f261f4c29c32961a02168cf3b7c31fde143eb6a8eeb12a89f479c9fec26bf9fc,homopolymer mdstyle final checkpoint,962567154,2209408a00f06098a064c62f0ef19c263a9438af270a4c208533910c271bd7a0,optimizer_state,retained tensors and metadata exactly equal after save/load
homopolymer,stage1_only,rg,1,homopolymer/stage1_only/rg/stage1_only__rg__fold1.pt,507761290,e785fd0286c3ed10381cf51d3b7a4e54d9e961062cac276fb45e8c74f8cc72b2,homopolymer mdstyle final checkpoint,962567154,eef94cd1d46f34fcf1fe35f6015818729e96f191ec198755a39acc3845441dcc,optimizer_state,retained tensors and metadata exactly equal after save/load
homopolymer,stage1_only,rg,2,homopolymer/stage1_only/rg/stage1_only__rg__fold2.pt,507761290,9ee492a626f44697469e4850dbfd8fea7fed24ad01bd2ba730834ed8519ab668,homopolymer mdstyle final checkpoint,962567154,50de4ab45bb0f99112ad1e7a365cb3f208dda95baafa8a0757bf6c95d752e9d1,optimizer_state,retained tensors and metadata exactly equal after save/load
homopolymer,stage1_only,rg,3,homopolymer/stage1_only/rg/stage1_only__rg__fold3.pt,507761290,1c4e6dc8c5c6fb07564da77c91af3bf234308921c4c431d0a975498c51634dd1,homopolymer mdstyle final checkpoint,962567154,cceaacc23b03c45ecf901a13d2080d7446c20a23a9b16d288253d912882e41aa,optimizer_state,retained tensors and metadata exactly equal after save/load
homopolymer,stage1_only,rg,4,homopolymer/stage1_only/rg/stage1_only__rg__fold4.pt,507761290,ce0a4b71458ae2715607dd6261608c67db836f19ff951870d0ebb40c60c2bf3a,homopolymer mdstyle final checkpoint,962567154,1e9cd509b623d614e2714975829b355a07a160921cfaa0290c751f7df237f258,optimizer_state,retained tensors and metadata exactly equal after save/load
homopolymer,stage1_only,self_diffusion,0,homopolymer/stage1_only/self_diffusion/stage1_only__self_diffusion__fold0.pt,507770246,8f07cf1e0c2b21e1256ef3dea70273c63d0dcc84e7ec685a10c56c265f635202,homopolymer mdstyle final checkpoint,962567154,814d56e4df69fa25783dd1d1dc116547790790c8e0425863c7eb4911c26cb4ee,optimizer_state,retained tensors and metadata exactly equal after save/load
homopolymer,stage1_only,self_diffusion,1,homopolymer/stage1_only/self_diffusion/stage1_only__self_diffusion__fold1.pt,507770246,1c4bc2a1a83d8421cc8c2f2fd6ab08fbb4eed13c8fd800fbd8b52ae7b87d9596,homopolymer mdstyle final checkpoint,962567154,4113066cb657d3835ea5f963ed845363d96e790cf3211001910b1321c9fce3c1,optimizer_state,retained tensors and metadata exactly equal after save/load
homopolymer,stage1_only,self_diffusion,2,homopolymer/stage1_only/self_diffusion/stage1_only__self_diffusion__fold2.pt,507770246,549ebd2c3b625f02c77b191e72215ceb1c0291ac0eae46dbd781eaed33cee0d1,homopolymer mdstyle final checkpoint,962567154,df7ef0df5fcfb2a8b9db02ffa95179eacec6ec36d7274935b57e986dbee64ae4,optimizer_state,retained tensors and metadata exactly equal after save/load
homopolymer,stage1_only,self_diffusion,3,homopolymer/stage1_only/self_diffusion/stage1_only__self_diffusion__fold3.pt,507770246,a7a341e636f202283616cee6972b200dedad3bb307aec495feba9b67f9a7cefc,homopolymer mdstyle final checkpoint,962567154,006b5ac001be47dbdd6f465e8538342beaf3089107b095db06ff9f5fdb36ff66,optimizer_state,retained tensors and metadata exactly equal after save/load
homopolymer,stage1_only,self_diffusion,4,homopolymer/stage1_only/self_diffusion/stage1_only__self_diffusion__fold4.pt,507770246,6e00bef56a97fdf67c90ac952a31d59625391f878561744eafb2d42929eb2221,homopolymer mdstyle final checkpoint,962567154,e364331a745a5e72a92e14bb7209fb7d9dcced588878b69154e486bdf12a12c3,optimizer_state,retained tensors and metadata exactly equal after save/load
homopolymer,stage1_only,cp,0,homopolymer/stage1_only/cp/stage1_only__cp__fold0.pt,507761290,9e806f565554cc23593c205201bef9f3c5abc149bffd0604f55e28a06186a839,homopolymer mdstyle final checkpoint,962567154,193052a34c966209ed0854701591e23acf272732a1317e69b95c9cb594edfc7b,optimizer_state,retained tensors and metadata exactly equal after save/load
homopolymer,stage1_only,cp,1,homopolymer/stage1_only/cp/stage1_only__cp__fold1.pt,507761290,aeebac164aeafa325465a55d5aef41cd534ad14fe032cb63962dd7c202f0c797,homopolymer mdstyle final checkpoint,962567154,1d566979cc86fb9010060cace832d25d955f650e18a9638d6ef4b909920121b8,optimizer_state,retained tensors and metadata exactly equal after save/load
homopolymer,stage1_only,cp,2,homopolymer/stage1_only/cp/stage1_only__cp__fold2.pt,507761290,952da3020ed1abe42d521a141d6d2c4d491bf181386a0e41ea87315386f920d3,homopolymer mdstyle final checkpoint,962567154,2700335ec6978100be616fe97402c2959a652c934e894f1fee688511388c374f,optimizer_state,retained tensors and metadata exactly equal after save/load
homopolymer,stage1_only,cp,3,homopolymer/stage1_only/cp/stage1_only__cp__fold3.pt,507761290,b7bd30cd50ad21647ba44c581e1497b1ae80a17fd5ee6795fee519f589cc606c,homopolymer mdstyle final checkpoint,962567154,415ea0a3df997ce177f688f553cf8fe13738edf1caebac327d35e5d7a0105db9,optimizer_state,retained tensors and metadata exactly equal after save/load
homopolymer,stage1_only,cp,4,homopolymer/stage1_only/cp/stage1_only__cp__fold4.pt,507761290,cbcd402b46656254244e1a33e41abd892b5d5ca6260ef9dcdc21944a6901dfe4,homopolymer mdstyle final checkpoint,962567154,df66edb0008e384d8794ffeb27dee6c703d1a9436b4481f7d55b00245ec61903,optimizer_state,retained tensors and metadata exactly equal after save/load
homopolymer,stage1_only,dielectric_const,0,homopolymer/stage1_only/dielectric_const/stage1_only__dielectric_const__fold0.pt,507771728,970b903fd85b6fd0253526e2721659bc6c13b631fecabed043edd97e5329e375,homopolymer mdstyle final checkpoint,962567154,13a7eac4776ec9bf782558fb85867fa9f39c0c68d8393398b8bbb1a1d425f998,optimizer_state,retained tensors and metadata exactly equal after save/load
homopolymer,stage1_only,dielectric_const,1,homopolymer/stage1_only/dielectric_const/stage1_only__dielectric_const__fold1.pt,507771728,f775ecc891addeccfe397cf973c10a3b64b881f728f2e2d16aee26c476b4d6d4,homopolymer mdstyle final checkpoint,962567154,890899d5b406d8196f84c4834d16349ae357f801f2ad4614b3277b0ace172e27,optimizer_state,retained tensors and metadata exactly equal after save/load
homopolymer,stage1_only,dielectric_const,2,homopolymer/stage1_only/dielectric_const/stage1_only__dielectric_const__fold2.pt,507771728,529f088b73019197d7129ee90c9332f3289c2986f3ec646c5b8f23f71dca2d93,homopolymer mdstyle final checkpoint,962567154,0f33f1f26babc145a52bdfdd5ce57d944d327c0b4ba22b2219db2461495cb65d,optimizer_state,retained tensors and metadata exactly equal after save/load
homopolymer,stage1_only,dielectric_const,3,homopolymer/stage1_only/dielectric_const/stage1_only__dielectric_const__fold3.pt,507771728,1dc9b56f1921523aae5b35a2df905a4bbd9c2356c4c31f12cdbfb665c95943c5,homopolymer mdstyle final checkpoint,962567154,97aec6db870352d80b2ba114ca5238df5cad470648dcf651eead6234f4d9a57a,optimizer_state,retained tensors and metadata exactly equal after save/load
homopolymer,stage1_only,dielectric_const,4,homopolymer/stage1_only/dielectric_const/stage1_only__dielectric_const__fold4.pt,507771728,6c73c23ce64d8c4bccf02b79bc4abb758d314e02ff33f7ce251343858113a21e,homopolymer mdstyle final checkpoint,962567154,1fdbcf5ae7bc152dc26fdd45badff2ae146a4b37334f8ff742c7c820c6eb4de5,optimizer_state,retained tensors and metadata exactly equal after save/load
homopolymer,stage1_only,refractive_index,0,homopolymer/stage1_only/refractive_index/stage1_only__refractive_index__fold0.pt,507771728,a81aaf7ec3d1708809118ef936a6eb854622e74a783dab8ecb38b9cec06d70b7,homopolymer mdstyle final checkpoint,962567154,d24632356101e492b785842878f25b62109279c661bc4d46c5345f3481ab0c5d,optimizer_state,retained tensors and metadata exactly equal after save/load
homopolymer,stage1_only,refractive_index,1,homopolymer/stage1_only/refractive_index/stage1_only__refractive_index__fold1.pt,507771728,9867dc6632b26526d3a1a732b18e0a8c9b5daebca6aab924106e37c9ee92e6a3,homopolymer mdstyle final checkpoint,962567154,e4b8a64cd52f70d24beb765ec53dbf2522fdfd2f2e93160774bd9b3cbfc03e57,optimizer_state,retained tensors and metadata exactly equal after save/load
homopolymer,stage1_only,refractive_index,2,homopolymer/stage1_only/refractive_index/stage1_only__refractive_index__fold2.pt,507771728,d24f00ada7f099c3d1e706858dde05dfe9fabc5b8d3f4059e9329463a62a3e43,homopolymer mdstyle final checkpoint,962567154,be6300408470568b4c7824bb4f6b1cdb11f3e4fbba46332be16b3a62492219da,optimizer_state,retained tensors and metadata exactly equal after save/load
homopolymer,stage1_only,refractive_index,3,homopolymer/stage1_only/refractive_index/stage1_only__refractive_index__fold3.pt,507771728,6b8fc76d88c193a7ad8fb73f5ed3e07a3893f71008f613fe6623d23572a8edd4,homopolymer mdstyle final checkpoint,962567154,6af6a14bbf57d4aa3dd4ad706bec370d5ef68fd1698bbdd9f6765a82841c0ffe,optimizer_state,retained tensors and metadata exactly equal after save/load
homopolymer,stage1_only,refractive_index,4,homopolymer/stage1_only/refractive_index/stage1_only__refractive_index__fold4.pt,507771728,771967c594e4f5f0dfcd515568e68a75e50e3a084e87aae47618454d7bb7730f,homopolymer mdstyle final checkpoint,962567154,e1d01d37b67a13bee717b38018b5e6b8131cb9da3b0d48b303c710b76421b7f8,optimizer_state,retained tensors and metadata exactly equal after save/load
homopolymer,stage2_only_smiles,density,0,homopolymer/stage2_only_smiles/density/stage2_only_smiles__density__fold0.pt,507770182,31dc83c23f81f9964d9e331339d69b3fc0c7facb5aaac0bbb22b8aa733c4210d,homopolymer mdstyle final checkpoint,763687182,8644b502a7bdab26291b856335063ae1cddef57c0431d9cc9e89deb15f1a40c5,optimizer_state,retained tensors and metadata exactly equal after save/load
homopolymer,stage2_only_smiles,density,1,homopolymer/stage2_only_smiles/density/stage2_only_smiles__density__fold1.pt,507770182,d5246ac7a6b84496b40bfde32555237fa5411c5f70825c4dc85c7b81a4376f98,homopolymer mdstyle final checkpoint,763687182,cd0855b7179ebb88ba47296b1989de83057d6366b16bf33659ddd46369cf0bf2,optimizer_state,retained tensors and metadata exactly equal after save/load
homopolymer,stage2_only_smiles,density,2,homopolymer/stage2_only_smiles/density/stage2_only_smiles__density__fold2.pt,507770182,d5d99514cab9a04b6a43b986850a2f512b6d336cd009789c682a9fac5d1f6816,homopolymer mdstyle final checkpoint,763687182,49148272396c599059ec474d98dfd823139021ae3dc28d3e8ca66e275419c981,optimizer_state,retained tensors and metadata exactly equal after save/load
homopolymer,stage2_only_smiles,density,3,homopolymer/stage2_only_smiles/density/stage2_only_smiles__density__fold3.pt,507770182,0e9c972083010ecc7eee5ecad60947ab4ecc226a5bc4ff00b98c567314de0746,homopolymer mdstyle final checkpoint,763687182,ee3c896d6d9e8fb7c9adc5e37863b39b23b825e2ab3a6826a14b0141ac835974,optimizer_state,retained tensors and metadata exactly equal after save/load
homopolymer,stage2_only_smiles,density,4,homopolymer/stage2_only_smiles/density/stage2_only_smiles__density__fold4.pt,507770182,3738ebf39f1bc5625184a1f0e44c0cf810f303b74ede7d8eef15877a676d3ff3,homopolymer mdstyle final checkpoint,763687182,51fd4f9ee61cfb9bb0fe186f9f09a557820bb34a78e1410069b714ec7c918b54,optimizer_state,retained tensors and metadata exactly equal after save/load
homopolymer,stage2_only_smiles,rg,0,homopolymer/stage2_only_smiles/rg/stage2_only_smiles__rg__fold0.pt,507766477,610f7cd23ab46b110ba9ab6bed2ff0125a53bd44f8e7510dd8de4a689ed6d9c1,homopolymer mdstyle final checkpoint,763687182,d14d437468292662028ce6e8fbe85d1d66fe3cb526e4cb0082c26717de115a37,optimizer_state,retained tensors and metadata exactly equal after save/load
homopolymer,stage2_only_smiles,rg,1,homopolymer/stage2_only_smiles/rg/stage2_only_smiles__rg__fold1.pt,507766477,d210b577e39299b17db88617a58c27a493f78234afc8852efacff4551c8b5c9e,homopolymer mdstyle final checkpoint,763687182,c192d9024ec5ee65ec5e5af51cdc0f4271e65044d4193fbe8624ceffc497a0ba,optimizer_state,retained tensors and metadata exactly equal after save/load
homopolymer,stage2_only_smiles,rg,2,homopolymer/stage2_only_smiles/rg/stage2_only_smiles__rg__fold2.pt,507766477,d951ff8eefb9b2e2a63ee921b560d1bb7b660c45e286e896ad8c4d6ee269aea1,homopolymer mdstyle final checkpoint,763687182,415301da424c48406658dcb7611f8693efc671369c868ff7a3f96f3222d4c4ae,optimizer_state,retained tensors and metadata exactly equal after save/load
homopolymer,stage2_only_smiles,rg,3,homopolymer/stage2_only_smiles/rg/stage2_only_smiles__rg__fold3.pt,507766477,188082c6ff24f0274846007e3247cc7a94aaf8b7937143eb948dbf548114b44a,homopolymer mdstyle final checkpoint,763687182,972be306e576354e8728a52c14544f127590813a29037ce15beb2ec667df4332,optimizer_state,retained tensors and metadata exactly equal after save/load
homopolymer,stage2_only_smiles,rg,4,homopolymer/stage2_only_smiles/rg/stage2_only_smiles__rg__fold4.pt,507766477,1ae7c1a306f14e961b69cedce1d9d104db3a228967e7510754a9855949d89c24,homopolymer mdstyle final checkpoint,763687182,40b9b7482e99a75e222275baca7fc4af2ad12e9788f12dd133289b239d1929e1,optimizer_state,retained tensors and metadata exactly equal after save/load
homopolymer,stage2_only_smiles,self_diffusion,0,homopolymer/stage2_only_smiles/self_diffusion/stage2_only_smiles__self_diffusion__fold0.pt,507775433,5fd9de50c7eeb8bde391ada8494ef673f3fe172e093abb93b3a4edbfa80d2d90,homopolymer mdstyle final checkpoint,763687246,6e757e74ede0edd12102f077e090fe86831eb5c83f4eb739b02867ead5722bb8,optimizer_state,retained tensors and metadata exactly equal after save/load
homopolymer,stage2_only_smiles,self_diffusion,1,homopolymer/stage2_only_smiles/self_diffusion/stage2_only_smiles__self_diffusion__fold1.pt,507775433,207621df35d1de1ddd26c7375b5a1fa60f2884bccc88a480af35dceb2766cf2d,homopolymer mdstyle final checkpoint,763687246,2c9aefa7704e0a7a6b305dfca37465a4133b75cfa8575dfd6e3c910c1a794da6,optimizer_state,retained tensors and metadata exactly equal after save/load
homopolymer,stage2_only_smiles,self_diffusion,2,homopolymer/stage2_only_smiles/self_diffusion/stage2_only_smiles__self_diffusion__fold2.pt,507775433,f2047a645c9e87cff6ecfaaaff2ab4ebd84ed8f7e8099cf5724c9ac62df5f383,homopolymer mdstyle final checkpoint,763687246,d9e74118dffb415c428eca3315015ee26f8a57ee13b473cae36699bfa2d80444,optimizer_state,retained tensors and metadata exactly equal after save/load
homopolymer,stage2_only_smiles,self_diffusion,3,homopolymer/stage2_only_smiles/self_diffusion/stage2_only_smiles__self_diffusion__fold3.pt,507775433,d481a17d50cf208287ea96edf22d6594b101d212d9db727ad9fd0ed62f1b59a5,homopolymer mdstyle final checkpoint,763687246,416cd0e7ae9bc65c2add6c28cacb852cc8e8383b6682752e8e4d6a1a1700694f,optimizer_state,retained tensors and metadata exactly equal after save/load
homopolymer,stage2_only_smiles,self_diffusion,4,homopolymer/stage2_only_smiles/self_diffusion/stage2_only_smiles__self_diffusion__fold4.pt,507775433,6735dcbb858563adc66db73fd09062c0dcfd3928c25d9e182e92513042c40fcc,homopolymer mdstyle final checkpoint,763687246,2727d5830f96bfe119387758851be85cb9fb1143c9d4428935b6272e5163fd67,optimizer_state,retained tensors and metadata exactly equal after save/load
homopolymer,stage2_only_smiles,cp,0,homopolymer/stage2_only_smiles/cp/stage2_only_smiles__cp__fold0.pt,507766477,ec74b72518f076f24a77453cb911469c36523acff652ffe5435c2430ccaf34d7,homopolymer mdstyle final checkpoint,763687182,2ff03515ff56451313c45fe21228855e6eec645862908484e5788bab092dbaf2,optimizer_state,retained tensors and metadata exactly equal after save/load
homopolymer,stage2_only_smiles,cp,1,homopolymer/stage2_only_smiles/cp/stage2_only_smiles__cp__fold1.pt,507766477,12887a44cb3f7f770cca9fd215159535498a48efbe22c6de13ffae0e101266a0,homopolymer mdstyle final checkpoint,763687182,63f0b4eb062001d8c85976676aab3b98c7c61cd10d5bad9340d98dc939f256bb,optimizer_state,retained tensors and metadata exactly equal after save/load
homopolymer,stage2_only_smiles,cp,2,homopolymer/stage2_only_smiles/cp/stage2_only_smiles__cp__fold2.pt,507766477,d3742891e4214cd3b4bde0e519125fe0ae64520a57dcac6c014dd4560f5790ce,homopolymer mdstyle final checkpoint,763687182,8ead57369a6693bebf79f193afd843393b6432d0f5d4530b55d69fcc838d0105,optimizer_state,retained tensors and metadata exactly equal after save/load
homopolymer,stage2_only_smiles,cp,3,homopolymer/stage2_only_smiles/cp/stage2_only_smiles__cp__fold3.pt,507766477,2b1a9cc4dd5ace8540bafc26e5fff9bd5e1fc9bc4458c16c996d9291a1f1bb20,homopolymer mdstyle final checkpoint,763687182,a05219927390dc90c63ce406e54e629c4a5578c46648a7cef1b7991aa6c87df3,optimizer_state,retained tensors and metadata exactly equal after save/load
homopolymer,stage2_only_smiles,cp,4,homopolymer/stage2_only_smiles/cp/stage2_only_smiles__cp__fold4.pt,507766477,9145ca43b3b5b36fecbf8dc6a53f0c7609254b9bc2e222062c0f3fef76b81407,homopolymer mdstyle final checkpoint,763687182,8faaa7cc115a00eda4dc9c18a2c0982e30f8e3ec0e5298c3654346f2b7da27d1,optimizer_state,retained tensors and metadata exactly equal after save/load
homopolymer,stage2_only_smiles,dielectric_const,0,homopolymer/stage2_only_smiles/dielectric_const/stage2_only_smiles__dielectric_const__fold0.pt,507776915,ea396813123dd5508284b67db4ea95ea283d2783a779cb367240660bdb9e7197,homopolymer mdstyle final checkpoint,763687246,afefbf203018adfe519a54dfe3e48879b0199acbe1de397c57b8c81374d84074,optimizer_state,retained tensors and metadata exactly equal after save/load
homopolymer,stage2_only_smiles,dielectric_const,1,homopolymer/stage2_only_smiles/dielectric_const/stage2_only_smiles__dielectric_const__fold1.pt,507776915,edc7c9fec2eb54ae34c2ad72b705e583dd5241ca8a0757e20ce278f66bcffd57,homopolymer mdstyle final checkpoint,763687246,84086608d725b6ad0314b787c5b4ee1e1308cc0877a21eea6505a691f63026bb,optimizer_state,retained tensors and metadata exactly equal after save/load
homopolymer,stage2_only_smiles,dielectric_const,2,homopolymer/stage2_only_smiles/dielectric_const/stage2_only_smiles__dielectric_const__fold2.pt,507776915,be9325250d45d1d2b79ef5c2cc871e78b9bae0034c87734fa9f3eccf1a4e23aa,homopolymer mdstyle final checkpoint,763687246,628d6ce063a4c18fca6f00dc4b0cb02ed3d02396d7258700d8523682beca49ba,optimizer_state,retained tensors and metadata exactly equal after save/load
homopolymer,stage2_only_smiles,dielectric_const,3,homopolymer/stage2_only_smiles/dielectric_const/stage2_only_smiles__dielectric_const__fold3.pt,507776915,8eca5e8e5c289ca65c45183a3f943b5f4e6390c399f39e3c11357e225d97a8d8,homopolymer mdstyle final checkpoint,763687246,88859b8abd2ea843e1526439d7c25d35790a41ba2b64cbc489acdbe7c8c79bd2,optimizer_state,retained tensors and metadata exactly equal after save/load
homopolymer,stage2_only_smiles,dielectric_const,4,homopolymer/stage2_only_smiles/dielectric_const/stage2_only_smiles__dielectric_const__fold4.pt,507776915,1ad022007d7e1d4aa97dee63edc167a87775cd463257af0a7152382c267b0b9b,homopolymer mdstyle final checkpoint,763687246,ba36a166b9aa8d1a84676676cad8055c062ba6bb84f66e532a297c02602a6171,optimizer_state,retained tensors and metadata exactly equal after save/load
homopolymer,stage2_only_smiles,refractive_index,0,homopolymer/stage2_only_smiles/refractive_index/stage2_only_smiles__refractive_index__fold0.pt,507776915,ee010b2cb07e6f85f0eade318b7792583ba3bb234ad7b00f9f9689438215ea72,homopolymer mdstyle final checkpoint,763687246,708ff821a88a2f9ebdd4f68fc062fce41b454030567866bd162d77a4bc99f6c0,optimizer_state,retained tensors and metadata exactly equal after save/load
homopolymer,stage2_only_smiles,refractive_index,1,homopolymer/stage2_only_smiles/refractive_index/stage2_only_smiles__refractive_index__fold1.pt,507776915,ac7f1dfc5ae398fd0224ba215ed038c5adfc793659145dd691d436650fa81e1e,homopolymer mdstyle final checkpoint,763687246,55d9cab4983accaedefd657e30c7fed0b8cf31546ff1a9678fa77f819d04b47a,optimizer_state,retained tensors and metadata exactly equal after save/load
homopolymer,stage2_only_smiles,refractive_index,2,homopolymer/stage2_only_smiles/refractive_index/stage2_only_smiles__refractive_index__fold2.pt,507776915,34ba51b68e8488c9cba4fa3fc28158c1c8a6ac5e31f60052e3e55db8e2f16352,homopolymer mdstyle final checkpoint,763687246,14a1e0d3de56712d4615cdef6cb189b62f0e50cd5395b730c312c6eadf7c93e4,optimizer_state,retained tensors and metadata exactly equal after save/load
homopolymer,stage2_only_smiles,refractive_index,3,homopolymer/stage2_only_smiles/refractive_index/stage2_only_smiles__refractive_index__fold3.pt,507776915,e9fa47cc97557fadddb6b4339a1e795652db040ed449fdac7d1cbd2d013ba558,homopolymer mdstyle final checkpoint,763687246,d781d52b85353c539950ac3841dc4cde5701a5ed90438109880b0b6cdbf4dadb,optimizer_state,retained tensors and metadata exactly equal after save/load
homopolymer,stage2_only_smiles,refractive_index,4,homopolymer/stage2_only_smiles/refractive_index/stage2_only_smiles__refractive_index__fold4.pt,507776915,83f9c5f078e521f2cba2dfe9e91cdd73c4c02af6353a9d6032aabefac529e62e,homopolymer mdstyle final checkpoint,763687246,e61fac7bcfe3b905781bacfcfe89ade269a53b0fc647c16f27cc46489ccc9eda,optimizer_state,retained tensors and metadata exactly equal after save/load
bcdb,FRPN-tiny,is_target,0,bcdb/FRPN-tiny/frpn_tiny_fold0_checkpoint.pt,60073558,842874b697c06b05427007774d9d780511e5991bae6ba74b9bdc8de54ef0304f,FRPN-tiny capacity-control checkpoint; selected fold and epoch match the retained five-fold OOF summary; architecture verified from saved arguments and tensor shapes.,159721502,13c58892e7a8147b4c246018d70f6af0c9f840674f92b4dd23f5866174bf64ce,optimizer_state,retained tensors and metadata exactly equal after save/load
bcdb,FRPN-tiny,is_target,1,bcdb/FRPN-tiny/frpn_tiny_fold1_checkpoint.pt,60073558,9318eddf1aaf4f4e674e06578559d4df953430084461d5ce9bdf31c9b2bbceca,FRPN-tiny capacity-control checkpoint; selected fold and epoch match the retained five-fold OOF summary; architecture verified from saved arguments and tensor shapes.,159721502,897c829c5982324a44ac22d3d25599741eece23cfce08858a4f1cdcdd35b84c1,optimizer_state,retained tensors and metadata exactly equal after save/load
bcdb,FRPN-tiny,is_target,2,bcdb/FRPN-tiny/frpn_tiny_fold2_checkpoint.pt,60073558,8741906c44b5da2364011fa9255497cb875e9cc98db92768eebf9fb9b7409faa,FRPN-tiny capacity-control checkpoint; selected fold and epoch match the retained five-fold OOF summary; architecture verified from saved arguments and tensor shapes.,159721502,0093fe0abb280e08035ec832d0a7ff3f802d0f675b6ec2f3c75ae8002c248019,optimizer_state,retained tensors and metadata exactly equal after save/load
bcdb,FRPN-tiny,is_target,3,bcdb/FRPN-tiny/frpn_tiny_fold3_checkpoint.pt,60073558,1c47ba222ed0533d93301e7f36bed25675ccd41ad4ff1dfcf183da2ce86b9b61,FRPN-tiny capacity-control checkpoint; selected fold and epoch match the retained five-fold OOF summary; architecture verified from saved arguments and tensor shapes.,159721502,fc46695e1380e36cfad1b922fa0f09b2f1fc889354ff11adba2bd7d1f97f56f1,optimizer_state,retained tensors and metadata exactly equal after save/load
bcdb,FRPN-tiny,is_target,4,bcdb/FRPN-tiny/frpn_tiny_fold4_checkpoint.pt,60073558,7a3fdf71c39919ca40a935a1f355d57d6f31a00d3c20041f831660c54f5cad6d,FRPN-tiny capacity-control checkpoint; selected fold and epoch match the retained five-fold OOF summary; architecture verified from saved arguments and tensor shapes.,159721502,e31ce60431e7e8b98e503294ff3b444971503872090a39d94674e0b8897b7f19,optimizer_state,retained tensors and metadata exactly equal after save/load
