dataset_row,temperature_K,domain,sample_id,topology,Index,archive_file,size_bytes,sha256,n_atoms,sum_charge,min_charge,max_charge
0,300,300K_prod400,linear_uid000104_idx4_rg2_pl2_alternating__d6386dcb47c4,linear,4,300K_prod400/row_0000__linear_uid000104_idx4_rg2_pl2_alternating__d6386dcb47c4.data,311921,67e1e70865e16ea4d890e3f983080f8c2037b6c4cd2b7cd2582ef06daa34ba4f,900,2.890000001254389e-06,-1.13331581,0.71189927
1,300,300K_orthogonal800,star_orth800_uid001016_sk9_rg0_pl1_alternating__bb9767c47116,star,9,300K_orthogonal800/row_0001__star_orth800_uid001016_sk9_rg0_pl1_alternating__bb9767c47116.data,354959,00fd4f070a835aeb0d5cdc1dad6e31a899feaf5d6af6615e16cdd5dba43aaa2f,999,1.1102230246251565e-16,-2.876453,3.789268
2,300,300K_orthogonal800,star_orth800_uid000955_sk10_rg2_pl0_block__35076850f8cf,star,10,300K_orthogonal800/row_0002__star_orth800_uid000955_sk10_rg2_pl0_block__35076850f8cf.data,360809,1769c4374dbc0c99146575fd49b522a152f26cd2abc30114f868ffc1e85c010b,1047,5.551115123125783e-17,-0.445702,0.503176
3,300,300K_prod400,comb_uid000466_idx100_rg2_pl0_junction_enriched__7f5daf2badcc,comb,100,300K_prod400/row_0003__comb_uid000466_idx100_rg2_pl0_junction_enriched__7f5daf2badcc.data,355478,f33785e602fbf7d9c825177ae49d476d4c70937e64bdd08c983394748c4728a7,1032,1.0999999970062735e-06,-0.50797047,0.71537873
4,300,300K_orthogonal800,star_orth800_uid001229_sk9_rg1_pl0_random__75cec41356b2,star,9,300K_orthogonal800/row_0004__star_orth800_uid001229_sk9_rg1_pl0_random__75cec41356b2.data,345353,1701e4219c316f03fb16529cf5145f04473a5853443044199d6999f6cd5e6ab1,951,-2.498001805406602e-16,-0.397189,0.168633
5,300,300K_prod400,cyclic_uid000117_idx42_rg0_pl2_random__d0eda9e15e9b,cyclic,42,300K_prod400/row_0005__cyclic_uid000117_idx42_rg0_pl2_random__d0eda9e15e9b.data,365928,42d8f84d1b684f68bbfe3c85bf71b13020e0ed7a3b35ec57e122deb6e63d5c74,1054,1.0199999863624853e-06,-1.12535237,0.57941663
6,300,300K_orthogonal800,cyclic_orth800_uid000535_sk5_rg0_pl1_alternating__dd31ee35b4a5,cyclic,5,300K_orthogonal800/row_0006__cyclic_orth800_uid000535_sk5_rg0_pl1_alternating__dd31ee35b4a5.data,330475,464bdd13d4731857e5c5ce4875d8e6d02590f851b576a0e540a7b053dd299573,940,2.1094237467877974e-15,-0.444647,0.508947
7,300,300K_orthogonal800,cyclic_orth800_uid000537_sk4_rg0_pl1_alternating__84f76c7ad158,cyclic,4,300K_orthogonal800/row_0007__cyclic_orth800_uid000537_sk4_rg0_pl1_alternating__84f76c7ad158.data,402748,5fc82ad17d30f175e78f4e6321698520ea6ea16b50cea3679a5c78ce31b67e72,1095,7.327471962526033e-15,-0.580133,1.28357
8,300,300K_orthogonal800,cyclic_orth800_uid000601_sk4_rg1_pl1_alternating__9660b7251ce7,cyclic,4,300K_orthogonal800/row_0008__cyclic_orth800_uid000601_sk4_rg1_pl1_alternating__9660b7251ce7.data,402748,10c973fa31df1e48395827391aabe852d01e483222fdd6b693c9733a0fb25069,1095,7.299716386910404e-15,-0.580133,1.28357
9,300,300K_orthogonal800,star_orth800_uid001266_sk8_rg1_pl2_random__61620b0f3a45,star,8,300K_orthogonal800/row_0009__star_orth800_uid001266_sk8_rg1_pl2_random__61620b0f3a45.data,371063,12d6d24ab607b68bee1c00ca0ef2eaeadebf8a5e401f83d1e36b33c43eb0446b,1012,-7.216449660063518e-16,-0.50108,0.168818
10,300,300K_orthogonal800,linear_orth800_uid000246_sk2_rg1_pl2_alternating__8fe51f63290c,linear,2,300K_orthogonal800/row_0010__linear_orth800_uid000246_sk2_rg1_pl2_alternating__8fe51f63290c.data,360741,f34ca77422effd021b0060bce741e93445401050aa46d83992d28179419e13f4,1068,1.3877787807814457e-16,-0.471992,0.50336
11,300,300K_orthogonal800,linear_orth800_uid000111_sk2_rg1_pl2_block__0a7c07eba337,linear,2,300K_orthogonal800/row_0011__linear_orth800_uid000111_sk2_rg1_pl2_block__0a7c07eba337.data,360735,cca8595b06620e17deeab40c2b75d39fafb1e0ba93ed65484443a3bbb0156853,1068,-1.942890293094024e-16,-0.471992,0.502556
12,300,300K_orthogonal800,cyclic_orth800_uid000407_sk7_rg0_pl0_block__b8e81a4b48ee,cyclic,7,300K_orthogonal800/row_0012__cyclic_orth800_uid000407_sk7_rg0_pl0_block__b8e81a4b48ee.data,370134,385073d957eb3142d13d23387c60dfa870b52f28d83146df343f20189027bac6,1050,2.7755575615628914e-16,-0.471992,0.174428
13,300,300K_orthogonal800,branch_orth800_uid001353_sk19_rg1_pl1_block__b054b27d5899,branch,19,300K_orthogonal800/row_0013__branch_orth800_uid001353_sk19_rg1_pl1_block__b054b27d5899.data,359451,c052a09f54119c9b2dbee97e2d4dc34f44335fd08d05cc1a828b2ee71eaac7c9,980,-1.970645868709653e-15,-0.556319,1.280491
14,300,300K_orthogonal800,star_orth800_uid001109_sk9_rg1_pl2_alternating__675bd6022e54,star,9,300K_orthogonal800/row_0014__star_orth800_uid001109_sk9_rg1_pl2_alternating__675bd6022e54.data,352070,bda2b4e68b9f416dc465d017c3fe07acd199459f7f1a01dc4328b98b6bcf5748,969,1.8596235662471372e-15,-1.165001,1.302677
15,300,300K_orthogonal800,branch_orth800_uid001466_sk19_rg0_pl1_alternating__b181060a122c,branch,19,300K_orthogonal800/row_0015__branch_orth800_uid001466_sk19_rg0_pl1_alternating__b181060a122c.data,356657,3060ce2428acb1f6c8dbd45682e2aee0f91b17197990674134191a5521c051c2,976,-1.970645868709653e-15,-0.458506,0.451647
16,300,300K_orthogonal800,star_orth800_uid001259_sk8_rg1_pl2_random__960cb3f60a05,star,8,300K_orthogonal800/row_0016__star_orth800_uid001259_sk8_rg1_pl2_random__960cb3f60a05.data,351241,efd191f0f4a403fd7477aa9ff031b8190c6b2119ffac27d6442c34fb71cc8d5f,972,2.3037127760972e-15,-0.392509,0.169114
17,300,300K_orthogonal800,linear_orth800_uid000088_sk0_rg1_pl1_block__0edda0ce5dbd,linear,0,300K_orthogonal800/row_0017__linear_orth800_uid000088_sk0_rg1_pl1_block__0edda0ce5dbd.data,402083,d1fbb768524017c5ee9127850228d468d0048ac3eee2b042dbbc5da5ddc203a4,1094,-8.326672684688674e-17,-0.445702,0.503353
18,300,300K_orthogonal800,star_orth800_uid001300_sk13_rg2_pl1_random__3655c5eae7f8,star,13,300K_orthogonal800/row_0018__star_orth800_uid001300_sk13_rg2_pl1_random__3655c5eae7f8.data,305419,e22265cb59601a8160a3c1ecd5d104fa0df1ae02166b385871dca50da4232de4,927,3.0531133177191805e-15,-3.124198,4.124479
19,300,300K_orthogonal800,cyclic_orth800_uid000558_sk4_rg0_pl1_alternating__a6e54701e838,cyclic,4,300K_orthogonal800/row_0019__cyclic_orth800_uid000558_sk4_rg0_pl1_alternating__a6e54701e838.data,381675,f396e4353f3ccf6974a8d9ef6bb664842c043425b88e1aa2549f057908e70538,1050,-4.3576253716537394e-15,-0.47475,0.444668
20,300,300K_prod400,cyclic_uid000071_idx26_rg2_pl1_block__6a673d0da09e,cyclic,26,300K_prod400/row_0020__cyclic_uid000071_idx26_rg2_pl1_block__6a673d0da09e.data,359993,e9c12d901768f21711cca0a1dd0b5c79fe11a47d46d4c5ff4654ada14efed4eb,1040,2.879999987187576e-06,-0.35497233,0.172839
21,300,300K_orthogonal800,cyclic_orth800_uid000748_sk4_rg1_pl2_random__61362a07ac10,cyclic,4,300K_orthogonal800/row_0021__cyclic_orth800_uid000748_sk4_rg1_pl2_random__61362a07ac10.data,355553,b46d002123c436d5fe29a285d82dc37430736f595def9d2a6671a4884e7734ca,960,1.6653345369377348e-16,-0.323729,0.344047
22,300,300K_orthogonal800,star_orth800_uid001163_sk9_rg2_pl1_alternating__028e295f842c,star,9,300K_orthogonal800/row_0022__star_orth800_uid001163_sk9_rg2_pl1_alternating__028e295f842c.data,373260,0965ed92962f4cb0565e9655877d8badcd1e75b235d146a89a5b743827657dd2,1046,-1.7486012637846216e-15,-2.042624,3.258506
23,300,300K_orthogonal800,linear_orth800_uid000147_sk0_rg2_pl1_block__ada7d7d2daa4,linear,0,300K_orthogonal800/row_0023__linear_orth800_uid000147_sk0_rg2_pl1_block__ada7d7d2daa4.data,387742,090961eb091216ed4919cd30c972b14711e2be13a09eccd841ed677f8d64ec03,1052,-7.494005416219807e-16,-0.3882,0.16858
24,300,300K_orthogonal800,cyclic_orth800_uid000586_sk4_rg1_pl1_alternating__0efa539e1d54,cyclic,4,300K_orthogonal800/row_0024__cyclic_orth800_uid000586_sk4_rg1_pl1_alternating__0efa539e1d54.data,354802,3908d9c7053f02cda9ec28b8c339fa1e6057ad9f84c508ea4fc3d94b0f25e63d,960,-1.3461454173580023e-14,-0.321455,0.16855
25,300,300K_orthogonal800,linear_orth800_uid000191_sk3_rg1_pl0_alternating__7f853582eb3c,linear,3,300K_orthogonal800/row_0025__linear_orth800_uid000191_sk3_rg1_pl0_alternating__7f853582eb3c.data,379044,b19a3f7878e9de6af7c7c5bb7d44c3d450ed27ac42d60884a79906dbc6e2db66,1068,8.326672684688674e-17,-0.480102,0.17387
26,300,300K_orthogonal800,star_orth800_uid001095_sk9_rg1_pl1_alternating__06c85a3852ff,star,9,300K_orthogonal800/row_0026__star_orth800_uid001095_sk9_rg1_pl1_alternating__06c85a3852ff.data,361224,a09ebfc94c9ced282063bc29cc63ab0214e8090a65ba05026a948a5b9b3b9b13,981,-7.16093850883226e-15,-0.541212,1.292931
27,300,300K_prod400,comb_uid000326_idx102_rg0_pl2_junction_enriched__cc5b77fc8b84,comb,102,300K_prod400/row_0027__comb_uid000326_idx102_rg0_pl2_junction_enriched__cc5b77fc8b84.data,328356,bff0422c4f9c9e55e58dd67aea68fecba4fce678a5d4bcc77d4431c399e0ca2d,964,1.3000000581575577e-07,-1.12596031,0.57750081
28,300,300K_orthogonal800,star_orth800_uid000913_sk12_rg1_pl2_block__515de5333e32,star,12,300K_orthogonal800/row_0028__star_orth800_uid000913_sk12_rg1_pl2_block__515de5333e32.data,354491,a8d2d35d670e16251354731f231caecf77af5a86a322f02c1555c9d4fef587fb,1039,-5.6066262743570405e-15,-0.476735,0.174428
29,300,300K_orthogonal800,star_orth800_uid001164_sk9_rg2_pl1_alternating__fb1015fd7ea8,star,9,300K_orthogonal800/row_0029__star_orth800_uid001164_sk9_rg2_pl1_alternating__fb1015fd7ea8.data,334980,e8855c9800177d11512f44148f198474f76acc8f7617bab94ca3a88ca426a212,930,9.159339953157541e-16,-0.547403,1.277082
30,300,300K_orthogonal800,linear_orth800_uid000180_sk0_rg1_pl0_alternating__dd10eedac4fb,linear,0,300K_orthogonal800/row_0030__linear_orth800_uid000180_sk0_rg1_pl0_alternating__dd10eedac4fb.data,387844,0a9c031779456a4aacb75bdfe19f8b251ce3d5030c8051326c1e971a78f809dc,1092,-6.38378239159465e-16,-2.042624,3.241175
31,300,300K_orthogonal800,linear_orth800_uid000156_sk0_rg0_pl1_alternating__db3479e0453a,linear,0,300K_orthogonal800/row_0031__linear_orth800_uid000156_sk0_rg0_pl1_alternating__db3479e0453a.data,403862,c5dff7ab6f42f1b13e3d92d33194037efdce7c8d42ab17105f7603f56d428753,1100,1.1185496973098452e-14,-0.3879,0.186151
32,300,300K_orthogonal800,star_orth800_uid001223_sk9_rg1_pl0_random__72871a3fe2c3,star,9,300K_orthogonal800/row_0032__star_orth800_uid001223_sk9_rg1_pl0_random__72871a3fe2c3.data,328162,bbca63f919069d312b121fc447e3a6d86bb287496516c561da2dec0544232cb1,906,-3.3584246494910985e-15,-0.391064,0.169206
33,300,300K_orthogonal800,star_orth800_uid001111_sk8_rg1_pl2_alternating__6ed82f984b86,star,8,300K_orthogonal800/row_0033__star_orth800_uid001111_sk8_rg1_pl2_alternating__6ed82f984b86.data,352807,914567c261f16abd18c5fc59ea8471511222f97bbd5209f144e6f8c9d8df2a30,974,5.828670879282072e-16,-0.467454,0.458865
34,300,300K_orthogonal800,linear_orth800_uid000271_sk1_rg2_pl1_alternating__b663fcefe4bf,linear,1,300K_orthogonal800/row_0034__linear_orth800_uid000271_sk1_rg2_pl1_alternating__b663fcefe4bf.data,323729,3405ce0819d02abab65a76e91126ee1d01bfe1b533c9fcadffdd1bfefaaa29a7,921,0.0,-0.444647,0.500457
35,300,300K_orthogonal800,star_orth800_uid000880_sk9_rg1_pl0_block__688e953fdeaf,star,9,300K_orthogonal800/row_0035__star_orth800_uid000880_sk9_rg1_pl0_block__688e953fdeaf.data,353189,04e9a21f046e2d112bc6a83d3ebf0d78674d7e0bc968cc514780adc23b0fc67e,960,1.8041124150158794e-15,-0.581266,1.28981
36,300,300K_orthogonal800,linear_orth800_uid000238_sk1_rg1_pl2_alternating__a7f0d333e775,linear,1,300K_orthogonal800/row_0036__linear_orth800_uid000238_sk1_rg1_pl2_alternating__a7f0d333e775.data,343822,59946b2b9867c36e895c43ce647555fc968377146725378831904c2a2e896244,1010,7.688294445529209e-15,-0.444835,0.503733
37,300,300K_orthogonal800,cyclic_orth800_uid000685_sk4_rg1_pl0_random__7e7bf9bc5f86,cyclic,4,300K_orthogonal800/row_0037__cyclic_orth800_uid000685_sk4_rg1_pl0_random__7e7bf9bc5f86.data,403296,99d7aec9c6e6e9e876b1228e32b8f7233a404f82cbf8188ea2956e49a5923652,1095,2.858824288409778e-15,-0.581266,1.282544
38,300,300K_orthogonal800,linear_orth800_uid000263_sk0_rg2_pl1_alternating__fe5a2cc01f8b,linear,0,300K_orthogonal800/row_0038__linear_orth800_uid000263_sk0_rg2_pl1_alternating__fe5a2cc01f8b.data,366563,557aca1341d124b659587b8c2e90a30dc158ab93fc3900e39372a99580c8bcdf,1010,2.220446049250313e-16,-0.405393,0.170061
39,300,300K_orthogonal800,linear_orth800_uid000281_sk0_rg0_pl1_random__3dd8de5efb0e,linear,0,300K_orthogonal800/row_0039__linear_orth800_uid000281_sk0_rg0_pl1_random__3dd8de5efb0e.data,382428,03151be91b2c058925635f6b348aeb526c93a135dd86ff36f55369e42f8c29ee,1044,5.745404152435185e-15,-0.482645,0.174428
40,300,300K_orthogonal800,star_orth800_uid001182_sk8_rg0_pl1_random__3c62b82fe1e8,star,8,300K_orthogonal800/row_0040__star_orth800_uid001182_sk8_rg0_pl1_random__3c62b82fe1e8.data,369137,c1f31f6f4475b327fbc2672c9f456165f527a26cd0f33e7f5d9aa1eb18ca88c4,1039,3.524958103184872e-15,-3.124198,4.124479
41,300,300K_orthogonal800,star_orth800_uid001072_sk13_rg1_pl0_alternating__195c633cc9b4,star,13,300K_orthogonal800/row_0041__star_orth800_uid001072_sk13_rg1_pl0_alternating__195c633cc9b4.data,349149,9cf408d7f40aae33720751b00798d38a3b4c31eeb59c149cfb49e7c7b06308ca,1091,-1.4377388168895777e-14,-2.128616,3.181313
42,300,300K_orthogonal800,cyclic_orth800_uid000510_sk6_rg2_pl1_block__56800e68b4ac,cyclic,6,300K_orthogonal800/row_0042__cyclic_orth800_uid000510_sk6_rg2_pl1_block__56800e68b4ac.data,343860,afa7013be19046c5ab4170ad2a971b42831c341f241e07f1bba9a2a3604c6646,964,-2.248201624865942e-15,-0.239176,0.184908
43,300,300K_orthogonal800,star_orth800_uid001234_sk11_rg1_pl1_random__397c19bf740f,star,11,300K_orthogonal800/row_0043__star_orth800_uid001234_sk11_rg1_pl1_random__397c19bf740f.data,349640,2ba1c12f6a61e75ffcf7ed96a01553ac5132ba0c1e293e026805b01f9206211a,966,-4.3021142204224816e-15,-0.543093,1.287509
44,300,300K_prod400,linear_uid000013_idx4_rg0_pl0_alternating__91fbd6137a25,linear,4,300K_prod400/row_0044__linear_uid000013_idx4_rg0_pl0_alternating__91fbd6137a25.data,317873,eb8f97fff1b41fec3bc537ef5f6c95e2bbea18cffb66618d860ef78daba7e44e,912,8.099999883326436e-07,-1.12535237,0.57941663
45,300,300K_prod400,cyclic_uid000064_idx44_rg2_pl2_gradient__e99fa395f267,cyclic,44,300K_prod400/row_0045__cyclic_uid000064_idx44_rg2_pl2_gradient__e99fa395f267.data,308186,67fb5959145bd09b3fe327b689e8154e648d26e745d220a91cefb10c44e55cac,912,-2.279999986087855e-06,-1.10802819,0.57750081
46,300,300K_orthogonal800,star_orth800_uid000969_sk14_rg2_pl1_block__5560026a434d,star,14,300K_orthogonal800/row_0046__star_orth800_uid000969_sk14_rg2_pl1_block__5560026a434d.data,369203,52c4ee1aed5de972b68205e0542f95c8a2d4d31bea1a29113111adc7a971b119,1064,1.4432899320127035e-15,-1.147018,1.286606
47,300,300K_orthogonal800,star_orth800_uid001092_sk8_rg1_pl1_alternating__eb86f3428158,star,8,300K_orthogonal800/row_0047__star_orth800_uid001092_sk8_rg1_pl1_alternating__eb86f3428158.data,372443,16cda1ff94f6753e40e6212c10f72eeca8bdb8e2399cf4dbdd5a7992c67c57aa,1047,1.1379786002407855e-15,-2.042624,3.258506
48,300,300K_prod400,comb_uid000158_idx107_rg0_pl2_random__be2a1c69ee5f,comb,107,300K_prod400/row_0048__comb_uid000158_idx107_rg0_pl2_random__be2a1c69ee5f.data,358938,5594c641b5f7d9b274ae3c894a4a3a2fece3987ea554297cabff3b48bf5c3836,1041,-5.39999996829188e-07,-1.11370231,0.57750081
49,300,300K_prod400,branch_uid000171_idx76_rg1_pl1_random__55d4f791eb9b,branch,76,300K_prod400/row_0049__branch_uid000171_idx76_rg1_pl1_random__55d4f791eb9b.data,363389,73c96dab6c963400f4c6f0ea3b19158179a4938e3738c6f72fc32b3cc5a75b1a,1026,6.399999999961992e-07,-0.51523571,0.20207171
50,300,300K_orthogonal800,branch_orth800_uid001372_sk19_rg1_pl2_block__ee571e7207b2,branch,19,300K_orthogonal800/row_0050__branch_orth800_uid001372_sk19_rg1_pl2_block__ee571e7207b2.data,339874,e190e644adc31add3ca86ec371c9f4fb7bcd88e244bfbaf32f39675d6673e0c9,945,1.8596235662471372e-15,-0.563077,1.286645
51,300,300K_orthogonal800,linear_orth800_uid000105_sk0_rg1_pl2_block__65d4d7b5ec0f,linear,0,300K_orthogonal800/row_0051__linear_orth800_uid000105_sk0_rg1_pl2_block__65d4d7b5ec0f.data,403582,2a63389f47fe0da7f9f52a616560eb185316772bc50c72e65fd7253046623285,1100,-4.718447854656915e-16,-0.382326,0.185572
52,300,300K_orthogonal800,linear_orth800_uid000285_sk1_rg0_pl1_random__41fba7a76016,linear,1,300K_orthogonal800/row_0052__linear_orth800_uid000285_sk1_rg0_pl1_random__41fba7a76016.data,343813,1e27beecd3b9d10c2f5de6b78220c14ea1928bf755578c1a62ab2b351cf8221b,1010,4.385380947269368e-15,-0.448078,0.503364
53,300,300K_orthogonal800,branch_orth800_uid001502_sk19_rg1_pl1_alternating__b5057e15751f,branch,19,300K_orthogonal800/row_0053__branch_orth800_uid001502_sk19_rg1_pl1_alternating__b5057e15751f.data,329706,ea380381bbb456830cc3cbca8c2f8d0db0f45f04ddd26dbfcccb71a82931ee96,904,1.3322676295501878e-15,-0.563799,1.267522
54,300,300K_orthogonal800,cyclic_orth800_uid000585_sk5_rg1_pl1_alternating__0d3c030cc4af,cyclic,5,300K_orthogonal800/row_0054__cyclic_orth800_uid000585_sk5_rg1_pl1_alternating__0d3c030cc4af.data,330479,a23cd920f49a68efd322e51958efe31e21f35ee64553bf2a75ab2ccf1664673e,940,1.7208456881689926e-15,-0.444647,0.508947
55,300,300K_prod400,cyclic_uid000008_idx34_rg0_pl0_block__ead00db17929,cyclic,34,300K_prod400/row_0055__cyclic_uid000008_idx34_rg0_pl0_block__ead00db17929.data,361406,6942c98da56d9970cad6f9bdade78afe94acae294ae944220c034b159a2e4676,1038,-2.5999999902770465e-06,-1.12653088,0.57950613
56,300,300K_prod400,cyclic_uid000052_idx44_rg1_pl2_gradient__e99fa395f267,cyclic,44,300K_prod400/row_0056__cyclic_uid000052_idx44_rg1_pl2_gradient__e99fa395f267.data,308186,e9490533a4ea052d9678f809db15f423a242f60539698a47f372e9035e9e165d,912,-2.279999986087855e-06,-1.10802819,0.57750081
57,300,300K_orthogonal800,star_orth800_uid000840_sk14_rg0_pl2_block__c70ddb7ecf75,star,14,300K_orthogonal800/row_0057__star_orth800_uid000840_sk14_rg0_pl2_block__c70ddb7ecf75.data,364492,ea99d1b80fe3550a7c2d0f57c32da2318fb8add7a81b2dfdad541128e2efc324,1032,-3.885780586188048e-16,-0.486734,0.460076
58,300,300K_orthogonal800,branch_orth800_uid001527_sk19_rg1_pl2_alternating__84dc37565d80,branch,19,300K_orthogonal800/row_0058__branch_orth800_uid001527_sk19_rg1_pl2_alternating__84dc37565d80.data,330600,d1464f5cddfba816862bde2d0211e2461a2ebdc94cd579d8565d1f7a546109ed,905,-1.3322676295501878e-15,-0.537187,1.294207
59,300,300K_prod400,cyclic_uid000037_idx29_rg1_pl0_gradient__2eb2c7a134db,cyclic,29,300K_prod400/row_0059__cyclic_uid000037_idx29_rg1_pl0_gradient__2eb2c7a134db.data,326205,656effa8c56b6a07bb76f3928816eb877d518e273dcac95834ce16fa8faaed27,914,2.2999999974016028e-06,-0.51516707,0.71246147
60,300,300K_prod400,cyclic_uid000070_idx26_rg2_pl1_random__c642c1f41717,cyclic,26,300K_prod400/row_0060__cyclic_uid000070_idx26_rg2_pl1_random__c642c1f41717.data,310356,55594e950b03eef9bed1f03de9afc12636dcba38a3772df572d6dd4a3123bd42,936,-2.080000007398386e-06,-0.530867,0.415301
61,300,300K_orthogonal800,star_orth800_uid000912_sk11_rg1_pl2_block__0198dc8f082c,star,11,300K_orthogonal800/row_0061__star_orth800_uid000912_sk11_rg1_pl2_block__0198dc8f082c.data,359460,90da2731938eb5162e6dfc4561b50b3f1993b9b92c15d4b6a94498311981689d,1045,3.608224830031759e-16,-0.563397,1.258176
62,300,300K_prod400,cyclic_uid000216_idx36_rg0_pl0_block__0d25ed4aebe7,cyclic,36,300K_prod400/row_0062__cyclic_uid000216_idx36_rg0_pl0_block__0d25ed4aebe7.data,330614,2b5a705be9b26913b1391643c79f8b03b4b0170846e2426616bce47f5e0f89ef,952,1.1599999953648688e-06,-1.115086,0.57750081
63,300,300K_prod400,comb_uid000170_idx107_rg1_pl0_random__0d22f80d4c8d,comb,107,300K_prod400/row_0063__comb_uid000170_idx107_rg1_pl0_random__0d22f80d4c8d.data,345762,1e85ba3fa8ae62eff87ccc34561ccdc2985b914e07dcdb242e43ffe61e4fb9f8,988,1.8500000030508001e-06,-0.50925533,0.71348367
64,300,300K_orthogonal800,branch_orth800_uid001432_sk19_rg2_pl1_block__cd8d5b9679ab,branch,19,300K_orthogonal800/row_0064__branch_orth800_uid001432_sk19_rg2_pl1_block__cd8d5b9679ab.data,332571,819a5209f2e2edfce3bc5ab999acc0ffd9e21f404eba8f67a694740c0c194032,908,4.440892098500626e-16,-0.549558,1.294207
65,300,300K_orthogonal800,cyclic_orth800_uid000556_sk6_rg0_pl1_alternating__88d58f7af2d1,cyclic,6,300K_orthogonal800/row_0065__cyclic_orth800_uid000556_sk6_rg0_pl1_alternating__88d58f7af2d1.data,330543,5412707b7e915b308fe2f756b0d5d659a5d47c4900567203ea20d3d39f97cef3,937,2.914335439641036e-15,-0.572932,1.284476
66,300,300K_orthogonal800,star_orth800_uid001070_sk9_rg1_pl0_alternating__635a9cb733eb,star,9,300K_orthogonal800/row_0066__star_orth800_uid001070_sk9_rg1_pl0_alternating__635a9cb733eb.data,352727,5b12e1c974e58318cf53d730753a93912f44fd0db92d7c39743c1274b7cea5aa,960,1.8041124150158794e-15,-0.581266,1.28981
67,300,300K_orthogonal800,star_orth800_uid000908_sk8_rg1_pl1_block__0152ab309ac2,star,8,300K_orthogonal800/row_0067__star_orth800_uid000908_sk8_rg1_pl1_block__0152ab309ac2.data,395537,bfb02bdc6593954ce97d4a4d0757a1c6d672740a33f6fe175fc3eb945e599de8,1089,-8.326672684688674e-17,-1.09015,0.595116
68,300,300K_prod400,linear_uid000090_idx5_rg2_pl0_gradient__566c1c6deee0,linear,5,300K_prod400/row_0068__linear_uid000090_idx5_rg2_pl0_gradient__566c1c6deee0.data,367960,6754aece7c2a3e9e7eacbf04b7ef758afc2e24715ebdab848912e46cd96b5605,1066,6.499999953557545e-07,-0.53377727,0.22078173
69,300,300K_orthogonal800,star_orth800_uid001203_sk13_rg0_pl1_random__47e57fc758b8,star,13,300K_orthogonal800/row_0069__star_orth800_uid001203_sk13_rg0_pl1_random__47e57fc758b8.data,304016,13c1fa54a1ac83e70e9617d2e04b7efb71588ef75715ddf4f2db537cf19f6e19,925,2.55351295663786e-15,-3.124198,4.124479
70,300,300K_orthogonal800,star_orth800_uid000911_sk13_rg1_pl2_block__c4057c5c1ccd,star,13,300K_orthogonal800/row_0070__star_orth800_uid000911_sk13_rg1_pl2_block__c4057c5c1ccd.data,323175,e48ce501536eb345e036666321a3558b30ec32b3e6fa48bd67e4fd5eb42a927a,927,-3.0531133177191805e-16,-1.14728,0.618363
71,300,300K_orthogonal800,star_orth800_uid000924_sk13_rg1_pl2_block__112553a1221c,star,13,300K_orthogonal800/row_0071__star_orth800_uid000924_sk13_rg1_pl2_block__112553a1221c.data,312717,5204a9e65a9d6755be25e1032eeeff114db4baa646bc9c7b63a13b44d2486df4,901,-3.3306690738754696e-16,-0.451368,0.505975
72,300,300K_orthogonal800,star_orth800_uid001206_sk8_rg1_pl0_random__84b48a26a3e4,star,8,300K_orthogonal800/row_0072__star_orth800_uid001206_sk8_rg1_pl0_random__84b48a26a3e4.data,362746,ae9cd24b998cabea8b90b08fdd07fffecf1af3eaccf4a525d0ab0aee7e05949f,988,3.191891195797325e-15,-0.581266,1.290574
73,300,300K_prod400,cyclic_uid000043_idx34_rg1_pl2_random__60f32f08479d,cyclic,34,300K_prod400/row_0073__cyclic_uid000043_idx34_rg1_pl2_random__60f32f08479d.data,356301,44c89bf37e14449dc098886ce7edb562385663006d25412ab79118413b4d7f4d,1005,-1.4999998554365845e-07,-0.52346027,0.70845153
74,300,300K_prod400,linear_uid000047_idx15_rg1_pl0_alternating__a9e03578abe3,linear,15,300K_prod400/row_0074__linear_uid000047_idx15_rg1_pl0_alternating__a9e03578abe3.data,314467,40a07e437a233ec06334423a931424b610586f4639dcc4ed357b8eb4a95fcb6b,911,-2.119999994554256e-06,-1.12499513,0.71202633
75,300,300K_prod400,linear_uid000058_idx4_rg1_pl1_gradient__663960dd9be6,linear,4,300K_prod400/row_0075__linear_uid000058_idx4_rg1_pl1_gradient__663960dd9be6.data,312536,e373cecea7d6f90b6f4560afbe7e7bc52a0f3e04dbb7694eff5e84502a6add5b,926,-2.0799999864429264e-06,-1.12596031,0.57750081
76,300,300K_orthogonal800,star_orth800_uid000995_sk10_rg2_pl2_block__b906d660e0eb,star,10,300K_orthogonal800/row_0076__star_orth800_uid000995_sk10_rg2_pl2_block__b906d660e0eb.data,389982,4bb313262801a79b11f14249aee5ee5bd7aa8169cad22318b3fb0c358a460bda,1094,-2.498001805406602e-16,-0.484852,0.456681
77,300,300K_orthogonal800,star_orth800_uid000811_sk8_rg0_pl1_block__56b3ac0e9cae,star,8,300K_orthogonal800/row_0077__star_orth800_uid000811_sk8_rg0_pl1_block__56b3ac0e9cae.data,366846,3720f5914dec32edf38b9e1bfb6200df3a1b23e9cd759fed1abea9ee89b971e6,1037,3.0808688933348094e-15,-3.124198,4.124479
78,300,300K_orthogonal800,linear_orth800_uid000158_sk2_rg0_pl1_alternating__0361d363a136,linear,2,300K_orthogonal800/row_0078__linear_orth800_uid000158_sk2_rg0_pl1_alternating__0361d363a136.data,303763,48ee22d56935276b20436d61ef4cec913aa64e2d08788909af55146e274c5e81,928,-1.1102230246251565e-16,-1.99655,3.090464
79,300,300K_orthogonal800,star_orth800_uid000810_sk8_rg0_pl1_block__30268a3e74e7,star,8,300K_orthogonal800/row_0079__star_orth800_uid000810_sk8_rg0_pl1_block__30268a3e74e7.data,344262,e9f54cfa80c0c074154e93335e30113d040850d20ca79104d67ce778e73fe963,945,2.248201624865942e-15,-0.461368,0.456385
80,300,300K_orthogonal800,cyclic_orth800_uid000674_sk5_rg0_pl1_random__d95e6fb7c625,cyclic,5,300K_orthogonal800/row_0080__cyclic_orth800_uid000674_sk5_rg0_pl1_random__d95e6fb7c625.data,302089,ee0a2d798da6fd1290808c365329b53754987d0ffc6535cc0ad4ccd7c80d57e0,920,-5.551115123125783e-16,-3.124198,4.124479
81,300,300K_prod400,linear_uid000093_idx4_rg2_pl1_gradient__25c652c9c293,linear,4,300K_prod400/row_0081__linear_uid000093_idx4_rg2_pl1_gradient__25c652c9c293.data,315317,615c8083bb888091c52d8019e690d5417875f8c724b157035b1260676c861052,934,-2.259999987153094e-06,-1.11894688,0.57750081
82,300,300K_orthogonal800,cyclic_orth800_uid000693_sk5_rg1_pl0_random__f03f83cbfd4f,cyclic,5,300K_orthogonal800/row_0082__cyclic_orth800_uid000693_sk5_rg1_pl0_random__f03f83cbfd4f.data,316464,b50e055dbe97a6567b50ee0656dcda51629076d7761847bb4bb5755839964045,940,-3.3306690738754696e-16,-3.124198,4.124479
83,300,300K_orthogonal800,branch_orth800_uid001375_sk19_rg1_pl2_block__52cc5e32aec3,branch,19,300K_orthogonal800/row_0083__branch_orth800_uid001375_sk19_rg1_pl2_block__52cc5e32aec3.data,330395,1520a0d04d2b6d69253b7825c32127ccdc093875471ff58b35782768870e945d,905,3.1086244689504383e-15,-0.558965,1.279923
84,300,300K_orthogonal800,cyclic_orth800_uid000710_sk5_rg1_pl1_random__279759c70494,cyclic,5,300K_orthogonal800/row_0084__cyclic_orth800_uid000710_sk5_rg1_pl1_random__279759c70494.data,368220,aae85cac043243bd95cd64d4ea9970de87e8ca510eb3f183500ac58741e9f205,1064,-2.3314683517128287e-15,-3.040642,3.789268
85,300,300K_orthogonal800,cyclic_orth800_uid000564_sk5_rg1_pl0_alternating__348713f17da7,cyclic,5,300K_orthogonal800/row_0085__cyclic_orth800_uid000564_sk5_rg1_pl0_alternating__348713f17da7.data,355320,ddd539b6c03fc855db1ef881a5141ad66f8f946ba46bb1c338364449031c23e9,1040,9.020562075079397e-15,-0.444835,0.503364
86,300,300K_orthogonal800,star_orth800_uid000875_sk9_rg1_pl0_block__c4fb2adc0fe5,star,9,300K_orthogonal800/row_0086__star_orth800_uid000875_sk9_rg1_pl0_block__c4fb2adc0fe5.data,374047,08e866736c0f8b4852e8d8dd8c44d66fa55e8b12e3328b4ac6dbeca1b3d0f04d,1015,5.828670879282072e-16,-0.32825,0.16858
87,300,300K_orthogonal800,star_orth800_uid001009_sk11_rg2_pl2_block__e0190d3e1031,star,11,300K_orthogonal800/row_0087__star_orth800_uid001009_sk11_rg2_pl2_block__e0190d3e1031.data,358645,6b93eb38a9ce0466c36879d60a334bc9f7c84a6adc4b4b93aa783ca96182758d,1044,3.608224830031759e-16,-0.448078,0.522255
88,300,300K_orthogonal800,star_orth800_uid000962_sk13_rg2_pl1_block__5b176135895d,star,13,300K_orthogonal800/row_0088__star_orth800_uid000962_sk13_rg2_pl1_block__5b176135895d.data,328909,1b43e4c1433987306af3035c9c5fcdfca61a95668cc4db5a07a19e4bcf15a0e3,924,-2.0816681711721685e-15,-0.557034,1.259789
89,300,300K_orthogonal800,star_orth800_uid000868_sk9_rg1_pl0_block__8c515a53ab69,star,9,300K_orthogonal800/row_0089__star_orth800_uid000868_sk9_rg1_pl0_block__8c515a53ab69.data,387180,bba13de15f42a2a34d0e50566cc56c26775528e6c32478ed6b9eb74802a836a1,1051,3.608224830031759e-16,-0.327076,0.188314
90,300,300K_prod400,star_uid000175_idx58_rg0_pl1_random__11d19b274b56,star,58,300K_prod400/row_0090__star_uid000175_idx58_rg0_pl1_random__11d19b274b56.data,317130,8bb38d3dc25fc1cac9581fc43b66d8fc1c79dfc610c96e1b8319227a134f8295,945,1.7799999918743925e-06,-0.39508273,0.17262267
91,300,300K_orthogonal800,star_orth800_uid000905_sk10_rg1_pl1_block__b0ad12e09e4d,star,10,300K_orthogonal800/row_0091__star_orth800_uid000905_sk10_rg1_pl1_block__b0ad12e09e4d.data,317856,709e1eb5be55485ef2d636c3b884bac4a9419cc40d0f1a6e9d0bb7894845a195,923,-1.6653345369377348e-16,-0.575858,1.291089
92,300,300K_orthogonal800,cyclic_orth800_uid000738_sk7_rg1_pl2_random__1fb25e11aaa9,cyclic,7,300K_orthogonal800/row_0092__cyclic_orth800_uid000738_sk7_rg1_pl2_random__1fb25e11aaa9.data,318554,bce070f2ba4bcd22403b54b8e05a1bbf4f31a7ad0d0745e450a6c55c29d1ce2b,910,2.1649348980190553e-15,-0.5173,0.191838
93,300,300K_orthogonal800,star_orth800_uid000892_sk10_rg1_pl1_block__cf00814399e1,star,10,300K_orthogonal800/row_0093__star_orth800_uid000892_sk10_rg1_pl1_block__cf00814399e1.data,334985,0c73359853bc4f31ebcd99ba360d581592365d770c7716390a891f2783bae426,975,4.0245584642661925e-15,-3.124198,4.124479
94,300,300K_orthogonal800,cyclic_orth800_uid000444_sk4_rg1_pl0_block__8f7b22187609,cyclic,4,300K_orthogonal800/row_0094__cyclic_orth800_uid000444_sk4_rg1_pl0_block__8f7b22187609.data,387601,85fda6a999ef919c5bafecd11869e493936e0c1b3ba734cb3c479ee5b78d9c6b,1065,2.7755575615628914e-16,-0.391517,0.16858
95,300,300K_prod400,comb_uid000159_idx107_rg0_pl2_junction_enriched__54c6d86b55bd,comb,107,300K_prod400/row_0095__comb_uid000159_idx107_rg0_pl2_junction_enriched__54c6d86b55bd.data,309528,4470ff009c81b92449924e580ac3ca8e2c173a925bab3ed5e84055ce24d8e96b,901,-7.599999924112755e-07,-1.12332681,0.57750081
96,300,300K_orthogonal800,linear_orth800_uid000348_sk1_rg1_pl1_random__e3fa60e9c6d2,linear,1,300K_orthogonal800/row_0096__linear_orth800_uid000348_sk1_rg1_pl1_random__e3fa60e9c6d2.data,379504,57ec65a782eebb726d3e45fcbbc4ff9e480c23789b4be449aec8cc33e6fb2571,1068,1.0269562977782698e-15,-1.164505,0.617484
97,300,300K_orthogonal800,linear_orth800_uid000324_sk3_rg1_pl0_random__ac3d0b95533a,linear,3,300K_orthogonal800/row_0097__linear_orth800_uid000324_sk3_rg1_pl0_random__ac3d0b95533a.data,384405,c9348f2ca78c2034c869b89383fc4e5765c5faed1a9222c73998cbecfc93d7e0,1082,-2.0539125955565396e-15,-0.480102,0.176283
98,300,300K_prod400,linear_uid000069_idx16_rg1_pl1_gradient__87ebc436867a,linear,16,300K_prod400/row_0098__linear_uid000069_idx16_rg1_pl1_gradient__87ebc436867a.data,354966,9c6cb5c29339e1ba58cf28fed85c64c2cace50e242488f5d9cf07ab67be469b6,1044,7.999999988850259e-07,-1.115086,0.57750081
99,300,300K_prod400,cyclic_uid000243_idx36_rg1_pl0_block__243e947954b5,cyclic,36,300K_prod400/row_0099__cyclic_uid000243_idx36_rg1_pl0_block__243e947954b5.data,306976,3605ac4b9bbd2b34b95f7ce7021a1024f315639f1c91b32720538cc70a3984da,924,1.9199999936603263e-06,-0.50602375,0.39786325
100,300,300K_orthogonal800,star_orth800_uid001114_sk8_rg1_pl2_alternating__c5969c82c256,star,8,300K_orthogonal800/row_0100__star_orth800_uid001114_sk8_rg1_pl2_alternating__c5969c82c256.data,368876,04941effbeceabffda232b145d200e11cddae29a2a79e4a696afc53aecbb31da,1013,7.494005416219807e-16,-1.169219,0.610008
101,300,300K_orthogonal800,star_orth800_uid000956_sk13_rg2_pl0_block__99b168bf5612,star,13,300K_orthogonal800/row_0101__star_orth800_uid000956_sk13_rg2_pl0_block__99b168bf5612.data,362130,5c6b34f34619054a1c85beb0c52862e92f7b205031a7823704f2c554b2e45486,1025,4.440892098500626e-16,-0.37505,0.18541
102,300,300K_prod400,linear_uid000081_idx5_rg2_pl0_random__d4bb1f3e2c6d,linear,5,300K_prod400/row_0102__linear_uid000081_idx5_rg2_pl0_random__d4bb1f3e2c6d.data,359946,323326e25e41952a1b326d0c0b7a992bd7925ba8a5c5cede335c579e3327bb67,1051,1.2100000155168544e-06,-0.5203814,0.70538547
103,300,300K_orthogonal800,branch_orth800_uid001688_sk19_rg2_pl0_random__c1c4046bfb5b,branch,19,300K_orthogonal800/row_0103__branch_orth800_uid001688_sk19_rg2_pl0_random__c1c4046bfb5b.data,357344,462633a770fd4ee82a4f24f321db00b37c4963a887efee755c23371a8bb99e88,967,2.4702462297909733e-15,-0.549476,1.284745
104,300,300K_orthogonal800,linear_orth800_uid000337_sk0_rg1_pl1_random__d12222f302de,linear,0,300K_orthogonal800/row_0104__linear_orth800_uid000337_sk0_rg1_pl1_random__d12222f302de.data,347863,771370a829c25d36a8caa1506342a86013a494222475cdce6eee11a0dbf5e6af,964,1.9984014443252818e-15,-0.447018,0.509702
105,300,300K_prod400,linear_uid000048_idx4_rg1_pl0_random__663960dd9be6,linear,4,300K_prod400/row_0105__linear_uid000048_idx4_rg1_pl0_random__663960dd9be6.data,312536,757c847892a5a89f766121963744977657c994da449e454f0c07287fb4c1bbdf,926,-2.0799999864429264e-06,-1.12596031,0.57750081
106,300,300K_prod400,linear_uid000046_idx4_rg1_pl0_alternating__8f670678f893,linear,4,300K_prod400/row_0106__linear_uid000046_idx4_rg1_pl0_alternating__8f670678f893.data,317526,db6896f9167dbc5ee2fe1696260fbccd80bea620adbf1d25e2063fce8b374575,912,2.7500000012170567e-06,-1.13596381,0.71189927
107,300,300K_orthogonal800,star_orth800_uid001207_sk13_rg1_pl0_random__1023ec698514,star,13,300K_orthogonal800/row_0107__star_orth800_uid001207_sk13_rg1_pl0_random__1023ec698514.data,372365,85d0758f9b3b116b396a6840da9511f07de041936a360728336fee99ec66c3d2,1094,-9.43689570931383e-16,-0.448515,0.507246
108,300,300K_prod400,comb_uid000347_idx102_rg1_pl2_random__760793bc4c7d,comb,102,300K_prod400/row_0108__comb_uid000347_idx102_rg1_pl2_random__760793bc4c7d.data,338418,6fd79f14d9b2f7416e1ffd8594773303970a9693366f7f32aeb8323f71443897,970,-2.1999999982869056e-07,-0.50974687,0.22069247
109,300,300K_prod400,linear_uid000090_idx6_rg2_pl0_alternating__b7e3f919bd83,linear,6,300K_prod400/row_0109__linear_uid000090_idx6_rg2_pl0_alternating__b7e3f919bd83.data,305780,13ba6808244e47c81405bdd1be31ff36dd54ce93a6464b80a1f5a24a4dfa9700,922,-1.8500000066312694e-06,-0.530867,0.415301
110,300,300K_orthogonal800,star_orth800_uid001278_sk13_rg1_pl2_random__54a7eebe2fac,star,13,300K_orthogonal800/row_0110__star_orth800_uid001278_sk13_rg1_pl2_random__54a7eebe2fac.data,291240,b5c728c66c34c4c9b44accf3b3c60f5b23823104dac04e80af141a8fc2f708b7,914,2.942091015256665e-15,-3.124198,4.124479
111,300,300K_prod400,cyclic_uid000036_idx29_rg1_pl0_block__463a6e01186c,cyclic,29,300K_prod400/row_0111__cyclic_uid000036_idx29_rg1_pl0_block__463a6e01186c.data,318870,04ff1cea5ebc4af6cfabb27f508974376c86755c1901a057ca0d2f30579452a0,944,-2.3599999856016574e-06,-1.10802819,0.57750081
112,300,300K_orthogonal800,linear_orth800_uid000250_sk3_rg1_pl2_alternating__d2274add5c9f,linear,3,300K_orthogonal800/row_0112__linear_orth800_uid000250_sk3_rg1_pl2_alternating__d2274add5c9f.data,312949,c2d40be14747a77ffb02f01ecb8a136a7301aab96031dba510948b384a5f125c,900,7.577272143066693e-15,-0.5173,0.186343
113,300,300K_prod400,cyclic_uid000062_idx29_rg2_pl1_random__463a6e01186c,cyclic,29,300K_prod400/row_0113__cyclic_uid000062_idx29_rg2_pl1_random__463a6e01186c.data,318870,17d6553b94b7714a7857879f32f765dc88446c2584990b31e401143bd7405a0d,944,-2.3599999856016574e-06,-1.10802819,0.57750081
114,300,300K_prod400,cyclic_uid000048_idx44_rg1_pl2_alternating__e99fa395f267,cyclic,44,300K_prod400/row_0114__cyclic_uid000048_idx44_rg1_pl2_alternating__e99fa395f267.data,308186,2b4b4b7737fa84b4b666f6b5efb61c306a60dc14da5c6d0f6bbbed174d72ebe9,912,-2.279999986087855e-06,-1.10802819,0.57750081
115,300,300K_prod400,cyclic_uid000060_idx41_rg2_pl0_gradient__a302b4224eae,cyclic,41,300K_prod400/row_0115__cyclic_uid000060_idx41_rg2_pl0_gradient__a302b4224eae.data,321898,bf25e6333c53532914ba74e17d370e0e3cb6ef623c902caded17ba543b811596,968,-1.2199999923634408e-06,-1.11840637,0.57750081
116,300,300K_orthogonal800,star_orth800_uid001299_sk9_rg2_pl1_random__48e0e499b2f0,star,9,300K_orthogonal800/row_0116__star_orth800_uid001299_sk9_rg2_pl1_random__48e0e499b2f0.data,352606,f0fe44a910d958bb4856021782db34d536e17ce9a357621327afa38bb1cd4e97,957,-9.992007221626409e-16,-0.534354,1.293726
117,300,300K_orthogonal800,star_orth800_uid001184_sk10_rg0_pl1_random__4d9d0fefdd67,star,10,300K_orthogonal800/row_0117__star_orth800_uid001184_sk10_rg0_pl1_random__4d9d0fefdd67.data,304244,c19bab7c2506e61b7652f2c33fe7772b054b4379b6192b7d825f913664da157d,903,-6.411537967210279e-15,-0.453565,0.458051
118,300,300K_prod400,branch_uid000124_idx91_rg2_pl0_random__323d41b20d76,branch,91,300K_prod400/row_0118__branch_uid000124_idx91_rg2_pl0_random__323d41b20d76.data,327408,f386f600f58e50d4766bf9b2aac09c1c21f51e831ed22e9bd5b71962c2a76042,914,7.000000107337812e-08,-1.12299169,0.57500438
119,300,300K_orthogonal800,star_orth800_uid001160_sk8_rg2_pl1_alternating__77f624ede702,star,8,300K_orthogonal800/row_0119__star_orth800_uid001160_sk8_rg2_pl1_alternating__77f624ede702.data,361260,802d160dbac95dfb7603fd72ad91f64e839714a0039f4baacd70f5d6ce82098a,987,1.2073675392798577e-14,-0.482645,0.169956
120,300,300K_prod400,cyclic_uid000131_idx39_rg0_pl2_gradient__f4eacdafb59c,cyclic,39,300K_prod400/row_0120__cyclic_uid000131_idx39_rg0_pl2_gradient__f4eacdafb59c.data,360218,0f44660f2221e44e48acd97617ebd19104709366d904d503c483055f07ff821e,1056,-9.699999896362055e-07,-1.12829619,0.71329987
121,300,300K_prod400,star_uid000079_idx67_rg0_pl0_random__c12f3262d264,star,67,300K_prod400/row_0121__star_uid000079_idx67_rg0_pl0_random__c12f3262d264.data,325527,b5b373b3c0c90608c0b6b6bcbf7ce22a84217e76ec8ea5b7034e00dac639bc73,961,3.149999993123931e-06,-0.50354181,0.71549819
122,300,300K_orthogonal800,cyclic_orth800_uid000776_sk4_rg2_pl1_random__dc88955b23e5,cyclic,4,300K_orthogonal800/row_0122__cyclic_orth800_uid000776_sk4_rg2_pl1_random__dc88955b23e5.data,402571,103f0dec97362c26d9f96076081d86f51a97b0dd378d4590e9c69e42135bb917,1095,4.9960036108132044e-15,-0.491512,0.174428
123,300,300K_orthogonal800,cyclic_orth800_uid000595_sk7_rg1_pl1_alternating__9a14d44c6bd2,cyclic,7,300K_orthogonal800/row_0123__cyclic_orth800_uid000595_sk7_rg1_pl1_alternating__9a14d44c6bd2.data,316330,ecc6227ba19cd1cea00255619628361716797b0114c39f1aed91f72e2fe6a659,910,7.271960811294775e-15,-0.561519,0.22871
124,300,300K_orthogonal800,cyclic_orth800_uid000530_sk5_rg2_pl1_block__1529a40ff3e3,cyclic,5,300K_orthogonal800/row_0124__cyclic_orth800_uid000530_sk5_rg2_pl1_block__1529a40ff3e3.data,330011,28c1a7c318034023ae073f611f8c8de624afc1d15446c78c3f32afa4e59bb572,940,1.942890293094024e-16,-0.447713,0.503182
125,300,300K_orthogonal800,star_orth800_uid001188_sk9_rg0_pl1_random__26868befdcb6,star,9,300K_orthogonal800/row_0125__star_orth800_uid001188_sk9_rg0_pl1_random__26868befdcb6.data,370075,4505d4917c18e993c73999bfd7c6bafaee77e902162777f8e0cdaa5474950ffb,1009,3.247402347028583e-15,-0.482645,0.173203
126,300,300K_orthogonal800,star_orth800_uid001232_sk11_rg1_pl1_random__a08ae19975f6,star,11,300K_orthogonal800/row_0126__star_orth800_uid001232_sk11_rg1_pl1_random__a08ae19975f6.data,357965,f59b4d7e49bf275fd11edd2ab6aed97281af2bf88aa0a0a4fc1ec939caba087e,1007,3.885780586188048e-16,-0.559352,1.260808
127,300,300K_prod400,linear_uid000046_idx6_rg1_pl0_block__af74f9d07785,linear,6,300K_prod400/row_0127__linear_uid000046_idx6_rg1_pl0_block__af74f9d07785.data,341525,c044fa09b6512382a2210293b0a7986c49a522bc82bc39877d5910994a82bcdc,989,8.099999959931825e-07,-0.53377727,0.22078173
128,300,300K_orthogonal800,linear_orth800_uid000304_sk1_rg1_pl0_random__b080762536f0,linear,1,300K_orthogonal800/row_0128__linear_orth800_uid000304_sk1_rg1_pl0_random__b080762536f0.data,360994,b3512eb9aaabb1b4757f8d4d1ec3ce4d035ed40e5c4d2f54953c6fd9dac200c5,1035,-5.551115123125783e-15,-0.428397,0.460512
129,300,300K_orthogonal800,linear_orth800_uid000194_sk3_rg1_pl0_alternating__fb537aed77de,linear,3,300K_orthogonal800/row_0129__linear_orth800_uid000194_sk3_rg1_pl0_alternating__fb537aed77de.data,364385,49b435557418a350a8ef22b9322b2aa2718e0e04d12b76198c29aa6d336d4883,1034,1.4127587988355117e-14,-0.570325,1.288058
130,300,300K_prod400,linear_uid000034_idx5_rg0_pl2_block__e22fe16dd774,linear,5,300K_prod400/row_0130__linear_uid000034_idx5_rg0_pl2_block__e22fe16dd774.data,371516,b885ab5b7f5d6291fd6e619aa7b5eb6f90497d28d5ad981e05cb6044f4c0ecc8,1072,2.8299999874081827e-06,-0.41566463,0.172839
131,300,300K_orthogonal800,cyclic_orth800_uid000645_sk6_rg2_pl1_alternating__e01814ea49d5,cyclic,6,300K_orthogonal800/row_0131__cyclic_orth800_uid000645_sk6_rg2_pl1_alternating__e01814ea49d5.data,292866,d2e22dd9156fccdb2b7af8616fdec4d29a923b30625d43a705c2a32103c641e7,906,4.718447854656915e-16,-2.03665,3.105429
132,300,300K_orthogonal800,star_orth800_uid001130_sk14_rg2_pl0_alternating__1e61e5457f03,star,14,300K_orthogonal800/row_0132__star_orth800_uid001130_sk14_rg2_pl0_alternating__1e61e5457f03.data,362256,29d238ce4da92dbd679b5409461ddc3e409e124cf09161b891e3e0c065cab714,1029,6.661338147750939e-16,-0.576353,1.290574
133,300,300K_orthogonal800,branch_orth800_uid001449_sk19_rg2_pl2_block__9f2e507bba98,branch,19,300K_orthogonal800/row_0133__branch_orth800_uid001449_sk19_rg2_pl2_block__9f2e507bba98.data,331299,0b152c2a5b4319e83e811ba85f9700024ebf642e54b458cba642f998694b4d89,906,1.3322676295501878e-15,-0.51431,0.16996
134,300,300K_prod400,comb_uid000434_idx100_rg0_pl2_junction_enriched__c5fbafec613a,comb,100,300K_prod400/row_0134__comb_uid000434_idx100_rg0_pl2_junction_enriched__c5fbafec613a.data,352819,39eec7ac6911834de60987848d4995bebaa1fbf94f10d43625d7dff9744ac25d,1034,1.4300000020783799e-06,-1.12596031,0.57750081
135,300,300K_orthogonal800,linear_orth800_uid000073_sk0_rg1_pl0_block__647630a3b957,linear,0,300K_orthogonal800/row_0135__linear_orth800_uid000073_sk0_rg1_pl0_block__647630a3b957.data,365447,811341793296ec48e5798629113b7a2e3f8b8fa84e23afe34ebc87ca9fcd081d,994,-5.273559366969494e-16,-0.32825,0.16859
136,300,300K_orthogonal800,star_orth800_uid001237_sk8_rg1_pl1_random__41db5f47b3ad,star,8,300K_orthogonal800/row_0136__star_orth800_uid001237_sk8_rg1_pl1_random__41db5f47b3ad.data,364209,95c7325baf8c454285e1b3d3d34928b80ad265e1ffdb75171e5cf83d119dee30,1008,4.440892098500626e-16,-0.443792,0.50618
137,300,300K_orthogonal800,linear_orth800_uid000137_sk2_rg2_pl1_block__f9ea9212eedb,linear,2,300K_orthogonal800/row_0137__linear_orth800_uid000137_sk2_rg2_pl1_block__f9ea9212eedb.data,337093,4e24a4be271f25e9dee26573db40af9b560fdc3bc4166a2e63f7302bf049a52f,948,1.6653345369377348e-16,-0.377438,0.184908
138,300,300K_orthogonal800,cyclic_orth800_uid000635_sk7_rg2_pl1_alternating__a11f5ecaf207,cyclic,7,300K_orthogonal800/row_0138__cyclic_orth800_uid000635_sk7_rg2_pl1_alternating__a11f5ecaf207.data,331900,04cb79a339d461d3b7750a9d7d430c3296f0005f74ecb467059d0f6837c8538a,945,-3.747002708109903e-15,-0.191037,0.179749
139,300,300K_prod400,cyclic_uid000049_idx34_rg1_pl2_block__61fc7e594aea,cyclic,34,300K_prod400/row_0139__cyclic_uid000049_idx34_rg1_pl2_block__61fc7e594aea.data,356650,28fa8b7b1f288c257982d4b51bbb374c50834f2fa9a33721f40ef81820d1e409,1005,-4.999999336785521e-08,-0.52346027,0.7200268
140,300,300K_prod400,cyclic_uid000098_idx39_rg0_pl0_random__2cebbc5c1392,cyclic,39,300K_prod400/row_0140__cyclic_uid000098_idx39_rg0_pl0_random__2cebbc5c1392.data,331025,b27c5515a7abfbf9a5bfe303ea7a4fc554b0c1f714256391e4a83f2437e7f1d9,972,3.2399999922438916e-06,-0.53709458,0.40598142
141,300,300K_prod400,star_uid000234_idx56_rg2_pl1_random__f1974807cd61,star,56,300K_prod400/row_0141__star_uid000234_idx56_rg2_pl1_random__f1974807cd61.data,336810,e68aec085f7dff56a29c5ef4d886f6f6118aa2a2d44f225f03a4341564a3c4fc,985,1.3599999984514888e-06,-1.12950975,0.72290967
142,300,300K_orthogonal800,linear_orth800_uid000195_sk0_rg1_pl0_alternating__6613db2c1abc,linear,0,300K_orthogonal800/row_0142__linear_orth800_uid000195_sk0_rg1_pl0_alternating__6613db2c1abc.data,385636,e65d7b31e42eca828b937a81b8f91ddbe4d523b9d4a79345560ae94af3a173c8,1050,5.9119376061289586e-15,-0.577255,1.28314
143,300,300K_orthogonal800,cyclic_orth800_uid000763_sk7_rg2_pl1_random__2c157bed2775,cyclic,7,300K_orthogonal800/row_0143__cyclic_orth800_uid000763_sk7_rg2_pl1_random__2c157bed2775.data,334206,81a108ff32951fb73e3cd22f9d4a182ee8f58bc786b2760f7d9396582804b065,945,1.942890293094024e-15,-0.195303,0.179749
144,300,300K_prod400,linear_uid000090_idx16_rg2_pl0_random__899da79b5dca,linear,16,300K_prod400/row_0144__linear_uid000090_idx16_rg2_pl0_random__899da79b5dca.data,358448,3c1de9621798a3dc94812cce97a19ac46e37cce497e78a1a10b0a8c754740433,1038,-1.7599999999895477e-06,-0.39710936,0.16802483
145,300,300K_orthogonal800,cyclic_orth800_uid000416_sk5_rg0_pl1_block__64c447ca61e4,cyclic,5,300K_orthogonal800/row_0145__cyclic_orth800_uid000416_sk5_rg0_pl1_block__64c447ca61e4.data,343612,64abe7874208fa057fb49706966dc033b6ab1c8e51fc73b59e2587293b20fe48,960,-2.7755575615628914e-17,-0.416827,0.443454
146,300,300K_orthogonal800,linear_orth800_uid000237_sk3_rg1_pl2_alternating__d9d3d8db63e5,linear,3,300K_orthogonal800/row_0146__linear_orth800_uid000237_sk3_rg1_pl2_alternating__d9d3d8db63e5.data,365581,129ccb03e6be7cf250cacead3de13353095f399b3c3dbefa6a5360d8557faeac,1036,1.4710455076283324e-14,-0.570325,1.289508
147,300,300K_orthogonal800,branch_orth800_uid001441_sk19_rg2_pl2_block__9e00c02178fe,branch,19,300K_orthogonal800/row_0147__branch_orth800_uid001441_sk19_rg2_pl2_block__9e00c02178fe.data,340880,5da866ae8ab8863e6b627cf6f862c275cc1985a9b7cdb74495b310240bb81c8e,945,8.326672684688674e-17,-0.555601,1.284272
148,300,300K_orthogonal800,cyclic_orth800_uid000523_sk4_rg2_pl1_block__7e8134a4d5b9,cyclic,4,300K_orthogonal800/row_0148__cyclic_orth800_uid000523_sk4_rg2_pl1_block__7e8134a4d5b9.data,387601,4d3543562d8ad07e887731890a0e74904f2fd1b5ecf9a76984e6509b528e568b,1065,-1.3877787807814457e-16,-0.391517,0.16858
149,300,300K_prod400,cyclic_uid000044_idx44_rg1_pl1_gradient__f2703177a3fe,cyclic,44,300K_prod400/row_0149__cyclic_uid000044_idx44_rg1_pl1_gradient__f2703177a3fe.data,319956,ed2bf4096c1aef09671df48e03ee9cafc92249128e6910963226dbeec4d4b0a6,912,-1.2000000013112633e-07,-1.11400344,0.57750081
150,300,300K_orthogonal800,star_orth800_uid000920_sk8_rg1_pl2_block__29f7d42742a0,star,8,300K_orthogonal800/row_0150__star_orth800_uid000920_sk8_rg1_pl2_block__29f7d42742a0.data,369242,a7a1874a8c296e86d09a3a271f2e85e57e196e3b6612cf1a9854a0bb2fb8b6c8,1002,1.3877787807814457e-16,-0.405393,0.16858
151,300,300K_orthogonal800,star_orth800_uid001202_sk10_rg0_pl1_random__b5aa00670339,star,10,300K_orthogonal800/row_0151__star_orth800_uid001202_sk10_rg0_pl1_random__b5aa00670339.data,318043,59b080500b23f5f8498d1dc4e2c606ef5b5406f3e3d5bd8600cccef07deea6e1,904,8.326672684688674e-16,-0.453169,0.5025
152,300,300K_orthogonal800,star_orth800_uid000989_sk14_rg2_pl2_block__41c824239c4c,star,14,300K_orthogonal800/row_0152__star_orth800_uid000989_sk14_rg2_pl2_block__41c824239c4c.data,363066,46800af6ea5e79d649fe62c6adfccd2ee49afb1545e2865684923c10a8651076,1031,-1.6653345369377348e-16,-0.50775,0.176547
153,300,300K_prod400,comb_uid000333_idx102_rg1_pl0_random__2d47ca1dc2d2,comb,102,300K_prod400/row_0153__comb_uid000333_idx102_rg1_pl0_random__2d47ca1dc2d2.data,332820,6d89805bbe7469f2173723245938f6125965e6344c486b13517e54824474dcb2,947,-3.800000003550963e-07,-0.50974687,0.21635013
154,300,300K_prod400,cyclic_uid000092_idx42_rg0_pl0_alternating__9216c012e765,cyclic,42,300K_prod400/row_0154__cyclic_uid000092_idx42_rg0_pl0_alternating__9216c012e765.data,316303,c72508055d2a071b2f65aea21ea5736423fb2d59fcd169ee4ac0cd1e29156a98,952,3.6637359812630166e-15,-1.13139806,0.56413194
155,300,300K_orthogonal800,branch_orth800_uid001333_sk19_rg0_pl2_block__7087da6ffe97,branch,19,300K_orthogonal800/row_0155__branch_orth800_uid001333_sk19_rg0_pl2_block__7087da6ffe97.data,325736,eb3441334597e15a65c3af6baee6c7e8318b99c0c33fe1317a150945f2b41b92,900,2.220446049250313e-15,-0.409672,0.178698
156,300,300K_orthogonal800,linear_orth800_uid000189_sk1_rg1_pl0_alternating__e593fe1dd7d9,linear,1,300K_orthogonal800/row_0156__linear_orth800_uid000189_sk1_rg1_pl0_alternating__e593fe1dd7d9.data,341674,5aac2fe03bc86b2722ec27d2081e0ac391ab6c3d76a428f16d4cf39d49bd30a7,1002,7.688294445529209e-15,-0.444835,0.50414
157,300,300K_prod400,cyclic_uid000050_idx35_rg1_pl1_gradient__f54b828bed41,cyclic,35,300K_prod400/row_0157__cyclic_uid000050_idx35_rg1_pl1_gradient__f54b828bed41.data,345860,bdff99b7eb88b34705f9cacaf57e9ae405642801fd1a19785f19bd4b4d0d106f,1032,3.4399999886691734e-06,-0.35497233,0.17262267
158,300,300K_orthogonal800,star_orth800_uid000909_sk11_rg1_pl1_block__a95809d5fa6d,star,11,300K_orthogonal800/row_0158__star_orth800_uid000909_sk11_rg1_pl1_block__a95809d5fa6d.data,378802,4031042c61f78a3336069a0f1ccc05516b2adeba6c379359ceaa2da6f4bfcaff,1074,-6.106226635438361e-16,-0.447018,0.522255
159,300,300K_orthogonal800,branch_orth800_uid001619_sk19_rg1_pl1_random__5324b8c4ac43,branch,19,300K_orthogonal800/row_0159__branch_orth800_uid001619_sk19_rg1_pl1_random__5324b8c4ac43.data,361628,e3afbd3af7721b9c0d01250341356647742c5f367fc1a84b28cc95683ca91304,983,2.498001805406602e-16,-0.559258,1.281755
160,300,300K_orthogonal800,branch_orth800_uid001633_sk19_rg1_pl1_random__d41d40e1428f,branch,19,300K_orthogonal800/row_0160__branch_orth800_uid001633_sk19_rg1_pl1_random__d41d40e1428f.data,337867,0d0bb7fe19177dcbae07cae3c77339ad1745ce9b7a9036484d9c48fab875b6d8,940,-1.2490009027033011e-15,-0.54927,1.283495
161,300,300K_orthogonal800,star_orth800_uid000933_sk9_rg1_pl2_block__25a1358ea751,star,9,300K_orthogonal800/row_0161__star_orth800_uid000933_sk9_rg1_pl2_block__25a1358ea751.data,361544,68b2f2ae617636dc740a65a5da6b28948d20f8ee973963d4d868fe17920d75e5,985,2.220446049250313e-15,-0.477164,0.174428
162,300,300K_orthogonal800,star_orth800_uid001183_sk12_rg0_pl1_random__5e55bf01850e,star,12,300K_orthogonal800/row_0162__star_orth800_uid001183_sk12_rg0_pl1_random__5e55bf01850e.data,361819,fa59e122ff8ffa0796b924eca8f3032a74ae69ed84f64c55f31c378786fcefda,1050,1.5543122344752192e-15,-0.575858,1.294647
163,300,300K_prod400,comb_uid000474_idx100_rg2_pl1_junction_enriched__64f7395156c5,comb,100,300K_prod400/row_0163__comb_uid000474_idx100_rg2_pl1_junction_enriched__64f7395156c5.data,313673,a137da81bf1e02d252512490bea36f1d7e38e1d903770954d7943175fc21a6a7,936,1.4999999968234867e-06,-0.518332,0.41402633
164,300,300K_orthogonal800,star_orth800_uid001224_sk9_rg1_pl0_random__5ba977b2a7ad,star,9,300K_orthogonal800/row_0164__star_orth800_uid001224_sk9_rg1_pl0_random__5ba977b2a7ad.data,369088,36dc2a80d835b22131056b9888f85f1615c9e3516641624a17ab111c31394060,1003,1.582067810090848e-15,-0.581266,1.286222
165,300,300K_orthogonal800,cyclic_orth800_uid000538_sk5_rg0_pl1_alternating__4632cb8dbe3d,cyclic,5,300K_orthogonal800/row_0165__cyclic_orth800_uid000538_sk5_rg0_pl1_alternating__4632cb8dbe3d.data,355324,df6dc3e5fdaf4ea917259e5ca9f68f3364ec482047ec959db5ff4c14be222842,1040,8.604228440844963e-15,-0.444835,0.503364
166,300,300K_orthogonal800,star_orth800_uid001174_sk11_rg2_pl2_alternating__42823d30f02b,star,11,300K_orthogonal800/row_0166__star_orth800_uid001174_sk11_rg2_pl2_alternating__42823d30f02b.data,356061,4c115420795387f8dc128851e30d74ac01a18363632bd77069bb516764592c1c,1032,3.0531133177191805e-16,-0.445702,0.522255
167,300,300K_orthogonal800,star_orth800_uid001274_sk8_rg1_pl2_random__cf4551e88aa9,star,8,300K_orthogonal800/row_0167__star_orth800_uid001274_sk8_rg1_pl2_random__cf4551e88aa9.data,385028,88024e40a49448f331d29838e7e0dee522239f462ae6ba9e581f1907b65537b3,1050,2.4147350785597155e-15,-0.3879,0.186151
168,300,300K_prod400,cyclic_uid000120_idx39_rg0_pl1_block__c620ac66cdd0,cyclic,39,300K_prod400/row_0168__cyclic_uid000120_idx39_rg0_pl1_block__c620ac66cdd0.data,380668,ad0e26dc783897a986479bda2d8a5ee9057f8a857a2ddb278377f958f4ab1e76,1080,-3.5999999942748495e-06,-0.50974687,0.21635013
169,300,300K_prod400,linear_uid000003_idx4_rg0_pl0_gradient__fcb1091f6226,linear,4,300K_prod400/row_0169__linear_uid000003_idx4_rg0_pl0_gradient__fcb1091f6226.data,319286,681caf8edfaea8cb126653b1ebb849929b57c47d618f010586e10bfe20f0e37c,940,-2.1999999875177423e-06,-1.11370231,0.57750081
170,300,300K_orthogonal800,cyclic_orth800_uid000445_sk6_rg1_pl0_block__c576ab5038ca,cyclic,6,300K_orthogonal800/row_0170__cyclic_orth800_uid000445_sk6_rg1_pl0_block__c576ab5038ca.data,369064,a5d28f3efacec27e3982e46b05bdce3c1b5e76437c6f922f74051f6c0d153de7,1092,-1.1102230246251565e-16,-0.471992,0.502556
171,300,300K_orthogonal800,linear_orth800_uid000173_sk2_rg0_pl1_alternating__478ce9309360,linear,2,300K_orthogonal800/row_0171__linear_orth800_uid000173_sk2_rg0_pl1_alternating__478ce9309360.data,367972,23f62dc06269b9cbec3764ac2a459159bdb18eb71f60563acdcb31bf259b7785,1064,5.9119376061289586e-15,-0.448078,0.498914
172,300,300K_orthogonal800,star_orth800_uid001083_sk12_rg1_pl1_alternating__5cb0f303d2ad,star,12,300K_orthogonal800/row_0172__star_orth800_uid001083_sk12_rg1_pl1_alternating__5cb0f303d2ad.data,318781,3e9de1e74ff95f4581f3df72d75bd6fe57c3cbeae4631ef3dc160dcb2741cf8b,916,2.7755575615628914e-17,-0.438802,0.506141
173,300,300K_orthogonal800,cyclic_orth800_uid000545_sk5_rg0_pl1_alternating__e0ffc1af9c7f,cyclic,5,300K_orthogonal800/row_0173__cyclic_orth800_uid000545_sk5_rg0_pl1_alternating__e0ffc1af9c7f.data,301931,d8371a411554574e70937fb70e71fdbc780f084a48442564f10a94932b1cfc22,920,-7.494005416219807e-16,-2.149718,3.208226
174,300,300K_orthogonal800,cyclic_orth800_uid000525_sk7_rg2_pl1_block__aba7b591bd75,cyclic,7,300K_orthogonal800/row_0174__cyclic_orth800_uid000525_sk7_rg2_pl1_block__aba7b591bd75.data,336287,5d2b8db5e89f7b26f9791f6d2c6658171c94b9bf2e96d9871296c02dade19fc7,945,-8.326672684688674e-17,-0.192984,0.177875
175,300,300K_orthogonal800,star_orth800_uid001133_sk14_rg2_pl0_alternating__3a579789fd70,star,14,300K_orthogonal800/row_0175__star_orth800_uid001133_sk14_rg2_pl0_alternating__3a579789fd70.data,361803,7abd95f1f2eea7a17e1cdeae393a5ab59b2b771b81869a9eaa208a7ae803cfc6,1029,1.942890293094024e-16,-0.476286,0.174428
176,300,300K_prod400,comb_uid000425_idx100_rg0_pl1_random__63e3b5f97db6,comb,100,300K_prod400/row_0176__comb_uid000425_idx100_rg0_pl1_random__63e3b5f97db6.data,351477,42dbf84c3f5c4de5b8e5074652ec61cb77b9baf6b8757dccb657e2724612db50,1024,1.1399999963190854e-06,-0.50797047,0.71246147
177,300,300K_prod400,linear_uid000030_idx5_rg0_pl2_random__7f53470edb0c,linear,5,300K_prod400/row_0177__linear_uid000030_idx5_rg0_pl2_random__7f53470edb0c.data,361966,64baa86310b5c527bcd15cc2ea6e07a96e2b1543bf1aec2aa92fa20538609051,1052,-8.80000009140236e-07,-0.499133,0.205626
178,300,300K_orthogonal800,linear_orth800_uid000162_sk0_rg0_pl1_alternating__c9bf1ad0dcb3,linear,0,300K_orthogonal800/row_0178__linear_orth800_uid000162_sk0_rg0_pl1_alternating__c9bf1ad0dcb3.data,382175,da83ec9e8fa664c02e35c7fed8a4990d52c3c9d2405edda40779b94ef7a72900,1044,1.6431300764452317e-14,-0.482645,0.169736
179,300,300K_orthogonal800,star_orth800_uid001304_sk14_rg2_pl1_random__4470ec9004a2,star,14,300K_orthogonal800/row_0179__star_orth800_uid001304_sk14_rg2_pl1_random__4470ec9004a2.data,328848,658961b7d0a4e88d564055b2e792150addf1a0a7db661b456b2dafa83d4a894a,965,6.106226635438361e-16,-0.494162,0.17965
180,300,300K_orthogonal800,linear_orth800_uid000326_sk1_rg1_pl0_random__80b889403818,linear,1,300K_orthogonal800/row_0180__linear_orth800_uid000326_sk1_rg1_pl0_random__80b889403818.data,330124,bbab68fcc20efa5ff240aa62204031ffc98cff4ae6e0dfacaace959d9547cc7d,926,-1.1102230246251565e-16,-0.41991,0.443454
181,300,300K_orthogonal800,cyclic_orth800_uid000742_sk4_rg1_pl2_random__35da4afbca94,cyclic,4,300K_orthogonal800/row_0181__cyclic_orth800_uid000742_sk4_rg1_pl2_random__35da4afbca94.data,402571,8848ea643a789b9b9085fd267fbcaaa28cd0b2a2df31096093f14cb5cf275035,1095,8.298917109073045e-15,-0.482645,0.174428
182,300,300K_prod400,cyclic_uid000048_idx34_rg1_pl2_block__ba1a480c9c98,cyclic,34,300K_prod400/row_0182__cyclic_uid000048_idx34_rg1_pl2_block__ba1a480c9c98.data,359311,c539a0d0814b84c15cf331a715e2c4293225972fdfea0af7d491b406967a31bc,1039,2.900000124761437e-07,-1.10802819,0.71329987
183,300,300K_orthogonal800,cyclic_orth800_uid000425_sk7_rg0_pl1_block__b582c19b87b7,cyclic,7,300K_orthogonal800/row_0183__cyclic_orth800_uid000425_sk7_rg0_pl1_block__b582c19b87b7.data,386024,7615dc6774e2df80dcd08a04043347412aeef32ea8a2e77f7bae1686eb68bbe3,1085,-4.829470157119431e-15,-0.477162,0.176283
184,300,300K_orthogonal800,cyclic_orth800_uid000659_sk6_rg2_pl1_alternating__d429fbcddf91,cyclic,6,300K_orthogonal800/row_0184__cyclic_orth800_uid000659_sk6_rg2_pl1_alternating__d429fbcddf91.data,323551,76e94ca14239240334a3c6fe48fe142306e1996f7296401fb343fdadafd525f6,956,4.996003610813204e-16,-0.319289,0.177978
185,300,300K_prod400,star_uid000087_idx66_rg0_pl2_junction_enriched__3c1d3ac63594,star,66,300K_prod400/row_0185__star_uid000087_idx66_rg0_pl2_junction_enriched__3c1d3ac63594.data,333959,47f8090d575658d054908a2a818ba8868bab181344002e41bfa9ccee7a75975c,957,-1.4699999999756574e-06,-0.37593238,0.17039379
186,300,300K_prod400,star_uid000198_idx58_rg2_pl0_random__45dde07bc995,star,58,300K_prod400/row_0186__star_uid000198_idx58_rg2_pl0_random__45dde07bc995.data,312267,810261b6c992090c892ba9d67edc52f6b089aef9c41cabf67d147275950137c0,929,2.6599999936316454e-06,-0.36161746,0.17262267
187,300,300K_orthogonal800,linear_orth800_uid000340_sk0_rg1_pl1_random__67b52256e8cf,linear,0,300K_orthogonal800/row_0187__linear_orth800_uid000340_sk0_rg1_pl1_random__67b52256e8cf.data,400234,18364202bed8ecc9c4e20a26454809e7f3f321ac3598193c6215d4935f622009,1085,6.661338147750939e-16,-0.3278,0.188354
188,300,300K_orthogonal800,cyclic_orth800_uid000548_sk7_rg0_pl1_alternating__a6de19e88157,cyclic,7,300K_orthogonal800/row_0188__cyclic_orth800_uid000548_sk7_rg0_pl1_alternating__a6de19e88157.data,370888,eb7f2b0e8d02a188d0e8d3a2af036ee97db6e5db2eba284f894499924e46e3cb,1050,1.4654943925052066e-14,-0.570972,1.290149
189,300,300K_prod400,comb_uid000315_idx102_rg0_pl0_junction_enriched__9f9365ed4a22,comb,102,300K_prod400/row_0189__comb_uid000315_idx102_rg0_pl0_junction_enriched__9f9365ed4a22.data,349760,e88bec97ce402f619074d0bb3390b83eafb43d014dd0d1542d549c967d028ac4,1020,-1.399999971785082e-07,-1.11370231,0.57750081
190,300,300K_orthogonal800,cyclic_orth800_uid000575_sk4_rg1_pl0_alternating__1ff63bb9b25c,cyclic,4,300K_orthogonal800/row_0190__cyclic_orth800_uid000575_sk4_rg1_pl0_alternating__1ff63bb9b25c.data,401752,61d736577a4673f6c63b63f4b854b42edfb1fd72a16023b742af39973487fa6e,1095,1.6708856520608606e-14,-0.491512,0.169544
191,300,300K_orthogonal800,cyclic_orth800_uid000588_sk5_rg1_pl1_alternating__686cbef0bff5,cyclic,5,300K_orthogonal800/row_0191__cyclic_orth800_uid000588_sk5_rg1_pl1_alternating__686cbef0bff5.data,317767,f9c039fa755054602835e085f828f86d61d87cae826cc7978f1cc785b394e6fa,900,7.299716386910404e-15,-1.138818,0.61578
192,300,300K_prod400,branch_uid000202_idx76_rg2_pl2_junction_enriched__bfb8f5fd9ba8,branch,76,300K_prod400/row_0192__branch_uid000202_idx76_rg2_pl2_junction_enriched__bfb8f5fd9ba8.data,358845,ca6ef9a986afa2c311ec782abc6b666d03940bc3c7c62cb3e85449fd05a5423c,998,-5.300000010255435e-07,-1.13024688,0.74173562
193,300,300K_orthogonal800,star_orth800_uid001201_sk14_rg0_pl1_random__dc09f101f5f0,star,14,300K_orthogonal800/row_0193__star_orth800_uid001201_sk14_rg0_pl1_random__dc09f101f5f0.data,374621,c0e49fd50cd5753ab23c311e7e0f242313f586e83b8163886927bfee3faec52b,1081,2.220446049250313e-15,-1.149452,0.619436
194,300,300K_orthogonal800,star_orth800_uid001162_sk14_rg2_pl1_alternating__3028ae07577c,star,14,300K_orthogonal800/row_0194__star_orth800_uid001162_sk14_rg2_pl1_alternating__3028ae07577c.data,327662,1d65b074078520de83ec28d87f6fa769e1984d322a37fceaaca179007582ea30,933,-4.524158825347513e-15,-0.3882,0.180491
195,300,300K_orthogonal800,star_orth800_uid001058_sk8_rg1_pl0_alternating__1b6956ebfd94,star,8,300K_orthogonal800/row_0195__star_orth800_uid001058_sk8_rg1_pl0_alternating__1b6956ebfd94.data,370486,a680979afdd4ed403d75d7fdcb916c1fb0d8e278b4e99358c2cc2800f35cf63d,1009,5.467848396278896e-15,-0.577255,1.286224
196,300,300K_orthogonal800,cyclic_orth800_uid000462_sk6_rg1_pl1_block__40b8c659f845,cyclic,6,300K_orthogonal800/row_0196__cyclic_orth800_uid000462_sk6_rg1_pl1_block__40b8c659f845.data,318571,f1156379599b31b0780cc14c65c3e7c7bcc35094d50f2cab7cfdd4246863fb7d,906,-3.885780586188048e-16,-1.148968,0.620197
197,300,300K_orthogonal800,linear_orth800_uid000294_sk1_rg0_pl1_random__3653e85a44e4,linear,1,300K_orthogonal800/row_0197__linear_orth800_uid000294_sk1_rg0_pl1_random__3653e85a44e4.data,386583,754ab96398a16fdbad26d9ffbefc1fc722617e5524786241d3e1d19cbc27e707,1099,-3.191891195797325e-15,-0.447018,0.509702
198,300,300K_orthogonal800,cyclic_orth800_uid000420_sk6_rg0_pl1_block__ef6aa0eecb04,cyclic,6,300K_orthogonal800/row_0198__cyclic_orth800_uid000420_sk6_rg0_pl1_block__ef6aa0eecb04.data,328956,aea54cc3f0e8d4e27195439a7effa2b5e73356f0e560082c96343a426daa14f8,946,-2.220446049250313e-16,-0.447713,0.503866
199,300,300K_prod400,linear_uid000024_idx16_rg0_pl1_block__5fe7e48ab6e1,linear,16,300K_prod400/row_0199__linear_uid000024_idx16_rg0_pl1_block__5fe7e48ab6e1.data,303340,461d9b92603fab128e5b882bc46ca9e3af662d89e91d4b05685b0fcec74054f0,900,6.099999989295224e-07,-1.115086,0.57750081
200,300,300K_prod400,cyclic_uid000035_idx29_rg1_pl0_random__463a6e01186c,cyclic,29,300K_prod400/row_0200__cyclic_uid000035_idx29_rg1_pl0_random__463a6e01186c.data,318870,ae1447677a93bfaff14f0c0f93b0ea863cacdf3f1ae0b4f43cf6ef8f64ab837d,944,-2.3599999856016574e-06,-1.10802819,0.57750081
201,300,300K_orthogonal800,linear_orth800_uid000067_sk2_rg1_pl0_block__4f2a92d643de,linear,2,300K_orthogonal800/row_0201__linear_orth800_uid000067_sk2_rg1_pl0_block__4f2a92d643de.data,338145,bba3085fb8eafa3c191d0b74178d3e9b5e903e125efa394c21c8155d877f4535,1014,-1.0880185641326534e-14,-0.377016,0.159487
202,300,300K_prod400,cyclic_uid000039_idx41_rg1_pl0_block__62051750e8e8,cyclic,41,300K_prod400/row_0202__cyclic_uid000039_idx41_rg1_pl0_block__62051750e8e8.data,381273,71c856ee57950e935c7466e8519a5cd5b16eeab293ffb2be7f339e947597afcf,1070,2.739999996531628e-06,-0.51516707,0.71246147
203,300,300K_prod400,comb_uid000480_idx100_rg2_pl2_random__b495193bf24e,comb,100,300K_prod400/row_0203__comb_uid000480_idx100_rg2_pl2_random__b495193bf24e.data,368438,31e76d89b3a6eb337b70e3be4d8476655fb52951b50702f8d2a1e548b35e7481,1077,1.949999995254359e-06,-0.52795087,0.71246147
204,300,300K_orthogonal800,linear_orth800_uid000230_sk3_rg1_pl2_alternating__068ae26bb006,linear,3,300K_orthogonal800/row_0204__linear_orth800_uid000230_sk3_rg1_pl2_alternating__068ae26bb006.data,329530,bb80feca779e84c15823f7e15746d6e668f97025e458f6f931496a3a6e322c11,968,-3.497202527569243e-15,-0.479523,0.172678
205,300,300K_prod400,cyclic_uid000050_idx34_rg2_pl0_block__d140850a6f84,cyclic,34,300K_prod400/row_0205__cyclic_uid000050_idx34_rg2_pl0_block__d140850a6f84.data,338294,6980be09e6e7016e3ead71dbcdce9238d70731f1e4cd8d1df2ce9f83160a9000,983,-7.899999952543091e-07,-1.12653088,0.57950613
206,300,300K_orthogonal800,cyclic_orth800_uid000464_sk4_rg1_pl1_block__45569d8c4c6a,cyclic,4,300K_orthogonal800/row_0206__cyclic_orth800_uid000464_sk4_rg1_pl1_block__45569d8c4c6a.data,386456,fc79597248ff330ff79904a7212d21f64d4c7b3387fc2b22f92080cb126aea65,1065,-1.3877787807814457e-16,-0.45048,0.505975
207,300,300K_prod400,star_uid000080_idx67_rg0_pl0_junction_enriched__bf960780b3e6,star,67,300K_prod400/row_0207__star_uid000080_idx67_rg0_pl0_junction_enriched__bf960780b3e6.data,325108,7de47ab3cf8fe3ee5be04812549359d56218f843ab34dc8b254c4fed1e67e2de,969,1.8599999913881948e-06,-0.39508273,0.17262267
208,300,300K_orthogonal800,star_orth800_uid000801_sk14_rg0_pl0_block__43ec11b19244,star,14,300K_orthogonal800/row_0208__star_orth800_uid000801_sk14_rg0_pl0_block__43ec11b19244.data,389128,21984183e231f2102a72816714098599c0a5817b7b26074952d78964ab45393c,1088,1.2490009027033011e-15,-0.240957,0.143873
209,300,300K_orthogonal800,star_orth800_uid001292_sk9_rg2_pl1_random__cc7fce702972,star,9,300K_orthogonal800/row_0209__star_orth800_uid001292_sk9_rg2_pl1_random__cc7fce702972.data,391680,ab9a122013ea10b0992ab8621e89d989c8d242215b937e294bc4b2e3c4befc52,1085,-5.10702591327572e-15,-0.534354,1.293726
210,300,300K_orthogonal800,linear_orth800_uid000175_sk1_rg0_pl1_alternating__8f49a11ba492,linear,1,300K_orthogonal800/row_0210__linear_orth800_uid000175_sk1_rg0_pl1_alternating__8f49a11ba492.data,319230,607f0f967baf911d6e30fb9bde59238eb7f794b25f6c95defa373263d83542ec,909,-5.551115123125783e-17,-0.444647,0.5
211,300,300K_orthogonal800,cyclic_orth800_uid000757_sk6_rg1_pl2_random__d5ddd4efe38e,cyclic,6,300K_orthogonal800/row_0211__cyclic_orth800_uid000757_sk6_rg1_pl2_random__d5ddd4efe38e.data,320573,a658ad666595acdb57fd1e75cabcd66d7a49afdbff209ab38aab1cd823d74a04,924,1.0547118733938987e-15,-0.445702,0.504344
212,300,300K_prod400,cyclic_uid000057_idx29_rg2_pl1_random__463a6e01186c,cyclic,29,300K_prod400/row_0212__cyclic_uid000057_idx29_rg2_pl1_random__463a6e01186c.data,318870,bbccc8ac24af54b46463ab0d9ef7403ab4ab14af2f9790ae904976264677b31a,944,-2.3599999856016574e-06,-1.10802819,0.57750081
213,300,300K_orthogonal800,star_orth800_uid000943_sk11_rg2_pl0_block__9a5b3fa8eec7,star,11,300K_orthogonal800/row_0213__star_orth800_uid000943_sk11_rg2_pl0_block__9a5b3fa8eec7.data,353452,09182a1ac1fff2cb969f0feea17f4c0894a0719ff6e1685532a7f29fc121d776,1027,5.551115123125783e-17,-0.455575,0.505518
214,300,300K_prod400,linear_uid000092_idx15_rg2_pl2_block__f3bd295dc0a6,linear,15,300K_prod400/row_0214__linear_uid000092_idx15_rg2_pl2_block__f3bd295dc0a6.data,337896,68c0c2bca55897ac474377f7d1ff393a6d8014c5eb5ba3c40cdc6379ddf9a4b8,998,7.399999996382522e-07,-1.11894688,0.57750081
215,300,300K_orthogonal800,star_orth800_uid000803_sk10_rg0_pl0_block__868efbd27cb1,star,10,300K_orthogonal800/row_0215__star_orth800_uid000803_sk10_rg0_pl0_block__868efbd27cb1.data,358003,004eca131ed66c8c43b1f19f844761820a00ffc8a477a05ae01aeece27b45988,1040,4.996003610813204e-16,-0.445702,0.503416
216,300,300K_orthogonal800,linear_orth800_uid000310_sk0_rg1_pl0_random__777544379811,linear,0,300K_orthogonal800/row_0216__linear_orth800_uid000310_sk0_rg1_pl0_random__777544379811.data,386130,7dc4e86d6a698b915c12e49397bce2914029e4b4b220681c5a9c7e8da305f9c8,1050,4.801714581503802e-15,-0.581266,1.28981
217,300,300K_prod400,branch_uid000183_idx80_rg0_pl0_junction_enriched__0c76a4ffd7e4,branch,80,300K_prod400/row_0217__branch_uid000183_idx80_rg0_pl0_junction_enriched__0c76a4ffd7e4.data,347426,6807ceb7790f940a72a028c2b631c3dfa3f81aef1e2b815578e9a3f5d7deb57c,968,-5.299999994434756e-07,-0.51638267,0.75128133
218,300,300K_orthogonal800,star_orth800_uid001258_sk13_rg1_pl2_random__19c9bb0bf2c2,star,13,300K_orthogonal800/row_0218__star_orth800_uid001258_sk13_rg1_pl2_random__19c9bb0bf2c2.data,367309,a4e64e9d691b24b665a739a0fd4133ca295c4407a86d5d78f0935267eba1c550,1088,-4.85722573273506e-15,-0.445702,0.503844
219,300,300K_prod400,linear_uid000094_idx7_rg2_pl2_alternating__ceb50429fecb,linear,7,300K_prod400/row_0219__linear_uid000094_idx7_rg2_pl2_alternating__ceb50429fecb.data,321140,37839c1608a7ed5dada27bf3ff45a82e22d2a3017a5a315be2bbaaef6940cb50,958,2.7399999901478456e-06,-0.39508273,0.17262267
220,300,300K_orthogonal800,linear_orth800_uid000363_sk2_rg1_pl2_random__118bb15ac345,linear,2,300K_orthogonal800/row_0220__linear_orth800_uid000363_sk2_rg1_pl2_random__118bb15ac345.data,371259,a1365c15352bbede9df4a8a899d1d7c6bb46b3f3554ede80853df0679dc6f3eb,1095,-6.13398221105399e-15,-0.445702,0.503844
221,300,300K_orthogonal800,cyclic_orth800_uid000473_sk4_rg1_pl1_block__516a57aa0376,cyclic,4,300K_orthogonal800/row_0221__cyclic_orth800_uid000473_sk4_rg1_pl1_block__516a57aa0376.data,351726,cd674beb047864cd84c1d1ce35a4385cd049fcda4f3b74e0a20a49353cf2fe31,980,5.162537064506978e-15,-3.124198,4.124479
222,300,300K_prod400,linear_uid000194_idx20_rg2_pl0_random__1b2b9b42c348,linear,20,300K_prod400/row_0222__linear_uid000194_idx20_rg2_pl0_random__1b2b9b42c348.data,320269,6edd37db638aa9dbff5af9127ad0345b727de4c9fec9cb5420b4ed0edb7e3cee,935,1.2700000127097155e-06,-0.51332953,0.70538547
223,300,300K_orthogonal800,linear_orth800_uid000179_sk1_rg1_pl0_alternating__24e75273c457,linear,1,300K_orthogonal800/row_0223__linear_orth800_uid000179_sk1_rg1_pl0_alternating__24e75273c457.data,296113,dc00ccf6ebf3197488a4f9301bed19a87983e428f2fa8fed7226fccb8b2f4d7a,902,-1.6653345369377348e-16,-2.055235,3.213304
224,300,300K_prod400,branch_uid000194_idx80_rg0_pl2_random__c394067fbb60,branch,80,300K_prod400/row_0224__branch_uid000194_idx80_rg0_pl2_random__c394067fbb60.data,341074,cb05fd41993a6243a0bed956537282e1d9d5c3ab906a81f97a2efaab01dd8dbb,956,-1.079999999015202e-06,-0.33808746,0.1881331
225,300,300K_orthogonal800,linear_orth800_uid000224_sk0_rg1_pl1_alternating__07f3509dc8c7,linear,0,300K_orthogonal800/row_0225__linear_orth800_uid000224_sk0_rg1_pl1_alternating__07f3509dc8c7.data,335449,b6f17a425706328d788ab6e19f93489ad428dd3ce6f487d9f9423781ded91eef,910,-1.2129186544029835e-14,-0.322686,0.16855
226,300,300K_orthogonal800,cyclic_orth800_uid000756_sk5_rg1_pl2_random__89ad4ec6d029,cyclic,5,300K_orthogonal800/row_0226__cyclic_orth800_uid000756_sk5_rg1_pl2_random__89ad4ec6d029.data,369658,35c84d5b3e03408267ded8d548416bdee517d6b47067f4baecf5ed47b6c4f2c7,1060,-3.2751579226442118e-15,-0.428397,0.460512
227,300,300K_orthogonal800,linear_orth800_uid000072_sk0_rg1_pl0_block__8cbb35f05e20,linear,0,300K_orthogonal800/row_0227__linear_orth800_uid000072_sk0_rg1_pl0_block__8cbb35f05e20.data,387121,1dc3ecef7e4e55e4c9628c754c3e38ece60b05c0bb846c66e57e380ff4ef31a5,1092,4.773959005888173e-15,-3.124198,4.124479
228,300,300K_prod400,star_uid000126_idx64_rg0_pl2_junction_enriched__3a2ca4c31087,star,64,300K_prod400/row_0228__star_uid000126_idx64_rg0_pl2_junction_enriched__3a2ca4c31087.data,348210,7bd177c826438d540ec5c7d88e2a88f4d093b41ea5c08b64b77ea5e95bc48225,1035,2.629999990455545e-06,-0.39508273,0.17262267
229,300,300K_orthogonal800,star_orth800_uid000796_sk14_rg0_pl0_block__cd3246b1359a,star,14,300K_orthogonal800/row_0229__star_orth800_uid000796_sk14_rg0_pl0_block__cd3246b1359a.data,367612,0e2eb1c2360eff468960fe58a2352dfd7e1396f0a03bf8c981036531e8d9c6a1,1043,-2.220446049250313e-16,-0.47597,0.174428
230,300,300K_orthogonal800,cyclic_orth800_uid000660_sk4_rg0_pl1_random__871b45886483,cyclic,4,300K_orthogonal800/row_0230__cyclic_orth800_uid000660_sk4_rg0_pl1_random__871b45886483.data,402571,43f3c4e752ecf14a6621ec324f40fca0589069d9810917e9a72a68c3c5e26465,1095,4.3021142204224816e-15,-0.482645,0.174428
231,300,300K_orthogonal800,cyclic_orth800_uid000607_sk6_rg1_pl1_alternating__eb4fcae0a1c7,cyclic,6,300K_orthogonal800/row_0231__cyclic_orth800_uid000607_sk6_rg1_pl1_alternating__eb4fcae0a1c7.data,292821,ff859e7ff3803123594fcbe7dd6ad73d6f8d645028a44e0accd7f9a5e0215914,906,-2.7755575615628914e-17,-1.995943,3.106646
232,300,300K_orthogonal800,star_orth800_uid001086_sk9_rg1_pl1_alternating__a285e53c15b2,star,9,300K_orthogonal800/row_0232__star_orth800_uid001086_sk9_rg1_pl1_alternating__a285e53c15b2.data,348095,a386a8d4af1fe9929dc12161f7a9b40be8d82ed2dc2143cb343314f57c2e4937,955,9.2148511043888e-15,-0.482645,0.170338
233,300,300K_orthogonal800,linear_orth800_uid000365_sk0_rg1_pl2_random__8e50ad1047f7,linear,0,300K_orthogonal800/row_0233__linear_orth800_uid000365_sk0_rg1_pl2_random__8e50ad1047f7.data,338591,0ee114d87b20ce9039fd44a50aeb1705a602fd4285a93debb4893b3084f3cb49,918,-6.661338147750939e-16,-0.381556,0.344047
234,300,300K_orthogonal800,star_orth800_uid001168_sk14_rg2_pl1_alternating__6a492312b0b3,star,14,300K_orthogonal800/row_0234__star_orth800_uid001168_sk14_rg2_pl1_alternating__6a492312b0b3.data,384627,59ae0e2bae9845f3d45f61ffd8b136c601332e804ee0ea1ce4cc9c1bf6fedb51,1082,-2.7755575615628914e-16,-0.50775,0.175404
235,300,300K_orthogonal800,cyclic_orth800_uid000639_sk6_rg2_pl1_alternating__1c7a75c7d94d,cyclic,6,300K_orthogonal800/row_0235__cyclic_orth800_uid000639_sk6_rg2_pl1_alternating__1c7a75c7d94d.data,320495,84e65f1143188374fc186fb51e359edcce430956f4f1644fbbe7e5a6a5f1de5f,924,-4.440892098500626e-16,-0.437626,0.504344
236,300,300K_orthogonal800,branch_orth800_uid001314_sk19_rg0_pl1_block__fdbeccae691b,branch,19,300K_orthogonal800/row_0236__branch_orth800_uid001314_sk19_rg0_pl1_block__fdbeccae691b.data,355994,e0236f6338e72cdca50bcabc05b20724c0e43350341f41af49b5d164085813ee,974,-1.942890293094024e-16,-0.457687,0.436986
237,300,300K_orthogonal800,branch_orth800_uid001419_sk19_rg2_pl1_block__625a94cf8850,branch,19,300K_orthogonal800/row_0237__branch_orth800_uid001419_sk19_rg2_pl1_block__625a94cf8850.data,341299,c78a5d2eeb67b95e2704cf2d7222c34afe5e885a69d1362f8a3fa659d2b97676,945,-8.049116928532385e-16,-0.555601,1.282598
238,300,300K_prod400,cyclic_uid000108_idx31_rg0_pl0_random__d70b5e9d30a7,cyclic,31,300K_prod400/row_0238__cyclic_uid000108_idx31_rg0_pl0_random__d70b5e9d30a7.data,353838,07ee5c7b43ef27415d61da4d5c0a4a8b6b099f512576fc35de28a2167bf9466f,1056,3.5199999884050204e-06,-0.35497233,0.17262267
239,300,300K_orthogonal800,cyclic_orth800_uid000437_sk4_rg1_pl0_block__392a5a3d096c,cyclic,4,300K_orthogonal800/row_0239__cyclic_orth800_uid000437_sk4_rg1_pl0_block__392a5a3d096c.data,403607,d9caac41d9d0a3e2d79b6bf8135331c5817c1801dc608b99585d657532eb92c7,1095,1.1102230246251565e-16,-0.581266,1.282544
240,300,300K_orthogonal800,linear_orth800_uid000338_sk2_rg1_pl1_random__3ec057fecb56,linear,2,300K_orthogonal800/row_0240__linear_orth800_uid000338_sk2_rg1_pl1_random__3ec057fecb56.data,313752,c10075340a9c8435493b214e99607e0dd9271adc17b5afed122988e22d3b6597,900,5.273559366969494e-16,-1.149452,0.619436
241,300,300K_prod400,star_uid000218_idx56_rg1_pl2_junction_enriched__5dc5a5a3e653,star,56,300K_prod400/row_0241__star_uid000218_idx56_rg1_pl2_junction_enriched__5dc5a5a3e653.data,330453,e4d94f83460d84f27ee159c6afec9eb4e6f5439e28a0be36e7e3c0bdc81ef71d,967,1.5099999983170243e-06,-1.13545644,0.57414363
242,300,300K_prod400,cyclic_uid000114_idx42_rg0_pl2_block__5fab05c6dcca,cyclic,42,300K_prod400/row_0242__cyclic_uid000114_idx42_rg0_pl2_block__5fab05c6dcca.data,366748,a468f74c03d156109af788b4762f6499331a5f541b6f561edf24e09f836015fa,1054,-2.6399999900339477e-06,-1.12653088,0.57950613
243,300,300K_orthogonal800,linear_orth800_uid000225_sk1_rg1_pl1_alternating__bfc1c62de6da,linear,1,300K_orthogonal800/row_0243__linear_orth800_uid000225_sk1_rg1_pl1_alternating__bfc1c62de6da.data,356504,4d6f1f9066276998fda08238f269fff29faaf89389588075712fe9e72441ee89,1023,-7.743805596760467e-15,-0.419908,0.440073
244,300,300K_orthogonal800,linear_orth800_uid000154_sk3_rg0_pl1_alternating__7baf96f534be,linear,3,300K_orthogonal800/row_0244__linear_orth800_uid000154_sk3_rg0_pl1_alternating__7baf96f534be.data,369722,054c08ef4f4a8f1ef937ea8f0a8ffd9873702d22a72a9182235b3ce2022ea26e,1048,1.4654943925052066e-14,-0.570325,1.287474
245,300,300K_prod400,linear_uid000049_idx6_rg1_pl0_random__d2006f7e7b2f,linear,6,300K_prod400/row_0245__linear_uid000049_idx6_rg1_pl0_random__d2006f7e7b2f.data,339923,0d86a679a05ef58c49ba513cea77618d5128724362f27ddf3277475306409421,991,1.1400000144157207e-06,-0.51332953,0.71178693
246,300,300K_prod400,star_uid000091_idx67_rg1_pl0_junction_enriched__bf960780b3e6,star,67,300K_prod400/row_0246__star_uid000091_idx67_rg1_pl0_junction_enriched__bf960780b3e6.data,325108,5e572671346dc17c965752b532aa4fa117368fe702cc85464e3a97bfdb41049e,969,1.8599999913881948e-06,-0.39508273,0.17262267
247,300,300K_orthogonal800,branch_orth800_uid001509_sk19_rg1_pl1_alternating__0c2f460da3eb,branch,19,300K_orthogonal800/row_0247__branch_orth800_uid001509_sk19_rg1_pl1_alternating__0c2f460da3eb.data,340534,537fff1c43f6d498514bc2401cf6259a9118a2eb871ec86e3a26606546a1848b,944,1.8596235662471372e-15,-0.553746,1.280906
248,300,300K_orthogonal800,cyclic_orth800_uid000494_sk6_rg1_pl2_block__116484acd1a1,cyclic,6,300K_orthogonal800/row_0248__cyclic_orth800_uid000494_sk6_rg1_pl2_block__116484acd1a1.data,388424,e7ca4c969c5f99a40377f77bfe386e96aa32b86e67c77477bffe8e17e659da3d,1091,2.7755575615628914e-17,-0.417144,0.448001
249,300,300K_orthogonal800,cyclic_orth800_uid000781_sk5_rg2_pl1_random__3849ea40c465,cyclic,5,300K_orthogonal800/row_0249__cyclic_orth800_uid000781_sk5_rg2_pl1_random__3849ea40c465.data,355319,830dffcc57dad62aecbf244e6749ec0477a8afc82488598f380219c6f500f9ef,1040,3.3306690738754696e-16,-0.445702,0.503364
250,300,300K_orthogonal800,star_orth800_uid001116_sk13_rg1_pl2_alternating__4567ab32f581,star,13,300K_orthogonal800/row_0250__star_orth800_uid001116_sk13_rg1_pl2_alternating__4567ab32f581.data,314544,79692fa41dcdad3a98bebaf0eedee34c887128863f34516220c9bcf37e5bd6a2,913,1.1102230246251565e-16,-0.440001,0.506305
251,300,300K_orthogonal800,cyclic_orth800_uid000453_sk4_rg1_pl0_block__0c0645f9283b,cyclic,4,300K_orthogonal800/row_0251__cyclic_orth800_uid000453_sk4_rg1_pl0_block__0c0645f9283b.data,380732,6529869d196829326e9f486256135004f3a9b514f761486b3429cc04eb1fe98d,1035,3.0531133177191805e-16,-0.323729,0.16859
252,300,300K_orthogonal800,star_orth800_uid001028_sk9_rg0_pl1_alternating__7ce47ea81953,star,9,300K_orthogonal800/row_0252__star_orth800_uid001028_sk9_rg0_pl1_alternating__7ce47ea81953.data,332117,eeb468f8f88e0beeaae3a9cdd22d75640c1923310af2ef96cc9284ea7207f051,922,9.159339953157541e-16,-0.395992,0.168573
253,300,300K_orthogonal800,linear_orth800_uid000327_sk3_rg1_pl0_random__107ddb35d9d7,linear,3,300K_orthogonal800/row_0253__linear_orth800_uid000327_sk3_rg1_pl0_random__107ddb35d9d7.data,334157,2d88e58ac03f19779ff76570a0ef8b09758ec2a772536a3d77a9b7d9ab8ad7a0,946,1.4988010832439613e-15,-0.195303,0.179749
254,300,300K_orthogonal800,linear_orth800_uid000211_sk2_rg1_pl1_alternating__d395e4d66abd,linear,2,300K_orthogonal800/row_0254__linear_orth800_uid000211_sk2_rg1_pl1_alternating__d395e4d66abd.data,333877,ea8914547875e6fcc0713b286a120a71168f1d00e67f3369f3c715a950a589a2,938,-2.498001805406602e-16,-0.413992,0.441837
255,300,300K_prod400,branch_uid000176_idx76_rg1_pl2_junction_enriched__1f28bac9bb22,branch,76,300K_prod400/row_0255__branch_uid000176_idx76_rg1_pl2_junction_enriched__1f28bac9bb22.data,349030,c1485fa92282532e798bd1ae1666ed7a4769bb230714b13650d10a9076628b1c,980,-1.2499999977044762e-06,-1.13249781,0.57500438
256,300,300K_prod400,star_uid000216_idx56_rg1_pl2_junction_enriched__b7777b94e6e4,star,56,300K_prod400/row_0256__star_uid000216_idx56_rg1_pl2_junction_enriched__b7777b94e6e4.data,335114,a978b6b0aa73ce93aa4c2ba0f812d98bf4d94587635bfeaf4ed77169c9756ae4,965,-1.5099999984835577e-06,-0.41566463,0.16802483
257,300,300K_prod400,linear_uid000034_idx4_rg0_pl2_block__e93b9f35cbca,linear,4,300K_prod400/row_0257__linear_uid000034_idx4_rg0_pl2_block__e93b9f35cbca.data,313681,e89c8c4452f65e1feb8f4141dc9b3618562709f232a2e268e1b39c81995bd511,928,-2.0599999877579656e-06,-1.11471106,0.57750081
258,300,300K_orthogonal800,cyclic_orth800_uid000684_sk5_rg0_pl1_random__569c7a7d465b,cyclic,5,300K_orthogonal800/row_0258__cyclic_orth800_uid000684_sk5_rg0_pl1_random__569c7a7d465b.data,342963,922a06ef21da0f7551475f6dedfbc9212182e9421c19c90543801eec9ba1cea7,960,-5.551115123125783e-17,-0.41991,0.443454
259,300,300K_orthogonal800,star_orth800_uid000869_sk13_rg1_pl0_block__f0b7e4ee3cbe,star,13,300K_orthogonal800/row_0259__star_orth800_uid000869_sk13_rg1_pl0_block__f0b7e4ee3cbe.data,348079,507c088bf3132a01a34324cc70ebf31c9e2860f3a24a08cbf6fcd390443b909d,1016,-4.801714581503802e-15,-0.477717,0.174428
260,300,300K_orthogonal800,cyclic_orth800_uid000481_sk5_rg1_pl1_block__727bf20a2f57,cyclic,5,300K_orthogonal800/row_0260__cyclic_orth800_uid000481_sk5_rg1_pl1_block__727bf20a2f57.data,375155,a401564214fb4d6be675a926e44b78187cc8a7e6839f54a705d8ef2426d10c4d,1072,-2.831068712794149e-15,-0.445702,0.502876
261,300,300K_orthogonal800,star_orth800_uid001144_sk14_rg2_pl0_alternating__028e5aae0f67,star,14,300K_orthogonal800/row_0261__star_orth800_uid001144_sk14_rg2_pl0_alternating__028e5aae0f67.data,370595,099b50de953aab64929e21caa6e8d952eef6941c49ce123fff292f609e876ece,1095,-4.996003610813204e-16,-1.147524,0.620184
262,300,300K_orthogonal800,branch_orth800_uid001330_sk19_rg0_pl1_block__b7dff7229ef8,branch,19,300K_orthogonal800/row_0262__branch_orth800_uid001330_sk19_rg0_pl1_block__b7dff7229ef8.data,331322,76d9a6526915780d4fe9ebcd1fe1f5d768f49952c00ae689307eb870b4336878,914,3.635980405647388e-15,-0.470683,0.452735
263,300,300K_orthogonal800,cyclic_orth800_uid000699_sk6_rg1_pl0_random__1ef827794796,cyclic,6,300K_orthogonal800/row_0263__cyclic_orth800_uid000699_sk6_rg1_pl0_random__1ef827794796.data,375441,c8b8f91602e15ce23709c3c3b7454cfd52cc6f2b7283942c5c407d95e8e652ac,1081,3.885780586188048e-15,-0.449246,0.503182
264,300,300K_orthogonal800,star_orth800_uid001026_sk12_rg0_pl1_alternating__b6338cc1c120,star,12,300K_orthogonal800/row_0264__star_orth800_uid001026_sk12_rg0_pl1_alternating__b6338cc1c120.data,364200,743fcf76cf5b1eabfe333e9830c18655daa9b2fe8fbc49b692917d25440bee25,1059,-4.6629367034256575e-15,-0.490236,0.461024
265,300,300K_orthogonal800,linear_orth800_uid000369_sk3_rg1_pl2_random__68a5b169e11c,linear,3,300K_orthogonal800/row_0265__linear_orth800_uid000369_sk3_rg1_pl2_random__68a5b169e11c.data,370364,5f5e28380360a7ea48f32d4ada55eb732e001fe2a0a56f46f82b067fc87d2118,1070,5.35682609381638e-15,-1.152456,0.619436
266,300,300K_orthogonal800,star_orth800_uid000787_sk10_rg0_pl0_block__6daca0033394,star,10,300K_orthogonal800/row_0266__star_orth800_uid000787_sk10_rg0_pl0_block__6daca0033394.data,309513,a765476257edc8d9b551f15107a0f15323fe662a8feb7e11538d462dfe203dfb,917,-7.993605777301127e-15,-0.310024,0.159487
267,300,300K_prod400,comb_uid000368_idx102_rg2_pl1_random__9f4f0fe93e01,comb,102,300K_prod400/row_0267__comb_uid000368_idx102_rg2_pl1_random__9f4f0fe93e01.data,331129,5de3790bb851c8eb4ff63852c307682d0e0ddcf13d57de11a560d895d2b94a71,950,1.830000001645793e-06,-0.51423607,0.71537873
268,300,300K_orthogonal800,linear_orth800_uid000210_sk1_rg1_pl1_alternating__73c2aaa2a872,linear,1,300K_orthogonal800/row_0268__linear_orth800_uid000210_sk1_rg1_pl1_alternating__73c2aaa2a872.data,323916,b2abd62df35e979f213f4be00e7012587f1866092e263769725d638672fedc6b,921,5.551115123125783e-17,-0.444647,0.498646
269,300,300K_orthogonal800,linear_orth800_uid000239_sk2_rg1_pl2_alternating__e66f5be0bbe2,linear,2,300K_orthogonal800/row_0269__linear_orth800_uid000239_sk2_rg1_pl2_alternating__e66f5be0bbe2.data,291605,97465858b3ed0adc45129fc3dcfc7900a63918742db548a4bc09b1712e74d15d,916,-5.551115123125783e-17,-2.117521,3.177224
270,300,300K_orthogonal800,cyclic_orth800_uid000686_sk7_rg1_pl0_random__4d05e737dce4,cyclic,7,300K_orthogonal800/row_0270__cyclic_orth800_uid000686_sk7_rg1_pl0_random__4d05e737dce4.data,375862,c6486dceaf0a9f125b6f2fe7bfb541760b9c737a85ca48adace376db5eb4e6a5,1085,2.7200464103316335e-15,-1.149452,0.619966
271,300,300K_orthogonal800,branch_orth800_uid001305_sk19_rg0_pl0_block__c45db8462fd1,branch,19,300K_orthogonal800/row_0271__branch_orth800_uid001305_sk19_rg0_pl0_block__c45db8462fd1.data,346722,fb81bd6b22f35abf705c7317c5965480906df18c6f2edf91d6ba0d58c93aeac4,938,2.4702462297909733e-15,-0.329308,0.168897
272,300,300K_orthogonal800,linear_orth800_uid000060_sk2_rg1_pl0_block__26887ae45eb6,linear,2,300K_orthogonal800/row_0272__linear_orth800_uid000060_sk2_rg1_pl0_block__26887ae45eb6.data,367065,895f33d17c1fbb0215c1e1444bb1d56d1e9f8c136e851031e869b01541b5ec1a,1084,-5.190292640122607e-15,-1.147663,0.618865
273,300,300K_orthogonal800,cyclic_orth800_uid000596_sk7_rg1_pl1_alternating__9fd68db51a91,cyclic,7,300K_orthogonal800/row_0273__cyclic_orth800_uid000596_sk7_rg1_pl1_alternating__9fd68db51a91.data,325392,008332efb0a1d0f7ba11d59bae010d7cce9b4feac62e0a1ec59a2122a17951ea,980,-3.3029134982598407e-15,-1.147717,0.61513
274,300,300K_prod400,cyclic_uid000099_idx42_rg0_pl0_alternating__840c724f10db,cyclic,42,300K_prod400/row_0274__cyclic_uid000099_idx42_rg0_pl0_alternating__840c724f10db.data,375700,9ec2fc3cd257ff67514954507eee0261a8929ff8c2f19e0d975c50cb9d39e4d9,1054,-3.399999981001933e-07,-0.51383907,0.21366793
275,300,300K_prod400,comb_uid000175_idx107_rg1_pl1_junction_enriched__6f3d9700948f,comb,107,300K_prod400/row_0275__comb_uid000175_idx107_rg1_pl1_junction_enriched__6f3d9700948f.data,338856,622dbc15d69b0344b8f4e72ab69fb22605ede0132c7849d88f55c899043012ef,971,1.9000000021085484e-06,-0.51423607,0.71537873
276,300,300K_orthogonal800,branch_orth800_uid001629_sk19_rg1_pl1_random__e1a94bc57c91,branch,19,300K_orthogonal800/row_0276__branch_orth800_uid001629_sk19_rg1_pl1_random__e1a94bc57c91.data,331163,0c35cc1b42d2c6d5d131974e7b03ee620a209a61bb34ac658988e53c8a00991d,900,-1.942890293094024e-16,-0.556319,1.282791
277,300,300K_prod400,star_uid000121_idx64_rg0_pl2_random__df1e390aeaf6,star,64,300K_prod400/row_0277__star_uid000121_idx64_rg0_pl2_random__df1e390aeaf6.data,342681,bc520b532f764b560908332654df64aa5cac65bf896338c657fa37e30821bf9b,1019,2.3999999928803195e-06,-0.41172475,0.17262267
278,300,300K_orthogonal800,linear_orth800_uid000397_sk1_rg2_pl1_random__d94bca8a37e6,linear,1,300K_orthogonal800/row_0278__linear_orth800_uid000397_sk1_rg2_pl1_random__d94bca8a37e6.data,307138,1f7995cb7b5ab298355a42a3d1ea7e22ef146aaa162de01b5d884c8fddc6aa22,915,-6.938893903907228e-16,-3.124198,4.124479
279,300,300K_orthogonal800,linear_orth800_uid000335_sk3_rg1_pl1_random__58eaa6f4b67c,linear,3,300K_orthogonal800/row_0279__linear_orth800_uid000335_sk3_rg1_pl1_random__58eaa6f4b67c.data,342652,aa0f5a255802cb4b5216f1d04bf700d2ec20bc43218dfb99ee54d56ebc4b0601,978,-6.661338147750939e-16,-1.152193,0.620197
280,300,300K_prod400,branch_uid000192_idx76_rg2_pl1_junction_enriched__34b596a80dc0,branch,76,300K_prod400/row_0280__branch_uid000192_idx76_rg2_pl1_junction_enriched__34b596a80dc0.data,340364,72bc16c81cb5c25ea3fe3c6205cc8e0bb28258d393157fcd40279e61d0ce6102,953,1.4999999942144626e-07,-1.12241794,0.76364029
281,300,300K_prod400,linear_uid000014_idx5_rg0_pl0_alternating__072ecd514df2,linear,5,300K_prod400/row_0281__linear_uid000014_idx5_rg0_pl0_alternating__072ecd514df2.data,373117,e0f724f82cdadee756a5c7c74bb7f767ca423c4f432eb1293d1623fa943d0226,1080,-1.7399999990286297e-06,-0.41172475,0.16802483
282,300,300K_orthogonal800,star_orth800_uid001128_sk14_rg1_pl2_alternating__eee90a5e5c1f,star,14,300K_orthogonal800/row_0282__star_orth800_uid001128_sk14_rg1_pl2_alternating__eee90a5e5c1f.data,369181,b12ad63f1d1202b29b308539bd9e61d46cc50f9437011f6ddb7c0583ddc16f0f,1065,9.353628982466944e-15,-1.149197,1.29256
283,300,300K_orthogonal800,linear_orth800_uid000016_sk0_rg0_pl1_block__a966c13c4de1,linear,0,300K_orthogonal800/row_0283__linear_orth800_uid000016_sk0_rg0_pl1_block__a966c13c4de1.data,384813,3c429ce387011fd57cf4b8cc445bdc6cfbb2b40b52225d70e5663f2ffcb4d028,1052,4.440892098500626e-16,-1.126221,0.612517
284,300,300K_orthogonal800,star_orth800_uid000814_sk10_rg0_pl1_block__d2c8f9e63926,star,10,300K_orthogonal800/row_0284__star_orth800_uid000814_sk10_rg0_pl1_block__d2c8f9e63926.data,331991,2d2af9260980958bb617c9fdb19468a22142e325cdb6e65f898bcd875b798e5b,971,-2.6922908347160046e-15,-0.445702,0.503416
285,300,300K_orthogonal800,branch_orth800_uid001336_sk19_rg1_pl0_block__bc5f5338b019,branch,19,300K_orthogonal800/row_0285__branch_orth800_uid001336_sk19_rg1_pl0_block__bc5f5338b019.data,349120,9c4e3b230d54d9a8abbea79814e29385ca8780834bf2cd7aca50c4caf8eb660f,945,3.3584246494910985e-15,-0.32858,0.168897
286,300,300K_prod400,cyclic_uid000061_idx34_rg2_pl1_gradient__52733afa5993,cyclic,34,300K_prod400/row_0286__cyclic_uid000061_idx34_rg2_pl1_gradient__52733afa5993.data,311022,121d8d88b4d9d65546acdfebe7d0d7ecb1c9e5e113781ff2125b4dfe36e3d422,936,-1.1399999929606608e-06,-1.11840637,0.57750081
287,300,300K_orthogonal800,cyclic_orth800_uid000491_sk6_rg1_pl2_block__9a2e21ef0775,cyclic,6,300K_orthogonal800/row_0287__cyclic_orth800_uid000491_sk6_rg1_pl2_block__9a2e21ef0775.data,328726,a01d6f468ec27e4028dc464cac68c63acf9642b6edd52dfcd905ff6e31ec9049,946,-1.1102230246251565e-16,-0.445702,0.503866
288,300,300K_orthogonal800,linear_orth800_uid000110_sk2_rg1_pl2_block__37e465d499fa,linear,2,300K_orthogonal800/row_0288__linear_orth800_uid000110_sk2_rg1_pl2_block__37e465d499fa.data,363511,aaae755c27193761bc6b364778df3a182e4afcf17cf82320875e02fa6f453562,1078,-5.245803791353865e-15,-1.145838,0.618385
289,300,300K_orthogonal800,cyclic_orth800_uid000524_sk4_rg2_pl1_block__91f753909358,cyclic,4,300K_orthogonal800/row_0289__cyclic_orth800_uid000524_sk4_rg2_pl1_block__91f753909358.data,402882,40853e404cdd0e5eb2fed2b9cd469fa92a391b672f4ff29dfc28b741d5c80298,1095,1.6375789613221059e-15,-0.473,0.174428
290,300,300K_orthogonal800,cyclic_orth800_uid000755_sk5_rg1_pl2_random__052e74f470b8,cyclic,5,300K_orthogonal800/row_0290__cyclic_orth800_uid000755_sk5_rg1_pl2_random__052e74f470b8.data,330279,77f6c6505aaf5bed9547705346795dcacf61e28519a1eb090cfd52347b174d76,940,1.609823385706477e-15,-0.445702,0.499833
291,300,300K_orthogonal800,star_orth800_uid001155_sk9_rg2_pl1_alternating__2469cda7604f,star,9,300K_orthogonal800/row_0291__star_orth800_uid001155_sk9_rg2_pl1_alternating__2469cda7604f.data,360038,635843fbb43f58106feab3a5db1ff747d36b4ee5a2e14d985aaeff9f84405cee,980,-7.16093850883226e-15,-0.328848,0.168648
292,300,300K_orthogonal800,star_orth800_uid000991_sk11_rg2_pl2_block__8b3c796976e7,star,11,300K_orthogonal800/row_0292__star_orth800_uid000991_sk11_rg2_pl2_block__8b3c796976e7.data,383934,5d286ad88801c80a16c51233fb559f0638788c9043653f2b534df8dff59cfba3,1080,-6.938893903907228e-16,-0.54806,1.296379
293,300,300K_orthogonal800,star_orth800_uid001208_sk10_rg1_pl0_random__c2f4f64c79a1,star,10,300K_orthogonal800/row_0293__star_orth800_uid001208_sk10_rg1_pl0_random__c2f4f64c79a1.data,318922,d87d1f39ff57174728bf4da38c11a474f883149d3967c7f1f3adad78749b2b7d,906,4.996003610813204e-16,-0.445702,0.502706
294,300,300K_prod400,star_uid000188_idx53_rg0_pl0_random__8fd0739c5e35,star,53,300K_prod400/row_0294__star_uid000188_idx53_rg0_pl0_random__8fd0739c5e35.data,341527,179b1fc1d87437f0d521517e0fe00a88bc8d946ab9119c9e232093b64eb6d8f6,1012,2.0799999932985536e-06,-0.41172475,0.17262267
295,300,300K_orthogonal800,star_orth800_uid001021_sk10_rg0_pl1_alternating__aac42fd74340,star,10,300K_orthogonal800/row_0295__star_orth800_uid001021_sk10_rg0_pl1_alternating__aac42fd74340.data,336288,3e7c7880e4ab200881723cb1b8eb492fc5d083e25b7a8d9dfdf5d104e679d9da,987,5.495603971894525e-15,-0.449414,0.525305
296,300,300K_orthogonal800,star_orth800_uid001220_sk12_rg1_pl0_random__cf82ab5b2e86,star,12,300K_orthogonal800/row_0296__star_orth800_uid001220_sk12_rg1_pl0_random__cf82ab5b2e86.data,330285,b2bbb19fe6cc25deb720b66d8c4e07cce78e933ac3cef5a1ab726ce54659fe0b,947,-3.3306690738754696e-15,-1.152826,0.614129
297,300,300K_prod400,linear_uid000021_idx6_rg0_pl0_alternating__8c3ea9fc4000,linear,6,300K_prod400/row_0297__linear_uid000021_idx6_rg0_pl0_alternating__8c3ea9fc4000.data,341559,25fc574ed0e9287e93c2a609301d58318a7d7b8cd3ed54b45be4fa9a434e6a69,997,1.1900000141396028e-06,-0.5203814,0.70538547
298,300,300K_orthogonal800,linear_orth800_uid000168_sk3_rg0_pl1_alternating__4fb4d3a0ebe9,linear,3,300K_orthogonal800/row_0298__linear_orth800_uid000168_sk3_rg0_pl1_alternating__4fb4d3a0ebe9.data,370369,14221d0e42b78c1f03ed6f55447fec833ea3891cde6552c4ad2c40f175e80be6,1070,4.718447854656915e-16,-1.152456,0.617535
299,300,300K_orthogonal800,star_orth800_uid001075_sk10_rg1_pl0_alternating__5d03646d17eb,star,10,300K_orthogonal800/row_0299__star_orth800_uid001075_sk10_rg1_pl0_alternating__5d03646d17eb.data,382661,f89a5d539f682887d707232e4e9c5a835a602952928596de02a835228b5740ef,1086,8.881784197001252e-16,-0.439568,0.509812
300,300,300K_prod400,linear_uid000145_idx20_rg0_pl2_alternating__3ce02df818b8,linear,20,300K_prod400/row_0300__linear_uid000145_idx20_rg0_pl2_alternating__3ce02df818b8.data,325108,29d9817f736cec691fd791a1321776ac4a24d191b5798017cb36d27fbc32c52f,943,-7.800000095259385e-07,-0.499133,0.205626
301,300,300K_orthogonal800,cyclic_orth800_uid000721_sk4_rg1_pl1_random__9be08d25f8cc,cyclic,4,300K_orthogonal800/row_0301__cyclic_orth800_uid000721_sk4_rg1_pl1_random__9be08d25f8cc.data,377374,28897dc5f0d6f13b9d95ed4cbb607d79842c49f24e72fde1e517639f3764f373,1047,1.6930901125533637e-15,-0.428397,0.460512
302,300,300K_prod400,cyclic_uid000110_idx31_rg0_pl0_alternating__d70b5e9d30a7,cyclic,31,300K_prod400/row_0302__cyclic_uid000110_idx31_rg0_pl0_alternating__d70b5e9d30a7.data,353838,b22c3aa28b4a81f1091e5c45962f500760efa39f1fc2b05ab31e3e5edf78dce2,1056,3.5199999884050204e-06,-0.35497233,0.17262267
303,300,300K_prod400,cyclic_uid000266_idx36_rg2_pl0_random__82f58ddd2817,cyclic,36,300K_prod400/row_0303__cyclic_uid000266_idx36_rg2_pl0_random__82f58ddd2817.data,315736,0269f6d3c6f47af71f7bfb1d3481b6a2516dbe2727aff871ff55d3594a8b83d6,949,5.30000001580655e-07,-0.39884275,0.17341525
304,300,300K_orthogonal800,cyclic_orth800_uid000604_sk6_rg1_pl1_alternating__7a8a31b25f64,cyclic,6,300K_orthogonal800/row_0304__cyclic_orth800_uid000604_sk6_rg1_pl1_alternating__7a8a31b25f64.data,375555,adee0f8c6714767c44a9518e48971b35c21fb2277143dd61647090853d0caf87,1081,6.106226635438361e-15,-0.449559,0.549734
305,300,300K_prod400,star_uid000087_idx67_rg0_pl2_random__ba733d36a2f4,star,67,300K_prod400/row_0305__star_uid000087_idx67_rg0_pl2_random__ba733d36a2f4.data,327847,c6ed3e9502bd6d1d00dbc7729c188d24bb0fcad5db0b20e66ba317de3f1f59af,975,2.1999999916255675e-06,-0.52237532,0.21504768
306,300,300K_orthogonal800,star_orth800_uid001125_sk10_rg1_pl2_alternating__91bcb642aa84,star,10,300K_orthogonal800/row_0306__star_orth800_uid001125_sk10_rg1_pl2_alternating__91bcb642aa84.data,334752,1478289f8431a44943dc3cdf294b243cf996c5bd4d6b8f1bb937b6f755db8ea6,977,7.077671781985373e-15,-0.540689,0.504914
307,300,300K_prod400,linear_uid000026_idx4_rg0_pl1_alternating__663960dd9be6,linear,4,300K_prod400/row_0307__linear_uid000026_idx4_rg0_pl1_alternating__663960dd9be6.data,312536,513de4d0b4a15fa051cbca0538236fa984e36df91dc917d1f515a4342f7152bf,926,-2.0799999864429264e-06,-1.12596031,0.57750081
308,300,300K_prod400,star_uid000208_idx53_rg1_pl0_junction_enriched__50c376d1d0f8,star,53,300K_prod400/row_0308__star_uid000208_idx53_rg1_pl0_junction_enriched__50c376d1d0f8.data,346092,509c3fbd7a02ecca7e576961c3ea77c126ec48122e55fcea7af1f340aac5678b,1025,2.429999990838372e-06,-0.50354181,0.71549819
309,300,300K_orthogonal800,linear_orth800_uid000055_sk3_rg1_pl0_block__41b3d7dc96ad,linear,3,300K_orthogonal800/row_0309__linear_orth800_uid000055_sk3_rg1_pl0_block__41b3d7dc96ad.data,369157,3768060bc82eb5526cceadac530b252566b5efa159b3f0bcc4b6800e46e9fb1e,1068,-3.885780586188048e-16,-1.153373,0.619436
310,300,300K_orthogonal800,linear_orth800_uid000349_sk0_rg1_pl1_random__b8f1f8f1ce26,linear,0,300K_orthogonal800/row_0310__linear_orth800_uid000349_sk0_rg1_pl1_random__b8f1f8f1ce26.data,331966,b0fa3748114f4ed7bf3d8c7a82993c29791ed23403ffeb6a4e8679054a4c304f,926,-6.661338147750939e-16,-0.445702,0.505975
311,300,300K_orthogonal800,linear_orth800_uid000213_sk0_rg1_pl1_alternating__a823b5f4ff1c,linear,0,300K_orthogonal800/row_0311__linear_orth800_uid000213_sk0_rg1_pl1_alternating__a823b5f4ff1c.data,381441,16ad9c540eb134b1a55e9e159c15852720a6b30daf65b7bda666284cbb49aab1,1038,6.772360450213455e-15,-0.577255,1.28696
312,300,300K_orthogonal800,star_orth800_uid001015_sk8_rg0_pl1_alternating__9b700ca77cf6,star,8,300K_orthogonal800/row_0312__star_orth800_uid001015_sk8_rg0_pl1_alternating__9b700ca77cf6.data,347329,890a34d39f119b642319acda6a442e3cd0c40ddcf4b5bfaeab6f198baa913a49,961,-5.717648576819556e-15,-0.463792,0.455368
313,300,300K_orthogonal800,cyclic_orth800_uid000760_sk7_rg2_pl1_random__6ed07b89ba46,cyclic,7,300K_orthogonal800/row_0313__cyclic_orth800_uid000760_sk7_rg2_pl1_random__6ed07b89ba46.data,321098,77f5cf810010b74613ece61ef546df6c6166d98ea28aaf13561690e0072a2576,945,-8.604228440844963e-16,-0.484235,0.452674
314,300,300K_orthogonal800,star_orth800_uid001107_sk9_rg1_pl2_alternating__e476a08b34ed,star,9,300K_orthogonal800/row_0314__star_orth800_uid001107_sk9_rg1_pl2_alternating__e476a08b34ed.data,369581,79aa4eb942f1926cde1450a2d5bc6edfdfe5471d424091ae4c945ebd047f686d,1008,4.191091917959966e-15,-0.548229,1.280442
315,300,300K_prod400,cyclic_uid000068_idx35_rg2_pl2_alternating__f54b828bed41,cyclic,35,300K_prod400/row_0315__cyclic_uid000068_idx35_rg2_pl2_alternating__f54b828bed41.data,345860,9e5faea2ce3d614869e60d8b3288df18ee1ee7e9a053afa8a113fb4f92e3104f,1032,3.4399999886691734e-06,-0.35497233,0.17262267
316,300,300K_prod400,cyclic_uid000004_idx34_rg0_pl0_random__be87b8adbba2,cyclic,34,300K_prod400/row_0316__cyclic_uid000004_idx34_rg0_pl0_random__be87b8adbba2.data,354493,b1a5a820b70e511ac187da4e9d26f5f713d6019cfdbdce30887cea41332e41f8,1005,-3.3499999946839942e-06,-0.50974687,0.21635013
317,300,300K_orthogonal800,cyclic_orth800_uid000669_sk7_rg0_pl1_random__1f2a59323624,cyclic,7,300K_orthogonal800/row_0317__cyclic_orth800_uid000669_sk7_rg0_pl1_random__1f2a59323624.data,333860,d338f6811443b93a2cc07f5156e0122137c8e5ab381f02ec6a4a8c823322592a,980,6.661338147750939e-16,-0.480822,0.17965
318,300,300K_prod400,linear_uid000074_idx6_rg1_pl2_block__1b001f239f8d,linear,6,300K_prod400/row_0318__linear_uid000074_idx6_rg1_pl2_block__1b001f239f8d.data,350956,c381d2629b4310b5ae3074005e4a5d78547d61e1b9c3adf4b15db1e300e3809b,1014,2.7999999885341964e-06,-0.35688187,0.172839
319,300,300K_prod400,linear_uid000037_idx15_rg0_pl2_gradient__0f573699d02f,linear,15,300K_prod400/row_0319__linear_uid000037_idx15_rg0_pl2_gradient__0f573699d02f.data,333665,340e026eab03d56d0ebc178c1ff34817aa663e9c68bf7181aa82b9e95e2d183e,974,2.919999996631173e-06,-0.51423607,0.71763673
320,300,300K_orthogonal800,star_orth800_uid000835_sk11_rg0_pl2_block__2234179aebd3,star,11,300K_orthogonal800/row_0320__star_orth800_uid000835_sk11_rg0_pl2_block__2234179aebd3.data,301529,5de5c026a96e0901fd70a01d09df1342a6ff7e258347158708c16000894e83a5,903,-5.828670879282072e-15,-0.378032,0.171346
321,300,300K_prod400,branch_uid000220_idx80_rg2_pl0_random__cf09c8ef79a3,branch,80,300K_prod400/row_0321__branch_uid000220_idx80_rg2_pl0_random__cf09c8ef79a3.data,332481,932d784ad56d5ef3a887fbebd502a7ec2a81c4a9db47b016cebb8be523b4f261,928,-5.799999993616467e-07,-0.40302946,0.1881331
322,300,300K_prod400,cyclic_uid000113_idx31_rg0_pl0_alternating__d70b5e9d30a7,cyclic,31,300K_prod400/row_0322__cyclic_uid000113_idx31_rg0_pl0_alternating__d70b5e9d30a7.data,353838,c21e9baee6d439a87c57e3e2c27f81480554a626b9e5c005404bf27080b72954,1056,3.5199999884050204e-06,-0.35497233,0.17262267
323,300,300K_prod400,linear_uid000046_idx15_rg1_pl0_block__059585d82f83,linear,15,300K_prod400/row_0323__linear_uid000046_idx15_rg1_pl0_block__059585d82f83.data,341534,8cae0f1ac05e00dc8bc2d44463549d4118b600b7f5c8868dad28b5093d2cd689,988,5.899999957204027e-07,-0.53377727,0.22078173
324,300,300K_prod400,comb_uid000455_idx100_rg1_pl2_random__f31132b50409,comb,100,300K_prod400/row_0324__comb_uid000455_idx100_rg1_pl2_random__f31132b50409.data,366619,3346989d00b1f24983eaa1fa02c905f6682da756a1f53c3924158fb1a528b8a3,1058,1.63999999328035e-06,-0.39710936,0.17262267
325,300,300K_orthogonal800,cyclic_orth800_uid000761_sk7_rg2_pl1_random__c691da23c147,cyclic,7,300K_orthogonal800/row_0325__cyclic_orth800_uid000761_sk7_rg2_pl1_random__c691da23c147.data,386025,896aabeebb4c4e7a051f9ea5b8f341bfe04f4c4a77bf8be92e899fc972c0a7af,1085,-5.051514762044462e-15,-0.480102,0.176283
326,300,300K_prod400,linear_uid000137_idx20_rg0_pl2_block__73d691250749,linear,20,300K_prod400/row_0326__linear_uid000137_idx20_rg0_pl2_block__73d691250749.data,327276,9e0ba7962e4f0148fd2fa15ee09b0b33850e000795f4ff31268fbb69801ca32b,949,2.649999996717778e-06,-0.52296553,0.71763673
327,300,300K_prod400,cyclic_uid000056_idx34_rg2_pl0_alternating__420ca22dfca3,cyclic,34,300K_prod400/row_0327__cyclic_uid000056_idx34_rg2_pl0_alternating__420ca22dfca3.data,359143,7acbb87a39e254d1b9d2ae7640845cf5f006bb4649cee05f45133a37bd57516d,1038,3.350000002344533e-06,-1.09916212,0.71329987
328,300,300K_orthogonal800,star_orth800_uid001011_sk10_rg0_pl1_alternating__cd5fe55b92bb,star,10,300K_orthogonal800/row_0328__star_orth800_uid001011_sk10_rg0_pl1_alternating__cd5fe55b92bb.data,376252,52eb4e97b1443d99238597b8ec780eae4672c54e5531cc13907551e3c9950615,1075,2.8033131371785203e-15,-0.445207,0.509829
329,300,300K_orthogonal800,star_orth800_uid001038_sk12_rg0_pl2_alternating__c27bb7209b2d,star,12,300K_orthogonal800/row_0329__star_orth800_uid001038_sk12_rg0_pl2_alternating__c27bb7209b2d.data,355867,cff89520d26c51b89d45b44ae777b23c641dffa5c69583145b8db05e083dafb4,1009,-3.885780586188048e-16,-0.40223,0.189134
330,300,300K_orthogonal800,cyclic_orth800_uid000679_sk4_rg0_pl1_random__4ed9718f74ad,cyclic,4,300K_orthogonal800/row_0330__cyclic_orth800_uid000679_sk4_rg0_pl1_random__4ed9718f74ad.data,382520,833874e2cc3fde883787bcfb7823523f7c68a9117caf127f694935bcbc8633ce,1050,-3.0531133177191805e-15,-0.47475,0.457872
331,300,300K_prod400,linear_uid000089_idx6_rg2_pl0_block__2948415aa84e,linear,6,300K_prod400/row_0331__linear_uid000089_idx6_rg2_pl0_block__2948415aa84e.data,309661,b205b203dcabac420407bd5c5b9582c5ad2c36ac479727fdef9cb8dafd339ab9,928,1.7599999939388322e-06,-0.50602375,0.4003195
332,300,300K_orthogonal800,cyclic_orth800_uid000735_sk4_rg1_pl2_random__5f8053ea1625,cyclic,4,300K_orthogonal800/row_0332__cyclic_orth800_uid000735_sk4_rg1_pl2_random__5f8053ea1625.data,387186,105b35578187d0f8efb1e812da2acf4b9cb6c8ab84996dee4ff5a4bfae7bf4c1,1065,1.1934897514720433e-15,-0.403154,0.16858
333,300,300K_prod400,cyclic_uid000020_idx41_rg0_pl1_block__22a395d42119,cyclic,41,300K_prod400/row_0333__cyclic_uid000020_idx41_rg0_pl1_block__22a395d42119.data,337893,b57a19df4f5d4589fd6a9b5fc01b3113b98589ad087bdf94527041f3198b25f2,989,2.3000000803907739e-07,-1.11840637,0.715046
334,300,300K_prod400,cyclic_uid000048_idx35_rg1_pl1_block__f54b828bed41,cyclic,35,300K_prod400/row_0334__cyclic_uid000048_idx35_rg1_pl1_block__f54b828bed41.data,345860,693ff46e42f0ff83fab55bd709487c945b0e0d7bb3626d823d53f6a45af956e3,1032,3.4399999886691734e-06,-0.35497233,0.17262267
335,300,300K_orthogonal800,linear_orth800_uid000235_sk0_rg1_pl2_alternating__9c5e4a2fd377,linear,0,300K_orthogonal800/row_0335__linear_orth800_uid000235_sk0_rg1_pl2_alternating__9c5e4a2fd377.data,388477,bcc51b0d11d3164d946ac72fa15a32db32fe623e1cb95b27e9f356736ec6d002,1058,-1.1463052729254741e-14,-0.3879,0.168818
336,300,300K_orthogonal800,branch_orth800_uid001569_sk19_rg2_pl1_alternating__91f83f2295f8,branch,19,300K_orthogonal800/row_0336__branch_orth800_uid001569_sk19_rg2_pl1_alternating__91f83f2295f8.data,333183,0bf4a3279926c8db32539b0dcf280f874e55eb3e0ebd4cb011af824ecff1aa60,908,-4.440892098500626e-16,-0.549286,1.2893
337,300,300K_orthogonal800,star_orth800_uid000864_sk10_rg1_pl0_block__b713a8c50064,star,10,300K_orthogonal800/row_0337__star_orth800_uid000864_sk10_rg1_pl0_block__b713a8c50064.data,345994,ca8724b29b122ffbd9adecec4b4fef6adfa5f9ba5636b9db877bd56d3b0cdcd1,993,-2.858824288409778e-15,-0.428397,0.460512
338,300,300K_prod400,cyclic_uid000032_idx44_rg1_pl0_gradient__f2703177a3fe,cyclic,44,300K_prod400/row_0338__cyclic_uid000032_idx44_rg1_pl0_gradient__f2703177a3fe.data,319956,4be82fe3299ad5446ec3253372914926a8bdf308fb083b4fbe0beb2ada9a4268,912,-1.2000000013112633e-07,-1.11400344,0.57750081
339,300,300K_orthogonal800,star_orth800_uid000964_sk11_rg2_pl1_block__3f3680c68bc0,star,11,300K_orthogonal800/row_0339__star_orth800_uid000964_sk11_rg2_pl1_block__3f3680c68bc0.data,367956,5efca6ac0d93d9891385ebfaf26681f0f2494aa7c0952f29d22452bc252b0592,1046,1.1102230246251565e-16,-0.447018,0.522255
340,300,300K_prod400,branch_uid000133_idx76_rg0_pl0_random__2cc920109bb0,branch,76,300K_prod400/row_0340__branch_uid000133_idx76_rg0_pl0_random__2cc920109bb0.data,363686,54aa2e1f47165048c125aba7a5979597c8bf2d839583c72b02004b4d1e944c83,1022,2.700000018007742e-07,-0.52683941,0.4082465
341,300,300K_prod400,star_uid000154_idx64_rg2_pl0_random__ccef9f6a276e,star,64,300K_prod400/row_0341__star_uid000154_idx64_rg2_pl0_random__ccef9f6a276e.data,346317,362322aa4c840c7c58e77905a0e22147ec05b8564218a552da81cbe84edf4d2e,1024,2.7599999900818073e-06,-0.41172475,0.17262267
342,300,300K_orthogonal800,branch_orth800_uid001575_sk19_rg2_pl1_alternating__92c062065eec,branch,19,300K_orthogonal800/row_0342__branch_orth800_uid001575_sk19_rg2_pl1_alternating__92c062065eec.data,341892,a93cbcb89bba4b6f220883349d749745324364b153ada15b08518b345b6be384,946,1.8596235662471372e-15,-0.550356,1.284418
343,300,300K_prod400,star_uid000209_idx56_rg1_pl0_random__35242c1084df,star,56,300K_prod400/row_0343__star_uid000209_idx56_rg1_pl0_random__35242c1084df.data,326064,152eb70603adb36f68b170932b3dfc347e03686f2e9c1f5b26814ee9fb70361d,945,1.1900000103093333e-06,-0.5134032,0.7151658
344,300,300K_orthogonal800,linear_orth800_uid000388_sk1_rg2_pl1_random__0097b2d60fe0,linear,1,300K_orthogonal800/row_0344__linear_orth800_uid000388_sk1_rg2_pl1_random__0097b2d60fe0.data,343817,f563257d167644b5abffe5a355f7341dff7fd01883dfa28b5b373c4ebeaaeb91,1010,3.941291737419306e-15,-0.445702,0.503364
345,300,300K_prod400,star_uid000193_idx58_rg1_pl1_random__c084f1895af7,star,58,300K_prod400/row_0345__star_uid000193_idx58_rg1_pl1_random__c084f1895af7.data,329561,4f51b93db81099044952234c87acafc40ea78158da22177be329dc5919c83a43,965,2.0699999912499045e-06,-0.50354181,0.71549819
346,300,300K_prod400,linear_uid000052_idx5_rg1_pl0_gradient__28d25656b056,linear,5,300K_prod400/row_0346__linear_uid000052_idx5_rg1_pl0_gradient__28d25656b056.data,362900,ddcac51a7822c3f60dac484f740dbc059d9042a2c2a8931dcc1ba70c7e4f7a75,1072,9.199999992381969e-07,-1.115086,0.57750081
347,300,300K_orthogonal800,linear_orth800_uid000216_sk0_rg1_pl1_alternating__0f5e9e939cf6,linear,0,300K_orthogonal800/row_0347__linear_orth800_uid000216_sk0_rg1_pl1_alternating__0f5e9e939cf6.data,363226,90d39f170a203c725faf562fc03026f582e648f456453bf94c17bcbd62efbec7,1002,-5.9119376061289586e-15,-0.458661,0.444668
348,300,300K_orthogonal800,star_orth800_uid001231_sk13_rg1_pl1_random__3b5e76dd7e5e,star,13,300K_orthogonal800/row_0348__star_orth800_uid001231_sk13_rg1_pl1_random__3b5e76dd7e5e.data,356926,a52007b908d8fd864500ba0d7e1d81d30c03d672ecb47abf9a9ce4b1aec0ab77,1047,1.7763568394002505e-15,-2.928696,3.649516
349,300,300K_prod400,linear_uid000032_idx15_rg0_pl1_gradient__0f573699d02f,linear,15,300K_prod400/row_0349__linear_uid000032_idx15_rg0_pl1_gradient__0f573699d02f.data,333665,da866782cfa3e62d69014906da0f294ca9a9cb443eedbe05f5a1c552c935c74f,974,2.919999996631173e-06,-0.51423607,0.71763673
350,300,300K_prod400,comb_uid000369_idx102_rg2_pl1_junction_enriched__da38d2492fc7,comb,102,300K_prod400/row_0350__comb_uid000369_idx102_rg2_pl1_junction_enriched__da38d2492fc7.data,339536,890f39328b9327ca560a0cb467c516791fd576bedf811b4e8699fce800bd99aa,970,-3.00000002145806e-07,-0.5167168,0.40432406
351,300,300K_orthogonal800,linear_orth800_uid000218_sk2_rg1_pl1_alternating__834373681eac,linear,2,300K_orthogonal800/row_0351__linear_orth800_uid000218_sk2_rg1_pl1_alternating__834373681eac.data,371224,65e6db0faa9e95fe467755a27ae59b8e47ad07716b127bb3ad4c844f13c09913,1078,1.1601830607332886e-14,-0.378032,0.157342
352,300,300K_orthogonal800,star_orth800_uid000904_sk12_rg1_pl1_block__e36723065eeb,star,12,300K_orthogonal800/row_0352__star_orth800_uid000904_sk12_rg1_pl1_block__e36723065eeb.data,314159,8718c6939a1bf29cea751cfd6611409ace50cce53d821409dd5c2322b8a7e7c8,905,6.106226635438361e-16,-0.445702,0.509576
353,300,300K_orthogonal800,cyclic_orth800_uid000621_sk6_rg1_pl2_alternating__fa594518a7df,cyclic,6,300K_orthogonal800/row_0353__cyclic_orth800_uid000621_sk6_rg1_pl2_alternating__fa594518a7df.data,328856,80e287629f7715daa1ad316ef8c6b8d924d82c1412386918104545a05beea471,933,2.8033131371785203e-15,-0.574285,1.283962
354,300,300K_orthogonal800,branch_orth800_uid001554_sk19_rg2_pl0_alternating__ad78780edf81,branch,19,300K_orthogonal800/row_0354__branch_orth800_uid001554_sk19_rg2_pl0_alternating__ad78780edf81.data,356008,e985140a34b4a520b48f03bd1bdeeb70fa6013d2db8b519ddd97fc70ccc36159,966,1.582067810090848e-15,-0.32858,0.168897
355,300,300K_prod400,linear_uid000009_idx5_rg0_pl0_block__41cecc539a51,linear,5,300K_prod400/row_0355__linear_uid000009_idx5_rg0_pl0_block__41cecc539a51.data,372600,62d1564f1d5f74126c654aaa4d99fda278012c7261f3a354a632081e2c4a4212,1078,2.9999999877627914e-06,-0.35688187,0.172839
356,300,300K_orthogonal800,linear_orth800_uid000280_sk3_rg0_pl1_random__3334444b5594,linear,3,300K_orthogonal800/row_0356__linear_orth800_uid000280_sk3_rg0_pl1_random__3334444b5594.data,371769,152244ba67d4e367c854914b70b2fe5c0ece781682563e8c7a7d5c5bdf6e80e5,1076,4.3298697960381105e-15,-1.149452,0.619436
357,300,300K_orthogonal800,star_orth800_uid001090_sk12_rg1_pl1_alternating__35f21c57ee6f,star,12,300K_orthogonal800/row_0357__star_orth800_uid001090_sk12_rg1_pl1_alternating__35f21c57ee6f.data,358524,e07db63a5e6d9682b0e49e3284101c0f66a5f0d88fca79b96b37b9380bfe77bf,1050,-5.717648576819556e-15,-0.473568,0.173151
358,300,300K_prod400,comb_uid000438_idx100_rg1_pl0_junction_enriched__4815c149830a,comb,100,300K_prod400/row_0358__comb_uid000438_idx100_rg1_pl0_junction_enriched__4815c149830a.data,359764,b6f1a4a93f9e792f660dd9d17b23e1a4fe7d8fa5a429a28e604e1a2ce68a1668,1058,6.999999994372619e-07,-1.11894688,0.57750081
359,300,300K_prod400,comb_uid000183_idx107_rg1_pl2_random__d233f5d8dbbe,comb,107,300K_prod400/row_0359__comb_uid000183_idx107_rg1_pl2_random__d233f5d8dbbe.data,314066,90e993ede80e95a833e85f913824410d2b0327681e9f31f0863d7502bbea8f15,912,-1.0599999920035685e-06,-1.11894688,0.71537873
360,300,300K_prod400,star_uid000183_idx56_rg0_pl0_junction_enriched__83009fc33a3c,star,56,300K_prod400/row_0360__star_uid000183_idx56_rg0_pl0_junction_enriched__83009fc33a3c.data,331809,3bdf48837bc58fbd20a81344fe531cbb8342a51b9467850ae92d49aa8dcffc4f,961,-5.200000094407464e-07,-0.5052024,0.2206376
361,300,300K_prod400,star_uid000093_idx67_rg1_pl0_junction_enriched__883f2f49976b,star,67,300K_prod400/row_0361__star_uid000093_idx67_rg1_pl0_junction_enriched__883f2f49976b.data,320245,496512307bd6621dc1b6907e422ddaa202d05f92d89bcfcc20c9a7d7a6102936,953,2.7399999931454477e-06,-0.36161746,0.17262267
362,300,300K_orthogonal800,cyclic_orth800_uid000485_sk4_rg1_pl2_block__d5ee396502e7,cyclic,4,300K_orthogonal800/row_0362__cyclic_orth800_uid000485_sk4_rg1_pl2_block__d5ee396502e7.data,402882,92bec121c971435863c7426e97df6691e26f5bee9ad5491146edc4a210271beb,1095,1.6375789613221059e-15,-0.473,0.174428
363,300,300K_orthogonal800,linear_orth800_uid000374_sk1_rg1_pl2_random__c98a0cdec8e6,linear,1,300K_orthogonal800/row_0363__linear_orth800_uid000374_sk1_rg1_pl2_random__c98a0cdec8e6.data,320304,fd80b97e366a775a84d537e1dd78e6dbd0dee8012feafce0ea2b441763949824,915,3.0253577421035516e-15,-0.445702,0.503353
364,300,300K_orthogonal800,linear_orth800_uid000368_sk1_rg1_pl2_random__2e4782365eb5,linear,1,300K_orthogonal800/row_0364__linear_orth800_uid000368_sk1_rg1_pl2_random__2e4782365eb5.data,356499,51fa7807b4edea60ec0722c1efc70a1524ba8eb203e1f3537feba504ccc13a9f,1023,-4.468647674116255e-15,-0.428397,0.460512
365,300,300K_orthogonal800,linear_orth800_uid000334_sk0_rg1_pl1_random__8c04069ac695,linear,0,300K_orthogonal800/row_0365__linear_orth800_uid000334_sk0_rg1_pl1_random__8c04069ac695.data,375582,67c3ba1f93b1d8246d72e4050bda8222759caaef1f57ace87e3a6bbf3d6e2109,1036,8.326672684688674e-16,-0.447018,0.509702
366,300,300K_prod400,comb_uid000331_idx102_rg1_pl0_random__e9cd6beeabf6,comb,102,300K_prod400/row_0366__comb_uid000331_idx102_rg1_pl0_random__e9cd6beeabf6.data,341681,cb2db3dc45c08481eb0eaecfa9c5e39cc5559477130a538dc55d7a5ae0cfd5ac,969,1.4499999934081131e-06,-0.41566463,0.17262267
367,300,300K_orthogonal800,star_orth800_uid001156_sk13_rg2_pl1_alternating__513117bac720,star,13,300K_orthogonal800/row_0367__star_orth800_uid001156_sk13_rg2_pl1_alternating__513117bac720.data,363768,68bc3806b4bde4315af41974f386b4e0c20b0a9937cebada60c6d3e8ca480539,1073,5.828670879282072e-15,-0.440172,0.504897
368,300,300K_prod400,cyclic_uid000033_idx34_rg1_pl0_block__36de3042e807,cyclic,34,300K_prod400/row_0368__cyclic_uid000033_idx34_rg1_pl0_block__36de3042e807.data,338294,b1e4881caa48bc7f606d79aa63c31a5b72956097d16ac1b60fe8bd6c286895ce,983,-2.819999992020872e-06,-1.12829619,0.57950613
369,300,300K_prod400,linear_uid000095_idx16_rg2_pl1_block__edd74d2f6e8c,linear,16,300K_prod400/row_0369__linear_uid000095_idx16_rg2_pl1_block__edd74d2f6e8c.data,356644,ef4bb6eae3fc3f0aa0822cde7470858a4aa23d924f8016ff3d3466708972aed0,1030,2.8399999881800753e-06,-0.35688187,0.172839
370,300,300K_prod400,star_uid000077_idx67_rg0_pl0_random__5dd4dd0879d5,star,67,300K_prod400/row_0370__star_uid000077_idx67_rg0_pl0_random__5dd4dd0879d5.data,332257,1c03dd5a6b3516133fa0cd9343142c479e29f7b67f0ef4a6e173cc4199e28b59,981,1.7399999913403352e-06,-0.36161746,0.17262267
371,300,300K_prod400,cyclic_uid000120_idx42_rg0_pl2_block__18243cf07dcc,cyclic,42,300K_prod400/row_0371__cyclic_uid000120_idx42_rg0_pl2_block__18243cf07dcc.data,375700,d049aba72c313c048cd628cb6aa34499bdc2e7a04b0faf488b889542603b7c9c,1054,-3.200000049941032e-07,-0.50974687,0.2204828
372,300,300K_prod400,cyclic_uid000255_idx36_rg1_pl1_gradient__36c8549a30ee,cyclic,36,300K_prod400/row_0372__cyclic_uid000255_idx36_rg1_pl1_gradient__36c8549a30ee.data,344813,e80341dd69e90fa9be23d347debf4c8776ff4a05f4e33879c7ba8f44ae17b8a1,999,8.299999953165216e-07,-0.53377727,0.22078173
373,300,300K_prod400,star_uid000083_idx67_rg0_pl1_random__60994e891114,star,67,300K_prod400/row_0373__star_uid000083_idx67_rg0_pl1_random__60994e891114.data,323814,eb0d38db5b531ff83545da029c3e000313f695eade5f338d5648c25754aebbde,960,2.5199999943992246e-06,-0.35688187,0.17262267
374,300,300K_prod400,branch_uid000221_idx80_rg2_pl0_junction_enriched__d40058ffb23c,branch,80,300K_prod400/row_0374__branch_uid000221_idx80_rg2_pl0_junction_enriched__d40058ffb23c.data,325846,3d116fb1be62921f41deb8c80f7dbf927bfb634a60f657161e357da901cc2905,907,4.899999974661284e-07,-0.51905253,0.7177014
375,300,300K_orthogonal800,cyclic_orth800_uid000630_sk6_rg1_pl2_alternating__a4fd787784f6,cyclic,6,300K_orthogonal800/row_0375__cyclic_orth800_uid000630_sk6_rg1_pl2_alternating__a4fd787784f6.data,321161,04a68664611440b2de8dfb019aa48de558a58bb849228086fad7a151734796b9,924,6.106226635438361e-16,-0.437367,0.506106
376,300,300K_orthogonal800,linear_orth800_uid000063_sk1_rg1_pl0_block__50546a0fd525,linear,1,300K_orthogonal800/row_0376__linear_orth800_uid000063_sk1_rg1_pl0_block__50546a0fd525.data,347446,05698f34c19a719892c366df1a49e4380d8eedf8a05c198a353cf0bbc86ca159,1016,-3.552713678800501e-15,-0.445702,0.502129
377,300,300K_prod400,comb_uid000177_idx107_rg1_pl1_junction_enriched__4fea6581ecdc,comb,107,300K_prod400/row_0377__comb_uid000177_idx107_rg1_pl1_junction_enriched__4fea6581ecdc.data,316937,e18982ed500321a67b8959ce7b74c55ac9e1c20c6c4044be003cc01cce7735fd,910,-5.299999936425603e-07,-1.12332681,0.57750081
378,300,300K_prod400,comb_uid000201_idx107_rg2_pl1_random__52e67eccadf7,comb,107,300K_prod400/row_0378__comb_uid000201_idx107_rg2_pl1_random__52e67eccadf7.data,315757,21d14df3e53003c4f26435b48bbb12909e034914ed690fbe9a2319271efc5328,909,-1.0799999936028648e-06,-1.11894688,0.57750081
379,300,300K_orthogonal800,linear_orth800_uid000331_sk3_rg1_pl1_random__21946cc47d10,linear,3,300K_orthogonal800/row_0379__linear_orth800_uid000331_sk3_rg1_pl1_random__21946cc47d10.data,384619,af8c6333b73b926890214d1467c855beca09fcaffb5b219fa187dae2058e6435,1098,1.942890293094024e-16,-0.428622,0.454412
380,300,300K_orthogonal800,linear_orth800_uid000084_sk0_rg1_pl1_block__8eea95fdadb9,linear,0,300K_orthogonal800/row_0380__linear_orth800_uid000084_sk0_rg1_pl1_block__8eea95fdadb9.data,378595,d3687c7b72cda32c6b3e50e40895d17e7b40370740cd9898bfcfe952516cc0cb,1052,-2.7755575615628914e-17,-0.448078,0.502876
381,300,300K_orthogonal800,linear_orth800_uid000068_sk2_rg1_pl0_block__e3e5ef7f3424,linear,2,300K_orthogonal800/row_0381__linear_orth800_uid000068_sk2_rg1_pl0_block__e3e5ef7f3424.data,370962,913522e10e19eef00309a54f39ad13ad25699829a7203e2f771ed8fcdc132398,1096,-5.551115123125783e-17,-0.471992,0.502706
382,300,300K_orthogonal800,star_orth800_uid000914_sk8_rg1_pl2_block__284b24357f56,star,8,300K_orthogonal800/row_0382__star_orth800_uid000914_sk8_rg1_pl2_block__284b24357f56.data,346263,782e4a245e5f6e9a81425a4decc60e49a78aa8c5c45282b441e0ea868846493a,952,2.498001805406602e-16,-0.46126,0.451709
383,300,300K_prod400,star_uid000179_idx56_rg0_pl0_junction_enriched__41bb68dbdf45,star,56,300K_prod400/row_0383__star_uid000179_idx56_rg0_pl0_junction_enriched__41bb68dbdf45.data,334521,bd9458be1506ee88d82bad6e18c2c036ba2d68bb9e4b6f03681980c60dbdce32,983,1.549999999406193e-06,-1.12782381,0.57414363
384,300,300K_orthogonal800,cyclic_orth800_uid000593_sk7_rg1_pl1_alternating__9e1d620bd6a0,cyclic,7,300K_orthogonal800/row_0384__cyclic_orth800_uid000593_sk7_rg1_pl1_alternating__9e1d620bd6a0.data,333782,10c11cfaadf975b317017cd6c7de4cac20633abe58bbd48f6588d7be2e92f425,980,-3.6637359812630166e-15,-0.479523,0.166447
385,300,300K_orthogonal800,cyclic_orth800_uid000663_sk5_rg0_pl1_random__7460ebe0d790,cyclic,5,300K_orthogonal800/row_0385__cyclic_orth800_uid000663_sk5_rg0_pl1_random__7460ebe0d790.data,369661,3c38b83272ec080bdb98b3cc675a565c1ff7f5cc6600f480537b22eb14edb4e8,1060,-2.3314683517128287e-15,-0.428397,0.460512
386,300,300K_orthogonal800,linear_orth800_uid000319_sk3_rg1_pl0_random__8ef854fadf91,linear,3,300K_orthogonal800/row_0386__linear_orth800_uid000319_sk3_rg1_pl0_random__8ef854fadf91.data,320141,d4c80993d84863d41581b5240cbe77a6b26dc7799f5110e1ef5d9db22e903fc5,966,8.881784197001252e-16,-1.147717,0.61586
387,300,300K_orthogonal800,cyclic_orth800_uid000627_sk7_rg1_pl2_alternating__c394b59a928c,cyclic,7,300K_orthogonal800/row_0387__cyclic_orth800_uid000627_sk7_rg1_pl2_alternating__c394b59a928c.data,386030,7ac50a0a9389cf0eeac20ceef5825c2f7893d9d9bcc9f96cde6fb0c172c5faa6,1085,8.326672684688674e-17,-0.480102,0.17387
388,300,300K_orthogonal800,star_orth800_uid001265_sk12_rg1_pl2_random__390f57a97b50,star,12,300K_orthogonal800/row_0388__star_orth800_uid001265_sk12_rg1_pl2_random__390f57a97b50.data,370541,509ee36ae9629fb711b1add15731fa22b33946d491ce2a21b4ba3b4b352ba19b,1093,2.7755575615628914e-16,-0.453169,0.5037
389,300,300K_orthogonal800,linear_orth800_uid000355_sk3_rg1_pl2_random__1784cda8d801,linear,3,300K_orthogonal800/row_0389__linear_orth800_uid000355_sk3_rg1_pl2_random__1784cda8d801.data,365577,580d83e4ba996a1850f23b53834c3e449d2bb6d07de3ffd4df69a392c1de7d34,1076,-2.6922908347160046e-15,-0.476753,0.451709
390,300,300K_orthogonal800,cyclic_orth800_uid000405_sk7_rg0_pl0_block__22764d658cdd,cyclic,7,300K_orthogonal800/row_0390__cyclic_orth800_uid000405_sk7_rg0_pl0_block__22764d658cdd.data,369735,0835620633d1f35e7fef3fd02d537228a69b64d9af36a8480ffbecfa9d17b690,1050,8.326672684688674e-17,-0.573987,1.282037
391,300,300K_orthogonal800,cyclic_orth800_uid000565_sk7_rg1_pl0_alternating__5a9bfb943efe,cyclic,7,300K_orthogonal800/row_0391__cyclic_orth800_uid000565_sk7_rg1_pl0_alternating__5a9bfb943efe.data,375784,1bd4ee11b153fd064642cd88327717091cea53b5e56fc1270c90439bc7f13d04,1085,-2.7755575615628914e-16,-1.149452,0.616194
392,300,300K_prod400,cyclic_uid000050_idx26_rg1_pl1_gradient__75bd1ae966ae,cyclic,26,300K_prod400/row_0392__cyclic_uid000050_idx26_rg1_pl1_gradient__75bd1ae966ae.data,330392,e6beefb167c375a883902e90cd72dc58059eb761e722cdc09f4d0e3fc0684d0a,959,1.3900000008504332e-06,-1.115086,0.71763673
393,300,300K_prod400,star_uid000149_idx64_rg2_pl0_random__ba2f3c4be6bc,star,64,300K_prod400/row_0393__star_uid000149_idx64_rg2_pl0_random__ba2f3c4be6bc.data,345052,68f97616daea3140dcda99933617e3ac25063d2eab56c24e6419be23340b1c5a,1028,2.1899999919361424e-06,-0.39508273,0.17262267
394,300,300K_orthogonal800,linear_orth800_uid000052_sk3_rg0_pl2_block__500861a27a81,linear,3,300K_orthogonal800/row_0394__linear_orth800_uid000052_sk3_rg0_pl2_block__500861a27a81.data,364798,b00ac271dd94766a5929476154614cea5de92e292c76e3133ba8223ca4ef43ae,1036,-1.6653345369377348e-16,-0.470437,0.174428
395,300,300K_prod400,star_uid000215_idx56_rg1_pl2_random__bd1949e91bb1,star,56,300K_prod400/row_0395__star_uid000215_idx56_rg1_pl2_random__bd1949e91bb1.data,322277,73be8a3b9c2105a3c1db6bbc4e9df694816ba713512da5141d216ef358286034,938,1.2600000109386222e-06,-0.526201,0.7151658
396,300,300K_prod400,cyclic_uid000034_idx41_rg1_pl0_random__1921c7bf29b2,cyclic,41,300K_prod400/row_0396__cyclic_uid000034_idx41_rg1_pl0_random__1921c7bf29b2.data,366771,a8ef132d17eeab71de206ac033c7e2dba13394ea65324bb0e2d885becc71adf3,1035,-1.4999998509956924e-07,-0.52346027,0.70845153
397,300,300K_orthogonal800,star_orth800_uid001108_sk8_rg1_pl2_alternating__fe94c8bfb7b4,star,8,300K_orthogonal800/row_0397__star_orth800_uid001108_sk8_rg1_pl2_alternating__fe94c8bfb7b4.data,385208,55361811f1baa746f7569d35a1eaafdd2446e92e29c8ffa5d55541030ced47f4,1051,7.632783294297951e-15,-0.500504,0.189061
398,300,300K_prod400,star_uid000076_idx67_rg0_pl0_junction_enriched__60994e891114,star,67,300K_prod400/row_0398__star_uid000076_idx67_rg0_pl0_junction_enriched__60994e891114.data,323814,fc16ddbd77de8930a91f6f9087f7f66c4d8479b2c800e5888896dcc4b44b98ab,960,2.5199999943992246e-06,-0.35688187,0.17262267
399,300,300K_prod400,star_uid000151_idx64_rg2_pl0_junction_enriched__df1e390aeaf6,star,64,300K_prod400/row_0399__star_uid000151_idx64_rg2_pl0_junction_enriched__df1e390aeaf6.data,342681,284fad4c13327ef437451cfafc792abcb35e3296fa32810bbfa2687a166856d2,1019,2.3999999928803195e-06,-0.41172475,0.17262267
400,300,300K_orthogonal800,star_orth800_uid001018_sk13_rg0_pl1_alternating__85efae2b10ae,star,13,300K_orthogonal800/row_0400__star_orth800_uid001018_sk13_rg0_pl1_alternating__85efae2b10ae.data,359301,f5ce6abb14e43fa1692a3d4520c54529ec4b2ba63fe5b4075ded6cf673d34374,1044,7.13318293321663e-15,-0.564942,1.294647
401,300,300K_orthogonal800,cyclic_orth800_uid000657_sk6_rg2_pl1_alternating__79aaf6e8c942,cyclic,6,300K_orthogonal800/row_0401__cyclic_orth800_uid000657_sk6_rg2_pl1_alternating__79aaf6e8c942.data,297004,eaaaa7aa41c9a91d64119fe9f44ddf7e57f520005e528d2f75b22bffc5bd8f14,934,5.3013149425851225e-15,-2.117521,3.177224
402,300,300K_orthogonal800,cyclic_orth800_uid000602_sk7_rg1_pl1_alternating__e24c717d8189,cyclic,7,300K_orthogonal800/row_0402__cyclic_orth800_uid000602_sk7_rg1_pl1_alternating__e24c717d8189.data,375611,456c5202a5a7e40f177bc5f58aa7227ee0f86b90577fa826dfb3cfe381ac0e7a,1085,8.1601392309949e-15,-1.136939,1.29256
403,300,300K_prod400,star_uid000097_idx66_rg1_pl0_junction_enriched__0365b1dfe342,star,66,300K_prod400/row_0403__star_uid000097_idx66_rg1_pl0_junction_enriched__0365b1dfe342.data,325930,bbd7ab038efa4226e2eb0b2e5371ec13687332a0f83492fc329cfd9ab5781770,946,7.700000112520478e-07,-0.5203814,0.7069818
404,300,300K_orthogonal800,star_orth800_uid001209_sk10_rg1_pl0_random__f3e78732543b,star,10,300K_orthogonal800/row_0404__star_orth800_uid001209_sk10_rg1_pl0_random__f3e78732543b.data,374520,225b9e2853d66c6a698bb90b2f7026f1f8668f0f3d2f0b6974e7a3d20aa5f388,1065,-3.885780586188048e-16,-0.447018,0.510343
405,300,300K_prod400,linear_uid000098_idx6_rg2_pl2_random__267590c5f46f,linear,6,300K_prod400/row_0405__linear_uid000098_idx6_rg2_pl2_random__267590c5f46f.data,341559,7049ff65b4e34a8fd4b951d876d16e4f33fb588f1bf3905bee79d22daee30563,997,1.1900000143338918e-06,-0.5203814,0.70538547
406,300,300K_orthogonal800,cyclic_orth800_uid000720_sk4_rg1_pl1_random__17fb8f32629e,cyclic,4,300K_orthogonal800/row_0406__cyclic_orth800_uid000720_sk4_rg1_pl1_random__17fb8f32629e.data,394560,92e4c7fd528382a7c611dc1f5b063d03da50829bb0386c52f19579e5ec5d12b4,1092,-1.3322676295501878e-15,-0.445702,0.50618
407,300,300K_orthogonal800,branch_orth800_uid001714_sk19_rg2_pl1_random__85cf2c9bc995,branch,19,300K_orthogonal800/row_0407__branch_orth800_uid001714_sk19_rg2_pl1_random__85cf2c9bc995.data,361228,a8f99b5c493a3c5fef568081fd522bbbec4b1e6cb4bc37ada9e4c8d3c3001429,982,1.582067810090848e-15,-0.557017,1.286319
408,300,300K_orthogonal800,cyclic_orth800_uid000611_sk6_rg1_pl2_alternating__71fa5456aa8b,cyclic,6,300K_orthogonal800/row_0408__cyclic_orth800_uid000611_sk6_rg1_pl2_alternating__71fa5456aa8b.data,334678,29a48be1185124d4df540d01ca7a11771904f2dc4574d41fb3e58becc17e79f9,964,-5.245803791353865e-15,-1.12965,0.598198
409,300,300K_orthogonal800,branch_orth800_uid001356_sk19_rg1_pl1_block__dca2bbc828c3,branch,19,300K_orthogonal800/row_0409__branch_orth800_uid001356_sk19_rg1_pl1_block__dca2bbc828c3.data,325667,ca6f6aabdf1c56fa6e3e6c061c00326b900d29f5a2a84df263d3932d74c6d622,903,-8.049116928532385e-16,-0.552846,1.285273
410,300,300K_prod400,star_uid000206_idx58_rg2_pl0_junction_enriched__1ccb8660bb22,star,58,300K_prod400/row_0410__star_uid000206_idx58_rg2_pl0_junction_enriched__1ccb8660bb22.data,324279,278e33e7806ecd83b391da14293d0522309037fad70f4a7a756b87dea1908b66,957,1.6599999913824437e-06,-0.36161746,0.17262267
411,300,300K_orthogonal800,cyclic_orth800_uid000478_sk4_rg1_pl1_block__79fb1b228a6a,cyclic,4,300K_orthogonal800/row_0411__cyclic_orth800_uid000478_sk4_rg1_pl1_block__79fb1b228a6a.data,377132,a7c9f902c59563e054bb7760c6d55b71d9ba0e198cf7f95fd380837a4c8f0bde,1019,1.1934897514720433e-15,-0.415476,0.437823
412,300,300K_prod400,star_uid000211_idx58_rg2_pl1_random__11d19b274b56,star,58,300K_prod400/row_0412__star_uid000211_idx58_rg2_pl1_random__11d19b274b56.data,317130,86dc01199bfebadfe0b44a0bad9dc128e579f73a8d7044f6498091aab209bced,945,1.7799999918743925e-06,-0.39508273,0.17262267
413,300,300K_prod400,comb_uid000197_idx107_rg2_pl1_random__75d03e442d54,comb,107,300K_prod400/row_0413__comb_uid000197_idx107_rg2_pl1_random__75d03e442d54.data,341921,c047fd9387dab3ba3883f81babb82108848bbf05b569571fd4c07ffcf3128eba,973,2.2800000036016232e-06,-0.50925533,0.71770087
414,300,300K_orthogonal800,cyclic_orth800_uid000551_sk6_rg0_pl1_alternating__d500d6fe9078,cyclic,6,300K_orthogonal800/row_0414__cyclic_orth800_uid000551_sk6_rg0_pl1_alternating__d500d6fe9078.data,292665,c48830b5c7e1965e3a4e909bc821233e1683ad6a63915ad098ebb26be12d6d24,909,-4.996003610813204e-16,-3.04032,3.684446
415,300,300K_orthogonal800,cyclic_orth800_uid000665_sk7_rg0_pl1_random__1b80d06eca49,cyclic,7,300K_orthogonal800/row_0415__cyclic_orth800_uid000665_sk7_rg0_pl1_random__1b80d06eca49.data,386025,dac2f3000ebc76a268af7111d0441a516f67dbb0ffc9f9f2b7124b15b88816f3,1085,-4.218847493575595e-15,-0.480102,0.176283
416,300,300K_orthogonal800,star_orth800_uid000921_sk13_rg1_pl2_block__0c1c4a06d2bc,star,13,300K_orthogonal800/row_0416__star_orth800_uid000921_sk13_rg1_pl2_block__0c1c4a06d2bc.data,353536,7e5113923ca4924b8b38e97608c8a8b4da3601086bf55026b548122766fa7388,1038,-4.9404924595819466e-15,-0.576681,1.286923
417,300,300K_orthogonal800,star_orth800_uid001064_sk13_rg1_pl0_alternating__fc651e733c8c,star,13,300K_orthogonal800/row_0417__star_orth800_uid001064_sk13_rg1_pl0_alternating__fc651e733c8c.data,324268,4e5a548f39222dd3a14e388a71fa61a89c96fe5ca11414c836ef29866b802946,919,2.886579864025407e-15,-0.494873,0.188662
418,300,300K_orthogonal800,cyclic_orth800_uid000572_sk7_rg1_pl0_alternating__366c4b3946c6,cyclic,7,300K_orthogonal800/row_0418__cyclic_orth800_uid000572_sk7_rg1_pl0_alternating__366c4b3946c6.data,333856,da3783cab292be661a1ae1eb3072840eecff1befa29ec1043f3d7cb33f5d97fb,980,-1.1407541578023483e-14,-0.478537,0.181659
419,300,300K_prod400,linear_uid000031_idx16_rg0_pl1_random__ae593adae4e3,linear,16,300K_prod400/row_0419__linear_uid000031_idx16_rg0_pl1_random__ae593adae4e3.data,309849,ce5be98e238ca98afa2f2c81b0219b3535b673c58ae17e8987166cd718fa907c,934,-1.9600000070174595e-06,-0.530867,0.415301
420,300,300K_orthogonal800,star_orth800_uid001069_sk8_rg1_pl0_alternating__e7c76b1a8a6f,star,8,300K_orthogonal800/row_0420__star_orth800_uid001069_sk8_rg1_pl0_alternating__e7c76b1a8a6f.data,395716,18e206f573ebd17c9b843603b706ec3d54143cd7bc7ee1cc977cc2f4edc5d65d,1098,-1.4155343563970746e-15,-0.346515,0.169371
421,300,300K_prod400,comb_uid000477_idx100_rg2_pl1_junction_enriched__ab1170329623,comb,100,300K_prod400/row_0421__comb_uid000477_idx100_rg2_pl1_junction_enriched__ab1170329623.data,349857,0cfad9f799fc06232f17b2d5014b5421c4549b62b67621aca7dae185ef24b31f,1008,1.1099999991381893e-06,-0.50974687,0.22069247
422,300,300K_prod400,linear_uid000152_idx20_rg1_pl0_random__83a0a9f70693,linear,20,300K_prod400/row_0422__linear_uid000152_idx20_rg1_pl0_random__83a0a9f70693.data,328335,041f6d6dc3b5246b38200503ad2c6039e7db28c168654cdf1184b8a7f49efa70,950,-1.6000000002958092e-06,-0.35802317,0.16802483
423,300,300K_orthogonal800,linear_orth800_uid000019_sk0_rg0_pl1_block__e89aebba96e4,linear,0,300K_orthogonal800/row_0423__linear_orth800_uid000019_sk0_rg0_pl1_block__e89aebba96e4.data,401201,d59ea15ca5cb759fb97e88e5dfea1d7c6049df1f9fb67e9e79f7dc8a5e43180c,1092,-1.2490009027033011e-15,-0.326193,0.183447
424,300,300K_prod400,linear_uid000061_idx4_rg1_pl1_block__e93b9f35cbca,linear,4,300K_prod400/row_0424__linear_uid000061_idx4_rg1_pl1_block__e93b9f35cbca.data,313681,4f45a769fff044448af897d9898aa84e394bfe00247ffcedaa422d0a6311312c,928,-2.0599999877579656e-06,-1.11471106,0.57750081
425,300,300K_prod400,star_uid000200_idx56_rg0_pl2_random__7e43404e17c9,star,56,300K_prod400/row_0425__star_uid000200_idx56_rg0_pl2_random__7e43404e17c9.data,307695,6c55254e422806811e0ab5aa5f571c040f7176077507cc880208266272020a52,916,3.4000000115330664e-07,-0.49548962,0.72905038
426,300,300K_orthogonal800,linear_orth800_uid000209_sk1_rg1_pl1_alternating__79dfddede64f,linear,1,300K_orthogonal800/row_0426__linear_orth800_uid000209_sk1_rg1_pl1_alternating__79dfddede64f.data,386587,0965363a30cff6051c6fa33287ffff2293a376328c7a5ba158b98bf8085d4546,1099,-3.0531133177191805e-16,-0.436837,0.509702
427,300,300K_orthogonal800,cyclic_orth800_uid000452_sk6_rg1_pl0_block__6854c07e2e0a,cyclic,6,300K_orthogonal800/row_0427__cyclic_orth800_uid000452_sk6_rg1_pl0_block__6854c07e2e0a.data,340415,abd53fa9bea6471311a05ef403c491e51858f6d468d3883b32b5c61f67717498,951,7.771561172376096e-16,-0.412182,0.443921
428,300,300K_orthogonal800,star_orth800_uid000931_sk9_rg1_pl2_block__97558e3b799b,star,9,300K_orthogonal800/row_0428__star_orth800_uid000931_sk9_rg1_pl2_block__97558e3b799b.data,384554,5f7b61a06c68c9f07f457e3728fec0811531307090d64e7dfb5a88fa53f156a4,1072,-1.0547118733938987e-15,-0.3879,0.168748
429,300,300K_prod400,cyclic_uid000051_idx29_rg2_pl0_gradient__463a6e01186c,cyclic,29,300K_prod400/row_0429__cyclic_uid000051_idx29_rg2_pl0_gradient__463a6e01186c.data,318870,c08a549009929590ea6f5bed9a65bdf5e98ca41dca6d33f7dda6af2f50ee9031,944,-2.3599999856016574e-06,-1.10802819,0.57750081
430,300,300K_prod400,branch_uid000218_idx80_rg1_pl2_random__483d89520c64,branch,80,300K_prod400/row_0430__branch_uid000218_idx80_rg1_pl2_random__483d89520c64.data,339895,d1c629b251c3d85ab09e8802203f5afe6065b74dbf5222de23c41f9dcf800a7e,933,1.9000000195390498e-07,-1.13848819,0.75050748
431,300,300K_orthogonal800,star_orth800_uid001235_sk9_rg1_pl1_random__fd01e4c1356e,star,9,300K_orthogonal800/row_0431__star_orth800_uid001235_sk9_rg1_pl1_random__fd01e4c1356e.data,356324,5860e08016bd93181413caac23876e6fbaafd0d1e79fe6ae56695e1bf8ae3aa9,985,6.106226635438361e-16,-0.447018,0.50975
432,300,300K_prod400,linear_uid000034_idx7_rg0_pl2_alternating__ceb50429fecb,linear,7,300K_prod400/row_0432__linear_uid000034_idx7_rg0_pl2_alternating__ceb50429fecb.data,321140,b960b5c589ce49e15b0aa0c3783b9494aaf1a4ca0d0b1c38e832b820509b9d99,958,2.7399999901478456e-06,-0.39508273,0.17262267
433,300,300K_orthogonal800,star_orth800_uid000898_sk11_rg1_pl1_block__21868b6c68c5,star,11,300K_orthogonal800/row_0433__star_orth800_uid000898_sk11_rg1_pl1_block__21868b6c68c5.data,376972,0e021252b73dd4e6f6cc94a2d71e69c0a7bc3a92ad49f36b80b5618d2034df51,1025,4.440892098500626e-15,-0.36822,0.314055
434,300,300K_orthogonal800,cyclic_orth800_uid000620_sk7_rg1_pl2_alternating__7bf2038aa93b,cyclic,7,300K_orthogonal800/row_0434__cyclic_orth800_uid000620_sk7_rg1_pl2_alternating__7bf2038aa93b.data,375614,e7ae99ec8163424668971b35f987b9f06bf1d7e84be671e24001d534c17a855e,1085,8.298917109073045e-15,-1.136939,1.29256
435,300,300K_prod400,linear_uid000172_idx20_rg1_pl1_alternating__248e2c0f3ed8,linear,20,300K_prod400/row_0435__linear_uid000172_idx20_rg1_pl1_alternating__248e2c0f3ed8.data,330974,b92e679515184ab87f04cd55d3a0e9da9de1f00155f8f3358ff1d770a968055b,958,-1.5700000002838443e-06,-0.35802317,0.17039379
436,300,300K_prod400,linear_uid000019_idx16_rg0_pl0_random__629a845739de,linear,16,300K_prod400/row_0436__linear_uid000019_idx16_rg0_pl0_random__629a845739de.data,308213,0ec82b64125c642faab06530a74d3334a80c0361997eb592ddad3a76cab88df3,928,-1.9000000073821077e-06,-0.54128958,0.415301
437,300,300K_orthogonal800,star_orth800_uid000895_sk8_rg1_pl1_block__02ff2579eb8e,star,8,300K_orthogonal800/row_0437__star_orth800_uid000895_sk8_rg1_pl1_block__02ff2579eb8e.data,370268,3291c607fe820aa6e0c97df2d98a34ccf5633c3f8abf872a084f97d1997a9dd1,1013,-1.970645868709653e-15,-0.455403,0.459043
438,300,300K_orthogonal800,star_orth800_uid001170_sk14_rg2_pl2_alternating__4b72dd25f71d,star,14,300K_orthogonal800/row_0438__star_orth800_uid001170_sk14_rg2_pl2_alternating__4b72dd25f71d.data,372079,480d767e024ae51dd0e6d1ae9ea2fb1d51bf3285a1d6f65ce4ef35e6529cc965,1097,8.049116928532385e-16,-1.147018,0.617677
439,300,300K_prod400,comb_uid000140_idx107_rg0_pl0_random__2e55653ce278,comb,107,300K_prod400/row_0439__comb_uid000140_idx107_rg0_pl0_random__2e55653ce278.data,342308,5f8aedf0482faa98023552279be1e261e033d409f86b30080da93d9e80410a82,1008,-7.399999946144931e-07,-1.11920406,0.57750081
440,300,300K_prod400,cyclic_uid000006_idx29_rg0_pl0_gradient__77f5fe6f8ef8,cyclic,29,300K_prod400/row_0440__cyclic_uid000006_idx29_rg0_pl0_gradient__77f5fe6f8ef8.data,354048,ef1236940a4a44592bcba51fa586a0bc561c9aeffa4510a670c3d2c332a938a1,1068,2.239999992603714e-06,-0.50602375,0.39786325
441,300,300K_prod400,star_uid000092_idx67_rg1_pl0_random__80b8689b5e96,star,67,300K_prod400/row_0441__star_uid000092_idx67_rg1_pl0_random__80b8689b5e96.data,327284,27fcc9c4e16b33a3fefb6eb707465680ca5ac88ea75a06dad6d7fa1acbca0a43,965,2.5499999923295213e-06,-0.50354181,0.71549819
442,300,300K_orthogonal800,cyclic_orth800_uid000480_sk5_rg1_pl1_block__2cc1ab4a3ded,cyclic,5,300K_orthogonal800/row_0442__cyclic_orth800_uid000480_sk5_rg1_pl1_block__2cc1ab4a3ded.data,352983,617b7ecab0b22f4e168255bc9375375b5ce1d8930c806ea9f98a521e93169da7,1026,-5.3013149425851225e-15,-0.447713,0.503182
443,300,300K_orthogonal800,cyclic_orth800_uid000724_sk5_rg1_pl1_random__b77b116a1da7,cyclic,5,300K_orthogonal800/row_0443__cyclic_orth800_uid000724_sk5_rg1_pl1_random__b77b116a1da7.data,378562,0828cf8d0067439d84cdf760f65743ae4bcb1094de86bda01a1b891d7ad49162,1034,-2.886579864025407e-15,-0.581266,1.28802
444,300,300K_prod400,linear_uid000032_idx16_rg0_pl1_block__6751836c230c,linear,16,300K_prod400/row_0444__linear_uid000032_idx16_rg0_pl1_block__6751836c230c.data,347966,7437e29c8888ac8d84d198a0c6c3e9b4ffe63758e869137180a10de7df53c96b,1006,6.899999957510339e-07,-0.53377727,0.22078173
445,300,300K_prod400,star_uid000188_idx58_rg1_pl0_junction_enriched__688281cd3caf,star,58,300K_prod400/row_0445__star_uid000188_idx58_rg1_pl0_junction_enriched__688281cd3caf.data,327813,568c475debe4c156e05eb525d3cf3b410207b48be06049fdbbcf5f215e225fd4,963,2.0799999914666856e-06,-0.52237532,0.21504768
446,300,300K_prod400,branch_uid000093_idx91_rg1_pl0_junction_enriched__066e9f692a9c,branch,91,300K_prod400/row_0446__branch_uid000093_idx91_rg1_pl0_junction_enriched__066e9f692a9c.data,320577,41bdbd1c0fe73a3cbb225d30274a3bc586b58c9e750413999e9523491e12573a,901,-9.000000103509542e-08,-0.52728727,0.7177014
447,300,300K_prod400,linear_uid000101_idx6_rg2_pl2_gradient__1c7ba261f8bb,linear,6,300K_prod400/row_0447__linear_uid000101_idx6_rg2_pl2_gradient__1c7ba261f8bb.data,303217,2e80e2b46dc80c99b0beb6691443443c36127ea6994b6c750ba34d2716eb5c74,914,1.9499999940331136e-06,-0.50602375,0.39786325
448,300,300K_orthogonal800,linear_orth800_uid000047_sk1_rg0_pl2_block__c17bebf9f2ac,linear,1,300K_orthogonal800/row_0448__linear_orth800_uid000047_sk1_rg0_pl2_block__c17bebf9f2ac.data,372101,155f25f5d3dbe5c60ed62f6390d2ce07f9a538ea6410e573605e4d07664a6f87,1080,8.326672684688674e-17,-0.445702,0.502189
449,300,300K_orthogonal800,cyclic_orth800_uid000590_sk5_rg1_pl1_alternating__35c758aeb392,cyclic,5,300K_orthogonal800/row_0449__cyclic_orth800_uid000590_sk5_rg1_pl1_alternating__35c758aeb392.data,301930,03e81764976f4f280f0f3115afb6b30482455baabc75b269f14ea9ebdd856e6a,920,-3.3306690738754696e-16,-2.149718,3.208226
450,300,300K_orthogonal800,linear_orth800_uid000249_sk2_rg1_pl2_alternating__a6db4079a9c7,linear,2,300K_orthogonal800/row_0450__linear_orth800_uid000249_sk2_rg1_pl2_alternating__a6db4079a9c7.data,327742,46911db1d9b6af115269bbb20906550fb4d920a3e9d6385e2e2a1be2fdca2856,948,-1.124100812432971e-14,-1.136889,0.611217
451,300,300K_orthogonal800,linear_orth800_uid000255_sk0_rg2_pl1_alternating__e8d681bd74de,linear,0,300K_orthogonal800/row_0451__linear_orth800_uid000255_sk0_rg2_pl1_alternating__e8d681bd74de.data,391242,dece58c8dfd1fbdfbb7bfd26d2af1b9d6ce49062f45150ae4f9de303b7f64cdb,1064,-1.1629586182948515e-14,-0.325513,0.168611
452,300,300K_prod400,comb_uid000375_idx102_rg2_pl2_junction_enriched__950e8635396e,comb,102,300K_prod400/row_0452__comb_uid000375_idx102_rg2_pl2_junction_enriched__950e8635396e.data,359322,a229f053948ff20e6f55676d64e8d39fbb47ae6df953f893e6e1e624ba061a5a,1020,1.6799999908723162e-06,-0.35497233,0.17262267
453,300,300K_orthogonal800,cyclic_orth800_uid000498_sk4_rg1_pl2_block__2c4eb63dfdbc,cyclic,4,300K_orthogonal800/row_0453__cyclic_orth800_uid000498_sk4_rg1_pl2_block__2c4eb63dfdbc.data,382993,83e6f845284aade56cd208aae66ac6cb13e519432af6af04f0662636ac056e6b,1050,-1.3877787807814457e-16,-0.45799,0.451709
454,300,300K_prod400,star_uid000113_idx67_rg2_pl0_junction_enriched__0e65f5944d4d,star,67,300K_prod400/row_0454__star_uid000113_idx67_rg2_pl0_junction_enriched__0e65f5944d4d.data,325536,919506aa9d6945a3590c4d4a14c02ffac75b524cd21b6d5601214a715105e851,963,2.4799999930325e-06,-0.52237532,0.21504768
455,300,300K_orthogonal800,star_orth800_uid001221_sk10_rg1_pl0_random__e26a6e9ec290,star,10,300K_orthogonal800/row_0455__star_orth800_uid001221_sk10_rg1_pl0_random__e26a6e9ec290.data,345993,9e73c1ce82f6824b7b4a361348c40d66bc400658a6aab76e97a085ca00eb05ab,993,-2.6922908347160046e-15,-0.435012,0.470738
456,300,300K_orthogonal800,star_orth800_uid001126_sk14_rg1_pl2_alternating__ef6aece1b3f0,star,14,300K_orthogonal800/row_0456__star_orth800_uid001126_sk14_rg1_pl2_alternating__ef6aece1b3f0.data,317664,09fd0c034d68d6d14100bfa0b0c38e7426b7bafa1f6963520eb9809974c214fa,931,1.3877787807814457e-16,-1.138492,0.611746
457,300,300K_orthogonal800,star_orth800_uid000938_sk11_rg2_pl0_block__c60a3cf6bad2,star,11,300K_orthogonal800/row_0457__star_orth800_uid000938_sk11_rg2_pl0_block__c60a3cf6bad2.data,390869,3870eade3de22979be1c3c7b0ea5ce606cbfdabafcf33ee80c5456c6f73d165b,1092,-8.881784197001252e-16,-0.54806,1.296379
458,300,300K_orthogonal800,cyclic_orth800_uid000694_sk5_rg1_pl0_random__b7252d9a8de6,cyclic,5,300K_orthogonal800/row_0458__cyclic_orth800_uid000694_sk5_rg1_pl0_random__b7252d9a8de6.data,355319,4ddfee9492a17c5d3023ff2a4a1c3933c181b366efc980ac32faf6b0511f058e,1040,4.6074255521944e-15,-0.445702,0.503364
459,300,300K_prod400,linear_uid000015_idx4_rg0_pl0_random__663960dd9be6,linear,4,300K_prod400/row_0459__linear_uid000015_idx4_rg0_pl0_random__663960dd9be6.data,312536,f9df12ecf1e1c32832792a5bd4b6a22df52571eab47a351c796fe38ad2e45b1b,926,-2.0799999864429264e-06,-1.12596031,0.57750081
460,300,300K_orthogonal800,cyclic_orth800_uid000497_sk5_rg1_pl2_block__00f0076b45ce,cyclic,5,300K_orthogonal800/row_0460__cyclic_orth800_uid000497_sk5_rg1_pl2_block__00f0076b45ce.data,317757,897ba3938dc59b48d67dd7c2384126ed8b0950c671aa46ff4b3964563d36b3ed,900,-1.6653345369377348e-16,-1.145544,0.619966
461,300,300K_orthogonal800,star_orth800_uid001099_sk9_rg1_pl1_alternating__fac7da06e5e4,star,9,300K_orthogonal800/row_0461__star_orth800_uid001099_sk9_rg1_pl1_alternating__fac7da06e5e4.data,330233,3b8465a2e33cd74e32f77d16a33e48e0db2ab595ba75de12318f1036f181293d,913,9.71445146547012e-16,-0.395992,0.168795
462,300,300K_prod400,star_uid000211_idx53_rg1_pl0_junction_enriched__76936a04c5ef,star,53,300K_prod400/row_0462__star_uid000211_idx53_rg1_pl0_junction_enriched__76936a04c5ef.data,339770,b6cff8bd167fdf1bd3784d4fca14f3274c001f9eb4eb7e8de39981bcffd3c7fa,1008,2.6799999938709185e-06,-0.35688187,0.17262267
463,300,300K_prod400,branch_uid000182_idx80_rg0_pl0_random__993e9ef64261,branch,80,300K_prod400/row_0463__branch_uid000182_idx80_rg0_pl0_random__993e9ef64261.data,326104,d3785f41207a8f4bbeb1d3e91d7ced58bab3a67f44904fab2d6406f1dfc6515b,915,-1.5000000208598152e-07,-0.52323773,0.75742805
464,300,300K_prod400,comb_uid000413_idx100_rg0_pl0_random__70e2abd8dcf2,comb,100,300K_prod400/row_0464__comb_uid000413_idx100_rg0_pl0_random__70e2abd8dcf2.data,351012,d53a13ebc578a8e6e657ef3eddb125d3bf46946728ce1a793a6a9932923515d2,1006,4.799999979154812e-07,-0.5104698,0.2277642
465,300,300K_prod400,linear_uid000056_idx4_rg1_pl1_block__aeecec17a2c1,linear,4,300K_prod400/row_0465__linear_uid000056_idx4_rg1_pl1_block__aeecec17a2c1.data,321570,9bd0409fabac9c302dca58eb7a89dc10ebcfa29aa855424fd0ddc9e8ab1cf8f2,900,2.31999999711352e-06,-0.51516707,0.71770087
466,300,300K_prod400,cyclic_uid000035_idx26_rg1_pl0_alternating__5aac41784462,cyclic,26,300K_prod400/row_0466__cyclic_uid000035_idx26_rg1_pl0_alternating__5aac41784462.data,319857,cc192374486b5ebf7b440fa60cf3a16dc8751bc7c49d4d7207b46185134549d4,962,5.200000026961416e-07,-0.39464715,0.16821012
467,300,300K_prod400,branch_uid000188_idx80_rg0_pl1_random__64ddd5533977,branch,80,300K_prod400/row_0467__branch_uid000188_idx80_rg0_pl1_random__64ddd5533977.data,352605,faa606755d8bbf570eb515b6d0a24307cfcb34b9db596a0bfa7d9925e8fc908f,981,5.500000040958852e-07,-0.52725053,0.75050748
468,300,300K_orthogonal800,cyclic_orth800_uid000439_sk5_rg1_pl0_block__45ebe74c2f4b,cyclic,5,300K_orthogonal800/row_0468__cyclic_orth800_uid000439_sk5_rg1_pl0_block__45ebe74c2f4b.data,369660,936637d0cdac58f435f484793c6721964a9964042755073ecefe027395789582,1060,-3.2751579226442118e-15,-0.428397,0.460512
469,300,300K_prod400,comb_uid000187_idx107_rg2_pl0_random__42581d5a5c13,comb,107,300K_prod400/row_0469__comb_uid000187_idx107_rg2_pl0_random__42581d5a5c13.data,350330,016545c5b14d3d7d24ac2e7e099b46a06c35e315c37af040a1923313df4eb022,1029,-3.8999999568689603e-07,-1.11894688,0.57750081
470,300,300K_prod400,linear_uid000049_idx16_rg1_pl0_random__c7d7fe4bf367,linear,16,300K_prod400/row_0470__linear_uid000049_idx16_rg1_pl0_random__c7d7fe4bf367.data,343952,1a448ba43e038e542b54d62f665d771d7cbd4d484715815ebdadb55f0dbab8cc,1004,1.2200000145679013e-06,-0.5134032,0.7151658
471,300,300K_orthogonal800,linear_orth800_uid000346_sk2_rg1_pl1_random__110d494f4065,linear,2,300K_orthogonal800/row_0471__linear_orth800_uid000346_sk2_rg1_pl1_random__110d494f4065.data,370674,408ee1870441f2642494a0b045fb287b9927201b25731e57ca0b16ed97c878bd,1014,-1.1934897514720433e-15,-0.3882,0.344907
472,300,300K_orthogonal800,linear_orth800_uid000379_sk3_rg2_pl1_random__28aadf5f1094,linear,3,300K_orthogonal800/row_0472__linear_orth800_uid000379_sk3_rg2_pl1_random__28aadf5f1094.data,331784,6096ab2cfb46e50ce45f976dc9aeb5b7d476a5988e1f09af0889c8bb76a9b118,940,2.1649348980190553e-15,-0.384791,0.18096
473,300,300K_orthogonal800,linear_orth800_uid000172_sk2_rg0_pl1_alternating__4c25cc6f12f5,linear,2,300K_orthogonal800/row_0473__linear_orth800_uid000172_sk2_rg0_pl1_alternating__4c25cc6f12f5.data,292615,850ef9f1d4c9d96fe8215d6c1307125022f201d2a38bd1887eb6fbf7ee10bd79,904,-8.326672684688674e-17,-3.04032,3.588462
474,300,300K_orthogonal800,cyclic_orth800_uid000610_sk6_rg1_pl2_alternating__1a1ee1893ecf,cyclic,6,300K_orthogonal800/row_0474__cyclic_orth800_uid000610_sk6_rg1_pl2_alternating__1a1ee1893ecf.data,348430,453630e05815dcdf43fc645b3c2c920f8cba122a16655c1c667ea917d893b833,974,-3.3306690738754696e-16,-0.413859,0.445374
475,300,300K_orthogonal800,cyclic_orth800_uid000570_sk6_rg1_pl0_alternating__d5a22d57de51,cyclic,6,300K_orthogonal800/row_0475__cyclic_orth800_uid000570_sk6_rg1_pl0_alternating__d5a22d57de51.data,368987,6555fc314c588387acc644426a494c3adb0267ffda5559f22b25931e45b97e12,1092,1.6653345369377348e-16,-0.464093,0.502701
476,300,300K_orthogonal800,linear_orth800_uid000357_sk2_rg1_pl2_random__e3ff38354f62,linear,2,300K_orthogonal800/row_0476__linear_orth800_uid000357_sk2_rg1_pl2_random__e3ff38354f62.data,380234,f82d8c2aef0e35ccf294c9c36552bd4d940976bc33c7793a323652f607e63938,1100,-4.996003610813204e-16,-0.453819,0.453335
477,300,300K_orthogonal800,cyclic_orth800_uid000501_sk7_rg1_pl2_block__d9b5293fd73b,cyclic,7,300K_orthogonal800/row_0477__cyclic_orth800_uid000501_sk7_rg1_pl2_block__d9b5293fd73b.data,375851,a05cd533cfa5f2c00733b07eb75677707702ca2836fed606135f3614a489600d,1085,-2.831068712794149e-15,-1.148626,0.619966
478,300,300K_orthogonal800,linear_orth800_uid000181_sk2_rg1_pl0_alternating__98d07bc7dce2,linear,2,300K_orthogonal800/row_0478__linear_orth800_uid000181_sk2_rg1_pl0_alternating__98d07bc7dce2.data,362477,c6232d1c19fac8d358be3d60f599359b51d42b3dfd3d76172e65b99e05aca44c,1057,-5.329070518200751e-15,-0.475855,0.173151
479,300,300K_orthogonal800,star_orth800_uid001105_sk11_rg1_pl2_alternating__3b7993c76de9,star,11,300K_orthogonal800/row_0479__star_orth800_uid001105_sk11_rg1_pl2_alternating__3b7993c76de9.data,369940,290b2b792a6671eee0ae7c73ed473a49b35492f675be1c1c13bcdc00b185ecdb,1050,5.273559366969494e-16,-0.552702,1.267726
480,300,300K_orthogonal800,cyclic_orth800_uid000736_sk7_rg1_pl2_random__405a206d2eb8,cyclic,7,300K_orthogonal800/row_0480__cyclic_orth800_uid000736_sk7_rg1_pl2_random__405a206d2eb8.data,375606,e8cfa387dabd623d475f9c898f0c606e5a168fec7cc52d00cf0b4e4ab88e2033,1085,2.831068712794149e-15,-1.143413,1.29256
481,300,300K_orthogonal800,cyclic_orth800_uid000762_sk5_rg2_pl1_random__244414f73b12,cyclic,5,300K_orthogonal800/row_0481__cyclic_orth800_uid000762_sk5_rg2_pl1_random__244414f73b12.data,330119,0bffea0609ee75ba43c05172f33a97784374ddc219cd3f6add85cf3a3c009718,940,2.525757381022231e-15,-0.445702,0.50395
482,300,300K_prod400,cyclic_uid000233_idx36_rg0_pl1_gradient__2788f0a2a05f,cyclic,36,300K_prod400/row_0482__cyclic_uid000233_idx36_rg0_pl1_gradient__2788f0a2a05f.data,315797,26694ac29e1abc40d31cd7ef7a3f395cb967fc0dc3b71f74d77d6457e4bd3af9,949,7.499999954696523e-07,-0.40473377,0.17262267
483,300,300K_prod400,star_uid000195_idx58_rg1_pl2_random__f00aa8bf0eae,star,58,300K_prod400/row_0483__star_uid000195_idx58_rg1_pl2_random__f00aa8bf0eae.data,319869,824fd09882450242dc106c135114953f8334ecaf4d3c2a8320f036f31e595c97,951,2.119999991667676e-06,-0.52237532,0.21504768
484,300,300K_orthogonal800,star_orth800_uid000792_sk11_rg0_pl0_block__6dd229ae4583,star,11,300K_orthogonal800/row_0484__star_orth800_uid000792_sk11_rg0_pl0_block__6dd229ae4583.data,351595,ed40c625ef0693aba51dce522424bcf35a6e558e7e021ea92bf85a7cc638cbb7,1021,5.551115123125783e-17,-0.445702,0.507246
485,300,300K_orthogonal800,star_orth800_uid001261_sk12_rg1_pl2_random__d734d85cbe6b,star,12,300K_orthogonal800/row_0485__star_orth800_uid001261_sk12_rg1_pl2_random__d734d85cbe6b.data,329235,20c522e584352c2a259a62db789c71c2603d635033b2ded00834f39f1dcfe0fb,989,-9.71445146547012e-16,-0.394192,0.166782
486,300,300K_prod400,star_uid000215_idx53_rg1_pl1_junction_enriched__1a61660feafc,star,53,300K_prod400/row_0486__star_uid000215_idx53_rg1_pl1_junction_enriched__1a61660feafc.data,350699,ddc80999ae416a0100901c56fd73200e323e56ae371add4d9c64ba09534ae693,1036,1.7599999916906306e-06,-0.35497233,0.17262267
487,300,300K_prod400,linear_uid000192_idx20_rg2_pl0_block__e8394773fcdd,linear,20,300K_prod400/row_0487__linear_uid000192_idx20_rg2_pl0_block__e8394773fcdd.data,324576,290f9eff68fed01bc08ea19a18d6e64b99d4afc61908adf6be598e934e968bb4,958,6.999999994372619e-07,-1.11894688,0.57750081
488,300,300K_prod400,cyclic_uid000145_idx42_rg2_pl0_random__2819cf587b25,cyclic,42,300K_prod400/row_0488__cyclic_uid000145_idx42_rg2_pl0_random__2819cf587b25.data,374826,87508714cf8de02e63683b7387e87ca05a8a9baa1b03638faad46b73ae00d89a,1054,-3.3999999796141545e-07,-0.50664727,0.72407573
489,300,300K_orthogonal800,cyclic_orth800_uid000582_sk6_rg1_pl0_alternating__cdc586316001,cyclic,6,300K_orthogonal800/row_0489__cyclic_orth800_uid000582_sk6_rg1_pl0_alternating__cdc586316001.data,330491,1a414247cd67f6745667b363ff48262788152a5dc22afb968d687e0ce1ee1644,937,5.717648576819556e-15,-0.494873,0.187068
490,300,300K_orthogonal800,cyclic_orth800_uid000650_sk7_rg2_pl1_alternating__a6a5d7eabec0,cyclic,7,300K_orthogonal800/row_0490__cyclic_orth800_uid000650_sk7_rg2_pl1_alternating__a6a5d7eabec0.data,386030,9104283a89a05da309580bb78125fea9eea7b330f241c44ba2c60415d1eceb10,1085,8.326672684688674e-17,-0.480102,0.17387
491,300,300K_orthogonal800,star_orth800_uid000859_sk10_rg0_pl2_block__94a775338f42,star,10,300K_orthogonal800/row_0491__star_orth800_uid000859_sk10_rg0_pl2_block__94a775338f42.data,361243,4ad9393a4ceaebb8c495a1ac6f5b5106fcad19719df98ed4c5a57a48014e94fa,1048,9.71445146547012e-16,-0.465371,0.506196
492,300,300K_orthogonal800,linear_orth800_uid000347_sk1_rg1_pl1_random__ebe03e128bc8,linear,1,300K_orthogonal800/row_0492__linear_orth800_uid000347_sk1_rg1_pl1_random__ebe03e128bc8.data,322784,88d8ecaf0298883404b83db7c3e712b300168153cac10f6c36ddcab0f2b8c155,900,2.220446049250313e-16,-0.574285,1.296335
493,300,300K_orthogonal800,cyclic_orth800_uid000441_sk5_rg1_pl0_block__d980d46a6bc4,cyclic,5,300K_orthogonal800/row_0493__cyclic_orth800_uid000441_sk5_rg1_pl0_block__d980d46a6bc4.data,329702,4d4682464ba452ab595ad83c9d5d9e22d71f64371113f25fa1006c6d99e29d1b,940,7.216449660063518e-16,-0.445702,0.50395
494,300,300K_prod400,branch_uid000194_idx76_rg2_pl1_junction_enriched__69edb396ba09,branch,76,300K_prod400/row_0494__branch_uid000194_idx76_rg2_pl1_junction_enriched__69edb396ba09.data,333097,2b579823d2233b0fdc3411ff13e8ad8a34e2f36fbfd8b28d2d808c9705ce1e19,932,-7.599999989615913e-07,-0.38911315,0.18389706
495,300,300K_orthogonal800,star_orth800_uid001048_sk14_rg0_pl2_alternating__3c39bdcf8758,star,14,300K_orthogonal800/row_0495__star_orth800_uid001048_sk14_rg0_pl2_alternating__3c39bdcf8758.data,394144,016aea32e3deaab77a6dcc29960285f923a87ae463fd36b9b1281307aa9453b4,1098,-6.38378239159465e-16,-0.445777,0.464324
496,300,300K_prod400,star_uid000213_idx53_rg1_pl1_junction_enriched__50c376d1d0f8,star,53,300K_prod400/row_0496__star_uid000213_idx53_rg1_pl1_junction_enriched__50c376d1d0f8.data,346092,8492006ece9e61bdc7a034c80a992f78c25c97fc4a1c1acec8d9459b0c8f14c7,1025,2.429999990838372e-06,-0.50354181,0.71549819
497,300,300K_orthogonal800,star_orth800_uid000847_sk14_rg0_pl2_block__39a5fdc0ed87,star,14,300K_orthogonal800/row_0497__star_orth800_uid000847_sk14_rg0_pl2_block__39a5fdc0ed87.data,372127,59a546d9fb08336cce8dd848a95ccec2bdcaeba0c1424fa9e944165b78b4ba3b,1098,8.049116928532385e-16,-1.149176,0.619609
498,300,300K_orthogonal800,linear_orth800_uid000252_sk2_rg1_pl2_alternating__a5e76f5d3ba5,linear,2,300K_orthogonal800/row_0498__linear_orth800_uid000252_sk2_rg1_pl2_alternating__a5e76f5d3ba5.data,379126,6aeb03a589813e19d74fc652e4c2477d727edfd510bcee8e9191cd5dad85725f,1094,1.124100812432971e-14,-0.451005,0.45537
499,300,300K_prod400,star_uid000212_idx53_rg1_pl1_random__795cc1561aec,star,53,300K_prod400/row_0499__star_uid000212_idx53_rg1_pl1_random__795cc1561aec.data,343240,fa1e8e9882eadedfc29a3975f366f3ea45f3a2a37fe271d353004f2b0414e7a8,1013,2.709999991801215e-06,-0.50354181,0.71549819
500,300,300K_prod400,cyclic_uid000063_idx29_rg2_pl1_alternating__02cf6d78d948,cyclic,29,300K_prod400/row_0500__cyclic_uid000063_idx29_rg2_pl1_alternating__02cf6d78d948.data,349450,a34f7731d3265a8fc323578c0840aa4457165799d38658d4115e9c497879b58f,1056,-2.400000008340175e-06,-0.530867,0.415301
501,300,300K_orthogonal800,linear_orth800_uid000245_sk3_rg1_pl2_alternating__1473f2e6c42b,linear,3,300K_orthogonal800/row_0501__linear_orth800_uid000245_sk3_rg1_pl2_alternating__1473f2e6c42b.data,316843,0172428972b2dbba3797d5024296c326f4ec553204d9d800764498a915db1468,934,-1.1102230246251565e-16,-0.570759,1.289257
502,300,300K_orthogonal800,linear_orth800_uid000145_sk1_rg2_pl1_block__efcc624878b4,linear,1,300K_orthogonal800/row_0502__linear_orth800_uid000145_sk1_rg2_pl1_block__efcc624878b4.data,319729,68a8d7f54127fc127c390e61ed371019a2346c72f6680f23a4e0f12fcd8975cc,915,6.38378239159465e-16,-0.445702,0.498163
503,300,300K_prod400,comb_uid000449_idx100_rg1_pl1_random__1d7d7203a661,comb,100,300K_prod400/row_0503__comb_uid000449_idx100_rg1_pl1_random__1d7d7203a661.data,311914,60820c43fe425b5597df2e53b3254ad1239af21fb5658bc13aa90b2cd984db68,926,9.09999997245059e-07,-0.52042824,0.39786325
504,300,300K_orthogonal800,linear_orth800_uid000124_sk0_rg1_pl2_block__c540c08e2483,linear,0,300K_orthogonal800/row_0504__linear_orth800_uid000124_sk0_rg1_pl2_block__c540c08e2483.data,367025,bfe098e6ea48f5013a8ccb566f28fe2c24759ef25930f27801251f65dec5e217,1010,-4.440892098500626e-16,-0.405393,0.16858
505,300,300K_prod400,linear_uid000017_idx7_rg0_pl0_gradient__da1dd7b9eb22,linear,7,300K_prod400/row_0505__linear_uid000017_idx7_rg0_pl0_gradient__da1dd7b9eb22.data,324965,df3579e7ca8dfecb8a9e358f10a90c5c5cf3549eac26f59936772ae593b8dc35,964,2.6799999901239158e-06,-0.35497233,0.17262267
506,300,300K_prod400,cyclic_uid000017_idx34_rg0_pl1_random__f35e8cf5acd6,cyclic,34,300K_prod400/row_0506__cyclic_uid000017_idx34_rg0_pl1_random__f35e8cf5acd6.data,321205,54b0689c5fc431092645c45dc9d4b0f6f167fbc1e673db00587fa1559e3eaac2,936,1.1999999992573507e-06,-0.53617592,0.40136417
507,300,300K_orthogonal800,linear_orth800_uid000125_sk3_rg1_pl2_block__62313a6af88e,linear,3,300K_orthogonal800/row_0507__linear_orth800_uid000125_sk3_rg1_pl2_block__62313a6af88e.data,371759,87c249f065ba891a35592c63ab303fd2776fa6c85add51936eee36b359b4e588,1076,5.273559366969494e-16,-1.148626,0.613971
508,300,300K_orthogonal800,star_orth800_uid000827_sk8_rg0_pl1_block__d7667b8d1f15,star,8,300K_orthogonal800/row_0508__star_orth800_uid000827_sk8_rg0_pl1_block__d7667b8d1f15.data,365563,7841e775b1a1f6278928e8861fb1425ba3861a684ed87eb7083452f9f371a4a3,991,0.0,-0.583467,1.283593
509,300,300K_prod400,star_uid000105_idx66_rg1_pl1_random__18ef41a88711,star,66,300K_prod400/row_0509__star_uid000105_idx66_rg1_pl1_random__18ef41a88711.data,335973,c254001937cb623fe28acc62666da9fe2f1aec5a8eed8066eccdee3181da3ee4,961,-1.4199999986141965e-06,-0.45636753,0.19614347
510,300,300K_prod400,comb_uid000357_idx102_rg2_pl0_random__1554f90f8489,comb,102,300K_prod400/row_0510__comb_uid000357_idx102_rg2_pl0_random__1554f90f8489.data,334944,f22abb7bdfe88e48a633c5673baf261ab3d6364ef2418cbb816c2fcb8b1df762,952,-5.000000003752003e-07,-0.50974687,0.21635013
511,300,300K_orthogonal800,cyclic_orth800_uid000457_sk5_rg1_pl0_block__afb444a255cb,cyclic,5,300K_orthogonal800/row_0511__cyclic_orth800_uid000457_sk5_rg1_pl0_block__afb444a255cb.data,316093,8491c2fca34f2d7aaa0053a240d41ecf6bc1cdf597430e7dc93e90553f9427cf,940,7.993605777301127e-15,-3.124198,4.124479
512,300,300K_orthogonal800,linear_orth800_uid000129_sk0_rg2_pl1_block__61449de38c17,linear,0,300K_orthogonal800/row_0512__linear_orth800_uid000129_sk0_rg2_pl1_block__61449de38c17.data,341541,e79099836cb2c120c13496d5f9556d53c970f13d0fe8925be6f5583b40f98edb,924,1.2490009027033011e-15,-0.32825,0.168616
513,300,300K_orthogonal800,cyclic_orth800_uid000713_sk7_rg1_pl1_random__709102588fe6,cyclic,7,300K_orthogonal800/row_0513__cyclic_orth800_uid000713_sk7_rg1_pl1_random__709102588fe6.data,325413,81643c0a31272ba74785810ebf4b1c7a7a12e957537c0b3abb0d422ab6a76f4e,922,-2.220446049250313e-16,-1.152193,1.29256
514,300,300K_prod400,linear_uid000051_idx7_rg1_pl0_alternating__da1dd7b9eb22,linear,7,300K_prod400/row_0514__linear_uid000051_idx7_rg1_pl0_alternating__da1dd7b9eb22.data,324965,492fa8697ae3f33bdfa2a1c7ca2fe8cc4310df48937fb7a1455c7217a6bb500c,964,2.6799999901239158e-06,-0.35497233,0.17262267
515,300,300K_orthogonal800,linear_orth800_uid000389_sk3_rg2_pl1_random__fef7b220c4f8,linear,3,300K_orthogonal800/row_0515__linear_orth800_uid000389_sk3_rg2_pl1_random__fef7b220c4f8.data,379498,02ce1bf89d0a43fdd83689453ba0ed4766e2951c780f17626414713d225cd20b,1068,-1.4155343563970746e-15,-0.576245,1.290708
516,300,300K_prod400,comb_uid000204_idx107_rg2_pl2_junction_enriched__85d82d3e005b,comb,107,300K_prod400/row_0516__comb_uid000204_idx107_rg2_pl2_junction_enriched__85d82d3e005b.data,366521,c9bcbb8838a75a88354860fc67062f41cfcb110394e37f33696def7e4d1c3ee3,1076,2.0799999933540647e-06,-0.49396706,0.19829194
517,300,300K_orthogonal800,cyclic_orth800_uid000728_sk4_rg1_pl1_random__f0d95d7c75cc,cyclic,4,300K_orthogonal800/row_0517__cyclic_orth800_uid000728_sk4_rg1_pl1_random__f0d95d7c75cc.data,367452,6e7dc15a7c01d9a6327e9a26f527a2d524a1e810322ab4adbfb9fdca2f25ee2c,1003,-2.831068712794149e-15,-0.422176,0.443454
518,300,300K_orthogonal800,star_orth800_uid001181_sk11_rg0_pl1_random__698407dedf61,star,11,300K_orthogonal800/row_0518__star_orth800_uid001181_sk11_rg0_pl1_random__698407dedf61.data,338235,df73092febd2f4b8e0de1fb655cc83f074b0c1b10a3b299c8c85bf3d2dc0d111,987,3.552713678800501e-15,-0.451368,0.503364
519,300,300K_orthogonal800,linear_orth800_uid000257_sk3_rg2_pl1_alternating__dd5f51d64ffd,linear,3,300K_orthogonal800/row_0519__linear_orth800_uid000257_sk3_rg2_pl1_alternating__dd5f51d64ffd.data,380240,e7b1aed536a87069b80acff41467ee881af14b2b7600f8514684313551a502cf,1070,-5.551115123125783e-17,-0.480102,0.17387
520,300,300K_orthogonal800,cyclic_orth800_uid000676_sk5_rg0_pl1_random__544490d1498e,cyclic,5,300K_orthogonal800/row_0520__cyclic_orth800_uid000676_sk5_rg0_pl1_random__544490d1498e.data,316474,59119db942e860b7adceaab084b2f6983b7c38037ff9814542529982d53b9bad,940,5.551115123125783e-16,-3.124198,4.124479
521,300,300K_orthogonal800,linear_orth800_uid000362_sk0_rg1_pl2_random__229174f77c3c,linear,0,300K_orthogonal800/row_0521__linear_orth800_uid000362_sk0_rg1_pl2_random__229174f77c3c.data,366797,881ade75b55c61f666136d31ae7e92b3585396e850a47ff475c399beb9d441e0,1010,-6.106226635438361e-16,-0.406051,0.172678
522,300,300K_orthogonal800,cyclic_orth800_uid000460_sk4_rg1_pl1_block__8d710aa25fa6,cyclic,4,300K_orthogonal800/row_0522__cyclic_orth800_uid000460_sk4_rg1_pl1_block__8d710aa25fa6.data,343411,363559517b3f97fe6c8c3dfec4c31df58beaa06f356ff71431422491adb064c4,938,1.5543122344752192e-15,-1.152193,0.619436
523,300,300K_prod400,cyclic_uid000015_idx26_rg0_pl0_block__e59851ab27f7,cyclic,26,300K_prod400/row_0523__cyclic_uid000015_idx26_rg0_pl0_block__e59851ab27f7.data,350048,5a9b22c88dc4d73ae04eb1ffdb9ae3cae19725a36d9f9475bdb352db144d63d8,1014,7.799999954816172e-07,-0.53377727,0.22078173
524,300,300K_orthogonal800,linear_orth800_uid000354_sk2_rg1_pl2_random__0b86889c6f3e,linear,2,300K_orthogonal800/row_0524__linear_orth800_uid000354_sk2_rg1_pl2_random__0b86889c6f3e.data,363512,89cff81bd45f8afc9951876b44c9b86cfe186b42b56d8b65680d519267d4978b,1078,-3.608224830031759e-15,-1.145838,0.618385
525,300,300K_orthogonal800,linear_orth800_uid000076_sk1_rg1_pl0_block__9ea5eef51659,linear,1,300K_orthogonal800/row_0525__linear_orth800_uid000076_sk1_rg1_pl0_block__9ea5eef51659.data,385384,35a534a27777579db6bea7a79a7c390c489a670aa805e7b62a2691ca62c7449b,1097,-8.326672684688674e-16,-0.447018,0.503176
526,300,300K_prod400,star_uid000117_idx66_rg2_pl0_junction_enriched__5333e87ed414,star,66,300K_prod400/row_0526__star_uid000117_idx66_rg2_pl0_junction_enriched__5333e87ed414.data,333231,508e58b2352202a95be3d0512fd49092d35109428caf572037f4ba5558dfacea,957,7.800000098034943e-07,-0.5219432,0.7061288
527,300,300K_orthogonal800,linear_orth800_uid000396_sk2_rg2_pl1_random__f4a55be8823b,linear,2,300K_orthogonal800/row_0527__linear_orth800_uid000396_sk2_rg2_pl1_random__f4a55be8823b.data,369075,dc4e121176281c55cc7009f0c7621e56065c3bc0194ea6f9287a5331be1c4fc9,1070,-3.0531133177191805e-16,-0.313898,0.159487
528,300,300K_prod400,cyclic_uid000010_idx35_rg0_pl0_alternating__f54b828bed41,cyclic,35,300K_prod400/row_0528__cyclic_uid000010_idx35_rg0_pl0_alternating__f54b828bed41.data,345860,06ba1212066e687589ee45d4924a482b2ceb75fbaa7a9cc6fabbeb5a03b3f896,1032,3.4399999886691734e-06,-0.35497233,0.17262267
529,300,300K_orthogonal800,linear_orth800_uid000234_sk3_rg1_pl2_alternating__5c93a2afb83f,linear,3,300K_orthogonal800/row_0529__linear_orth800_uid000234_sk3_rg1_pl2_alternating__5c93a2afb83f.data,371765,19e2be10d79de52365b7f3a1ec90cd0893a9d49fe01661f186ef71f08d560d17,1076,3.3306690738754696e-16,-1.149452,0.616194
530,300,300K_prod400,comb_uid000185_idx107_rg2_pl0_random__9b231c8e1aee,comb,107,300K_prod400/row_0530__comb_uid000185_idx107_rg2_pl0_random__9b231c8e1aee.data,323979,30dd460adf2e7534607d8a252c7bd8305fc9e42ccfa02495fdd3397da8bd2c2b,910,1.149999994870532e-06,-1.117942,0.57750081
531,300,300K_orthogonal800,star_orth800_uid001034_sk11_rg0_pl1_alternating__34d96620e41f,star,11,300K_orthogonal800/row_0531__star_orth800_uid001034_sk11_rg0_pl1_alternating__34d96620e41f.data,349590,ff004501135aab02b0d8eb2bc093b02895db237d152ed0c3e41df6e6d5ccbe3f,999,-5.218048215738236e-15,-0.426948,0.446988
532,300,300K_orthogonal800,cyclic_orth800_uid000536_sk5_rg0_pl1_alternating__a109b9d6fd22,cyclic,5,300K_orthogonal800/row_0532__cyclic_orth800_uid000536_sk5_rg0_pl1_alternating__a109b9d6fd22.data,317763,a4f59ca9adb770b9ab65a5bf32ab747eb7a283211825ec0a35b6956ef44af9d5,900,7.438494264988549e-15,-1.138818,0.61578
533,300,300K_orthogonal800,linear_orth800_uid000264_sk1_rg2_pl1_alternating__54ac55356a1d,linear,1,300K_orthogonal800/row_0533__linear_orth800_uid000264_sk1_rg2_pl1_alternating__54ac55356a1d.data,356501,10f1d0509c966f7fafbf79241f66d6166997887a4f16ce8a2d0f51ee9ad2b8e6,1023,-8.354428260304303e-15,-0.408079,0.440585
534,300,300K_orthogonal800,branch_orth800_uid001469_sk19_rg0_pl1_alternating__62f4527a6e9d,branch,19,300K_orthogonal800/row_0534__branch_orth800_uid001469_sk19_rg0_pl1_alternating__62f4527a6e9d.data,331734,d49b42da45c7bb41895c546b4842664368e8d2bf2446c603f05211ff8ed9f0aa,924,1.8596235662471372e-15,-0.392777,0.172427
535,300,300K_orthogonal800,linear_orth800_uid000214_sk2_rg1_pl1_alternating__901494f20f2c,linear,2,300K_orthogonal800/row_0535__linear_orth800_uid000214_sk2_rg1_pl1_alternating__901494f20f2c.data,315061,4bd6d4e5be1b0a2982f18105661bacb77ea0f3f7b72c1628c9d41c054201c1ab,912,3.608224830031759e-16,-0.437773,0.504344
536,300,300K_prod400,star_uid000224_idx53_rg2_pl0_random__29b355fbe70e,star,53,300K_prod400/row_0536__star_uid000224_idx53_rg2_pl0_random__29b355fbe70e.data,341064,d4c8935a2bd33bd2bc4835028802b005e48f336c1ea84917f0168df14886fc43,1017,2.0199999904157995e-06,-0.39508273,0.17262267
537,300,300K_orthogonal800,linear_orth800_uid000144_sk3_rg2_pl1_block__55ffc939a3cc,linear,3,300K_orthogonal800/row_0537__linear_orth800_uid000144_sk3_rg2_pl1_block__55ffc939a3cc.data,384404,2e5f361db8be0aa06f87d82ecb0fc8c9e7fd237902ba867612de93bf84c4936f,1082,-2.7755575615628914e-16,-0.477162,0.176283
538,300,300K_orthogonal800,star_orth800_uid000988_sk10_rg2_pl2_block__ed27f2c23bfc,star,10,300K_orthogonal800/row_0538__star_orth800_uid000988_sk10_rg2_pl2_block__ed27f2c23bfc.data,307052,7fa2c3f15dae77394afa56e8f54c6b7c88502d204c7601ff6c188b3345c43870,914,-7.16093850883226e-15,-0.484162,0.168231
539,300,300K_orthogonal800,linear_orth800_uid000009_sk3_rg0_pl0_block__0cba08be2a63,linear,3,300K_orthogonal800/row_0539__linear_orth800_uid000009_sk3_rg0_pl0_block__0cba08be2a63.data,363602,a6b44743493e41744a887834fa0502c56992a629b6dde95b160b22d7996a3d86,1034,-1.3877787807814457e-16,-0.474173,0.174428
540,300,300K_prod400,cyclic_uid000132_idx31_rg0_pl2_gradient__d70b5e9d30a7,cyclic,31,300K_prod400/row_0540__cyclic_uid000132_idx31_rg0_pl2_gradient__d70b5e9d30a7.data,353838,95633918d80920bec3f6cf0b085eaf2ff931b6d647fa0290fa9300f2f9d06d49,1056,3.5199999884050204e-06,-0.35497233,0.17262267
541,300,300K_prod400,linear_uid000190_idx20_rg2_pl0_alternating__3ce02df818b8,linear,20,300K_prod400/row_0541__linear_uid000190_idx20_rg2_pl0_alternating__3ce02df818b8.data,325108,be89a23591162d230daee5288f3b16573d42d8732ada6b0f1a3f3ad3ae029a0e,943,-7.800000095259385e-07,-0.499133,0.205626
542,300,300K_prod400,cyclic_uid000039_idx26_rg1_pl0_alternating__368a1dbfccee,cyclic,26,300K_prod400/row_0542__cyclic_uid000039_idx26_rg1_pl0_alternating__368a1dbfccee.data,359234,374b8950b639653df8697b832c143c0e7f99397595533a4816c1b49dbad914a1,1040,-1.8200000002910333e-06,-0.35802317,0.16802483
543,300,300K_orthogonal800,linear_orth800_uid000167_sk3_rg0_pl1_alternating__260ada085557,linear,3,300K_orthogonal800/row_0543__linear_orth800_uid000167_sk3_rg0_pl1_alternating__260ada085557.data,317715,829a07db615045720dc369295b6a42f4118b187fd779997e3a58bb3700a14af1,912,7.743805596760467e-15,-0.571443,1.283276
544,300,300K_orthogonal800,cyclic_orth800_uid000557_sk6_rg0_pl1_alternating__167bbdcca44d,cyclic,6,300K_orthogonal800/row_0544__cyclic_orth800_uid000557_sk6_rg0_pl1_alternating__167bbdcca44d.data,369335,dffdaea2d6954826dec5a3996fb5bb8c9d776e726027d517ebe15b6727db5154,1077,1.2101430968414206e-14,-0.559974,1.294647
545,300,300K_orthogonal800,star_orth800_uid001185_sk10_rg0_pl1_random__c8885278f85d,star,10,300K_orthogonal800/row_0545__star_orth800_uid001185_sk10_rg0_pl1_random__c8885278f85d.data,376642,f6951988569985a9202e211fb86f2664c9cf20632ba9cb2690891731ca0d440e,1075,-3.58046925441613e-15,-0.457258,0.514628
546,300,300K_orthogonal800,linear_orth800_uid000351_sk1_rg1_pl1_random__9cbaeaac5d14,linear,1,300K_orthogonal800/row_0546__linear_orth800_uid000351_sk1_rg1_pl1_random__9cbaeaac5d14.data,370801,c01e0cf613bcaaa99abba39cc5eb46faa859b5302b047fbc06d5f282ecc66aee,1014,-4.996003610813204e-16,-1.157596,0.615526
547,300,300K_orthogonal800,cyclic_orth800_uid000517_sk6_rg2_pl1_block__101e7d5a7740,cyclic,6,300K_orthogonal800/row_0547__cyclic_orth800_uid000517_sk6_rg2_pl1_block__101e7d5a7740.data,370812,4256224acb6771ae312b376d12f22320faf114a54ba287f6a8520fcd7f853d80,1096,-5.523359547510154e-15,-1.145838,0.618385
548,300,300K_orthogonal800,star_orth800_uid001020_sk8_rg0_pl1_alternating__4551f14acd98,star,8,300K_orthogonal800/row_0548__star_orth800_uid001020_sk8_rg0_pl1_alternating__4551f14acd98.data,386473,7bb11a03f6ce74f60741290da1206eda178d07ddb71b338060bce25b2eb8c800,1052,5.856426454897701e-15,-0.465432,0.44483
549,300,300K_orthogonal800,cyclic_orth800_uid000580_sk6_rg1_pl0_alternating__67d7b43e559c,cyclic,6,300K_orthogonal800/row_0549__cyclic_orth800_uid000580_sk6_rg1_pl0_alternating__67d7b43e559c.data,328621,53ec995f1cf4a538f1a98ef33e4c2545a614ecf533972a57afbb31495005d23a,946,1.6653345369377348e-16,-0.439871,0.505463
550,300,300K_prod400,star_uid000072_idx67_rg0_pl0_junction_enriched__0e65f5944d4d,star,67,300K_prod400/row_0550__star_uid000072_idx67_rg0_pl0_junction_enriched__0e65f5944d4d.data,325536,878bd7f8e14ec85ea6ed781c48bca9d2073a33a716cf6c54a944de1d2eb37f4b,963,2.4799999930325e-06,-0.52237532,0.21504768
551,300,300K_prod400,star_uid000168_idx58_rg0_pl0_random__481c12e9ed06,star,58,300K_prod400/row_0551__star_uid000168_idx58_rg0_pl0_random__481c12e9ed06.data,322158,ad27c55444b12dcbd3dd719faea80101ce579953a5a176817a5c8d7904a2e933,953,2.1899999909646972e-06,-0.50354181,0.71549819
552,300,300K_orthogonal800,star_orth800_uid001071_sk11_rg1_pl0_alternating__95200b9d6b79,star,11,300K_orthogonal800/row_0552__star_orth800_uid001071_sk11_rg1_pl0_alternating__95200b9d6b79.data,335201,7842ba911bdc91dc218a629382646f09b6ad03c75400bae308eafc6bac8aa67e,977,5.551115123125783e-15,-0.444835,0.504123
553,300,300K_orthogonal800,branch_orth800_uid001399_sk19_rg2_pl0_block__792197e766da,branch,19,300K_orthogonal800/row_0553__branch_orth800_uid001399_sk19_rg2_pl0_block__792197e766da.data,357462,92019e78a67f63e8848d6299e70a860989484a77ebe6d474900d374a4b0b6aeb,972,1.582067810090848e-15,-0.5512,1.281755
554,300,300K_prod400,linear_uid000045_idx15_rg1_pl0_gradient__5a34e1a46c8e,linear,15,300K_prod400/row_0554__linear_uid000045_idx15_rg1_pl0_gradient__5a34e1a46c8e.data,321644,66776dd70a420939b446c9d233008ee80d5d8f9893a5a540ebb867fe00c8137d,926,1.1899999950160112e-06,-1.12596031,0.57750081
555,300,300K_orthogonal800,star_orth800_uid001275_sk13_rg1_pl2_random__d0ea74322f09,star,13,300K_orthogonal800/row_0555__star_orth800_uid001275_sk13_rg1_pl2_random__d0ea74322f09.data,316915,1c5d1795f730e02de41ddc3cce75c7f7440beb286cd0e3c8abfe127fe8b9b491,952,1.942890293094024e-16,-0.454263,0.452346
556,300,300K_orthogonal800,cyclic_orth800_uid000406_sk6_rg0_pl0_block__d17a138c4174,cyclic,6,300K_orthogonal800/row_0556__cyclic_orth800_uid000406_sk6_rg0_pl0_block__d17a138c4174.data,367970,5058dce74652cc0a991d701690b66a27cec17bc5d988c885d5dfafdbc5c8e021,1045,-2.7755575615628914e-17,-0.239176,0.180329
557,300,300K_orthogonal800,linear_orth800_uid000153_sk2_rg0_pl1_alternating__776ea0395166,linear,2,300K_orthogonal800/row_0557__linear_orth800_uid000153_sk2_rg0_pl1_alternating__776ea0395166.data,384818,4e4af85176eb2a0dbacd22cedcccf6dce7fb8e7205ac90568e8e964cccc3ddcf,1091,1.0130785099704553e-14,-0.41519,0.448001
558,300,300K_orthogonal800,star_orth800_uid000903_sk12_rg1_pl1_block__dbc9aaee7369,star,12,300K_orthogonal800/row_0558__star_orth800_uid000903_sk12_rg1_pl1_block__dbc9aaee7369.data,370818,80d161706d246b4d6c0b04bfa1408361a3fb515d14ba6066959fe9d2ea00716a,1092,-3.941291737419306e-15,-0.450832,0.503176
559,300,300K_prod400,star_uid000152_idx64_rg2_pl0_random__c072838a74d3,star,64,300K_prod400/row_0559__star_uid000152_idx64_rg2_pl0_random__c072838a74d3.data,345839,219adf7a6ad8e199a304275bb6e96ee5119d529dfb30c5c4283a4d2d7acffaa2,1026,2.839999991399722e-06,-0.41172475,0.17262267
560,300,300K_orthogonal800,linear_orth800_uid000176_sk1_rg0_pl1_alternating__13ae2553bf81,linear,1,300K_orthogonal800/row_0560__linear_orth800_uid000176_sk1_rg0_pl1_alternating__13ae2553bf81.data,355306,572b190012f27fff848e157266ff0e6159c5084a308fa69b68b74a2539423342,1021,-7.577272143066693e-15,-0.435012,0.470738
561,300,300K_prod400,cyclic_uid000127_idx31_rg0_pl2_block__d70b5e9d30a7,cyclic,31,300K_prod400/row_0561__cyclic_uid000127_idx31_rg0_pl2_block__d70b5e9d30a7.data,353838,a2112ce6f90e31877bc83cc87922e047e866facb8883176dd3f74531e900d301,1056,3.5199999884050204e-06,-0.35497233,0.17262267
562,300,300K_orthogonal800,star_orth800_uid001117_sk9_rg1_pl2_alternating__07261925064a,star,9,300K_orthogonal800/row_0562__star_orth800_uid001117_sk9_rg1_pl2_alternating__07261925064a.data,330865,46e806679f654dc153c9893fd4a7804829433bb98c0cdb8b42d406c1b28a237e,916,-1.1657341758564144e-15,-0.406051,0.172678
563,300,300K_prod400,branch_uid000209_idx80_rg1_pl1_junction_enriched__6cdaea7a1038,branch,80,300K_prod400/row_0563__branch_uid000209_idx80_rg1_pl1_junction_enriched__6cdaea7a1038.data,341923,0f8c6e9ff5fc2369b99a74a09664640f37416ddfb6ac41e536613d9c54e0479d,939,3.4000000295741906e-07,-1.13848819,0.75050748
564,300,300K_orthogonal800,linear_orth800_uid000128_sk3_rg2_pl1_block__e80b13b1ada6,linear,3,300K_orthogonal800/row_0564__linear_orth800_uid000128_sk3_rg2_pl1_block__e80b13b1ada6.data,321780,6c4701c5c39fa9e40cb4e53c84fcba832703a10be1824c397f7857b9b860e685,934,-2.7755575615628914e-17,-1.154846,0.613714
565,300,300K_orthogonal800,star_orth800_uid000812_sk13_rg0_pl1_block__abc1a91cac17,star,13,300K_orthogonal800/row_0565__star_orth800_uid000812_sk13_rg0_pl1_block__abc1a91cac17.data,325853,be97b34007908061cef962ee1bbd81776b7ffa795bb338b617b39ba8f64feb0f,982,-9.825473767932635e-15,-0.382402,0.159487
566,300,300K_orthogonal800,star_orth800_uid001193_sk9_rg0_pl1_random__30eac48804b8,star,9,300K_orthogonal800/row_0566__star_orth800_uid001193_sk9_rg0_pl1_random__30eac48804b8.data,394101,505b6062a8df9dd362540e788a3b4ee964219a1f4bebf2c29f89fb2b00dc5700,1093,1.942890293094024e-16,-0.405393,0.174426
567,300,300K_orthogonal800,cyclic_orth800_uid000449_sk4_rg1_pl0_block__9cb975e2d496,cyclic,4,300K_orthogonal800/row_0567__cyclic_orth800_uid000449_sk4_rg1_pl0_block__9cb975e2d496.data,355661,23968863018aea0e9cf19b6429fc2bfb8500921c5fad8f0729f4057654f1df53,960,5.495603971894525e-15,-0.325132,0.168616
568,300,300K_orthogonal800,cyclic_orth800_uid000512_sk5_rg2_pl1_block__e47bd0aef679,cyclic,5,300K_orthogonal800/row_0568__cyclic_orth800_uid000512_sk5_rg2_pl1_block__e47bd0aef679.data,323480,4d67dc84d3f9efaf8d05df94f8eeab9926a56b47bf1a5bc58210428a1992f821,900,2.7755575615628914e-16,-0.421705,0.452273
569,300,300K_orthogonal800,cyclic_orth800_uid000472_sk7_rg1_pl1_block__642cacc6a2ed,cyclic,7,300K_orthogonal800/row_0569__cyclic_orth800_uid000472_sk7_rg1_pl1_block__642cacc6a2ed.data,319607,d9611a302917474757b3383f38b8f17dbc6cff55c3049a5f6b4e64e18ceb0250,925,-2.525757381022231e-15,-0.453819,0.451709
570,300,300K_orthogonal800,cyclic_orth800_uid000683_sk7_rg0_pl1_random__d8526a7eaf7e,cyclic,7,300K_orthogonal800/row_0570__cyclic_orth800_uid000683_sk7_rg0_pl1_random__d8526a7eaf7e.data,338574,96be7d5f5863ab1a767b300131c30da3c70339fddb5dc7ed9f32c9a1ba6008ff,1015,-1.6653345369377348e-16,-1.144895,0.616815
571,300,300K_prod400,branch_uid000217_idx80_rg1_pl2_junction_enriched__9de425cec355,branch,80,300K_prod400/row_0571__branch_uid000217_idx80_rg1_pl2_junction_enriched__9de425cec355.data,327580,925b24d8c732da312082681562ec798032708daa3e96ab3b483a17bb0e3a5b38,919,-1.0199999969373597e-06,-0.51219973,0.21122827
572,300,300K_orthogonal800,star_orth800_uid001215_sk11_rg1_pl0_random__43995fccb3e5,star,11,300K_orthogonal800/row_0572__star_orth800_uid001215_sk11_rg1_pl0_random__43995fccb3e5.data,336752,742cf732d3f089630fb6c1bef1e5f02c51642862ff4e87a429e6ff06588cb524,981,1.3322676295501878e-15,-0.445702,0.503364
573,300,300K_prod400,comb_uid000189_idx107_rg2_pl0_random__f1a9e3b58086,comb,107,300K_prod400/row_0573__comb_uid000189_idx107_rg2_pl0_random__f1a9e3b58086.data,363265,1d8a184507e745ba23bfc5e9a7d604db7e71f4f75e8f74294bf0aa5e8d1f40a9,1078,1.4099999946226571e-06,-0.40358082,0.17262267
574,300,300K_orthogonal800,cyclic_orth800_uid000680_sk5_rg0_pl1_random__2bfbf0c1f425,cyclic,5,300K_orthogonal800/row_0574__cyclic_orth800_uid000680_sk5_rg0_pl1_random__2bfbf0c1f425.data,355319,0192becadd54e96ea1b5d4d6187e612eefce74cfa4c0f4eff6186ea6aabc59e1,1040,3.2751579226442118e-15,-0.445702,0.503364
575,300,300K_orthogonal800,star_orth800_uid001085_sk13_rg1_pl1_alternating__bc80c7875bc8,star,13,300K_orthogonal800/row_0575__star_orth800_uid001085_sk13_rg1_pl1_alternating__bc80c7875bc8.data,355182,2cddd6c0e9aaad05f2b2044133b97730c5dfd8c67d735046f354f0f1cd7e934b,1040,-3.941291737419306e-15,-0.54438,1.289019
576,300,300K_orthogonal800,cyclic_orth800_uid000463_sk6_rg1_pl1_block__60284a144a96,cyclic,6,300K_orthogonal800/row_0576__cyclic_orth800_uid000463_sk6_rg1_pl1_block__60284a144a96.data,370818,0cb00d1ade21b959cd8f8f9fb3e0c947149270c228c10f448838445f73d26653,1096,-5.773159728050814e-15,-1.145838,0.618385
577,300,300K_orthogonal800,cyclic_orth800_uid000511_sk7_rg2_pl1_block__023ae8f5620c,cyclic,7,300K_orthogonal800/row_0577__cyclic_orth800_uid000511_sk7_rg2_pl1_block__023ae8f5620c.data,386537,0e1d9af754c7829013098bad064d74be9b99609bf0907bf49218e11d6a88d509,1085,-1.3877787807814457e-16,-0.576245,1.285769
578,300,300K_prod400,star_uid000133_idx64_rg1_pl0_junction_enriched__365561176d54,star,64,300K_prod400/row_0578__star_uid000133_idx64_rg1_pl0_junction_enriched__365561176d54.data,349174,1a03b1ac4930fa66730fcde98d4e4083d77f20c8fb9c4cf6adb81a7fcf453394,1035,2.6699999893797788e-06,-0.46744378,0.41060522
579,300,300K_orthogonal800,cyclic_orth800_uid000591_sk5_rg1_pl1_alternating__7610a251aa11,cyclic,5,300K_orthogonal800/row_0579__cyclic_orth800_uid000591_sk5_rg1_pl1_alternating__7610a251aa11.data,316014,ad4ab3e4840ebf5721131a46a97eafcedc3edfafddeb0dedc37689c7059f6c66,940,-6.994405055138486e-15,-2.121001,3.185767
580,300,300K_orthogonal800,star_orth800_uid001101_sk11_rg1_pl1_alternating__c4daeb25651c,star,11,300K_orthogonal800/row_0580__star_orth800_uid001101_sk11_rg1_pl1_alternating__c4daeb25651c.data,371648,3e1325e89e863ab975686add192907648b7349bed8990fb673e525f3610516dd,1061,1.0269562977782698e-15,-0.445207,0.509829
581,300,300K_prod400,linear_uid000062_idx7_rg1_pl2_block__a51b22001eec,linear,7,300K_prod400/row_0581__linear_uid000062_idx7_rg1_pl2_block__a51b22001eec.data,319504,9d865bb69660f36f7a0daeccb377fae4694a5524cc26c76dddc599b533cad1c7,952,2.879999990657023e-06,-0.41172475,0.17262267
582,300,300K_orthogonal800,star_orth800_uid000808_sk14_rg0_pl0_block__9abba3075ed6,star,14,300K_orthogonal800/row_0582__star_orth800_uid000808_sk14_rg0_pl0_block__9abba3075ed6.data,367470,0e8ac2cd4eeeb55206ab46f349060331969de2f318d0d8d08b0a851c2e074c3d,1088,-7.216449660063518e-16,-1.14802,0.620184
583,300,300K_orthogonal800,star_orth800_uid000947_sk12_rg2_pl0_block__576c9aaebc42,star,12,300K_orthogonal800/row_0583__star_orth800_uid000947_sk12_rg2_pl0_block__576c9aaebc42.data,363091,98079564f68d47e9bc94189cd87322fba9eec27574c6a06029bc2be3395c867a,1029,-2.220446049250313e-16,-0.239176,0.18541
584,300,300K_prod400,cyclic_uid000057_idx26_rg1_pl2_random__45eeed3f1dba,cyclic,26,300K_prod400/row_0584__cyclic_uid000057_idx26_rg1_pl2_random__45eeed3f1dba.data,347519,7223e0d70a79a0e42467d3d238510124d67b75cfce9bffcad3e85bec35259fa6,1014,1.3000000151919267e-06,-0.51332953,0.70538547
585,300,300K_prod400,cyclic_uid000101_idx31_rg0_pl0_gradient__d70b5e9d30a7,cyclic,31,300K_prod400/row_0585__cyclic_uid000101_idx31_rg0_pl0_gradient__d70b5e9d30a7.data,353838,edc5ba2d718c2db8ae6719c6b308a50aed820520da6cefcf41b2fadce22e439d,1056,3.5199999884050204e-06,-0.35497233,0.17262267
586,300,300K_prod400,cyclic_uid000046_idx29_rg1_pl2_random__41fd3aa4b2b4,cyclic,29,300K_prod400/row_0586__cyclic_uid000046_idx29_rg1_pl2_random__41fd3aa4b2b4.data,337699,c6870d4043675189be442105e8531661c35e8314376c61d19e005e56e7d868c9,944,2.3599999857959464e-06,-0.14687931,0.15241569
587,300,300K_prod400,branch_uid000170_idx76_rg1_pl1_junction_enriched__208bd1be209a,branch,76,300K_prod400/row_0587__branch_uid000170_idx76_rg1_pl1_junction_enriched__208bd1be209a.data,332612,08940035a2bcdf1b35fddead56f4daa86dbe8c117aaf2bae12b3684d750e0b54,937,1.1999999782741355e-07,-1.12709244,0.70331853
588,300,300K_orthogonal800,cyclic_orth800_uid000410_sk4_rg0_pl1_block__971a09113d92,cyclic,4,300K_orthogonal800/row_0588__cyclic_orth800_uid000410_sk4_rg0_pl1_block__971a09113d92.data,402882,688be21fc1c42877da878a3e9a43290c5e4c1ab809858313278050419a42dfae,1095,1.6375789613221059e-15,-0.473,0.174428
589,300,300K_orthogonal800,star_orth800_uid000788_sk11_rg0_pl0_block__0df131efa0c3,star,11,300K_orthogonal800/row_0589__star_orth800_uid000788_sk11_rg0_pl0_block__0df131efa0c3.data,387681,01d150d0d5b3436fa9df499de1e020a13abef11a9290c9ae8a4c3af16d06a423,1084,-1.7763568394002505e-15,-0.42411,0.457398
590,300,300K_prod400,star_uid000103_idx67_rg1_pl1_junction_enriched__bddcdb224948,star,67,300K_prod400/row_0590__star_uid000103_idx67_rg1_pl1_junction_enriched__bddcdb224948.data,323779,b4281e6f8c581491058b413ce9ce1779b827e0c5c2ae8e93f2fc6aa2f5d5bd84,959,3.0799999933828204e-06,-0.52237532,0.21504768
591,300,300K_orthogonal800,cyclic_orth800_uid000571_sk5_rg1_pl0_alternating__e1ec6ea75cdc,cyclic,5,300K_orthogonal800/row_0591__cyclic_orth800_uid000571_sk5_rg1_pl0_alternating__e1ec6ea75cdc.data,316014,9d0bdfe63575a85d72ebf92ef6c393a1a12772a7388ff72f862c9d2ea032260c,940,-7.105427357601002e-15,-2.121001,3.185767
592,300,300K_orthogonal800,linear_orth800_uid000163_sk1_rg0_pl1_alternating__7b59bea12025,linear,1,300K_orthogonal800/row_0592__linear_orth800_uid000163_sk1_rg0_pl1_alternating__7b59bea12025.data,386588,4a31dc102e6c211d44bc98bed270d73d90783ad1f51fb4ccd06618a300bbf34b,1099,3.608224830031759e-16,-0.439941,0.509702
593,300,300K_prod400,star_uid000174_idx58_rg0_pl1_junction_enriched__481c12e9ed06,star,58,300K_prod400/row_0593__star_uid000174_idx58_rg0_pl1_junction_enriched__481c12e9ed06.data,322158,5749400c4ad5f591ee18f026f089b58e1c8e0ad247285bacea67fdbede8c9393,953,2.1899999909646972e-06,-0.50354181,0.71549819
594,300,300K_prod400,cyclic_uid000044_idx35_rg1_pl0_alternating__f54b828bed41,cyclic,35,300K_prod400/row_0594__cyclic_uid000044_idx35_rg1_pl0_alternating__f54b828bed41.data,345860,ed56c30e92ea9d3cd27fc50c343d68018f1bff611fe8a188dce8ff2371eb43ba,1032,3.4399999886691734e-06,-0.35497233,0.17262267
595,300,300K_prod400,linear_uid000050_idx15_rg1_pl0_alternating__7c2bb4ac4ba6,linear,15,300K_prod400/row_0595__linear_uid000050_idx15_rg1_pl0_alternating__7c2bb4ac4ba6.data,305246,e752d5e77a25604dafe1d27abee60ac40e3b49e8a58f494ff969f2cae30fdddc,900,-5.200000007254957e-07,-1.13927431,0.58037969
596,300,300K_prod400,linear_uid000186_idx20_rg2_pl0_random__01fc35a9f953,linear,20,300K_prod400/row_0596__linear_uid000186_idx20_rg2_pl0_random__01fc35a9f953.data,323050,b30e8ee84b8eb004433cfb28762041117232b960f8903c4156d5a0696e4348a0,943,1.1700000133174626e-06,-0.51332953,0.70538547
597,300,300K_prod400,linear_uid000000_idx16_rg0_pl0_random__4a5134f209f4,linear,16,300K_prod400/row_0597__linear_uid000000_idx16_rg0_pl0_random__4a5134f209f4.data,355667,a3ffc70ac6a6486fb2decd3b51ed6645af9c8c95b1a043722097f10ea9a06e9f,1030,-1.7400000003331417e-06,-0.35802317,0.16802483
598,300,300K_prod400,linear_uid000049_idx15_rg1_pl0_block__0f573699d02f,linear,15,300K_prod400/row_0598__linear_uid000049_idx15_rg1_pl0_block__0f573699d02f.data,333665,361737228bf977b12653372117ac294b74abf6ba6e35479d25a118df6247c5a1,974,2.919999996631173e-06,-0.51423607,0.71763673
599,300,300K_orthogonal800,star_orth800_uid001145_sk8_rg2_pl1_alternating__9dee7e817557,star,8,300K_orthogonal800/row_0599__star_orth800_uid001145_sk8_rg2_pl1_alternating__9dee7e817557.data,366066,ea0e429a167ed92ae22867b1d76bc7db7960f4afa77671338ba633eebb03dd83,1029,2.1649348980190553e-15,-2.190282,3.262669
600,300,300K_orthogonal800,cyclic_orth800_uid000773_sk6_rg2_pl1_random__26c52608bed2,cyclic,6,300K_orthogonal800/row_0600__cyclic_orth800_uid000773_sk6_rg2_pl1_random__26c52608bed2.data,324725,ca2070add227831df3d9848539221e8d9337b21b1cb37fb76d7c9f6f16b164b7,956,-3.83026943495679e-15,-0.319289,0.177978
601,300,300K_orthogonal800,star_orth800_uid001151_sk11_rg2_pl1_alternating__647172c994b6,star,11,300K_orthogonal800/row_0601__star_orth800_uid001151_sk11_rg2_pl1_alternating__647172c994b6.data,337443,863cf1a2341a3dd512869368e3959a2a157f5ffe8ed3760a8e12fcb3d502c179,984,5.551115123125783e-15,-0.444835,0.503845
602,300,300K_orthogonal800,linear_orth800_uid000373_sk3_rg1_pl2_random__c39838ee4982,linear,3,300K_orthogonal800/row_0602__linear_orth800_uid000373_sk3_rg1_pl2_random__c39838ee4982.data,329599,951167fe16e1cc3129b9b0f60818d728f1e3da341714df2d0a17b509788d87a1,968,-4.6351811278100286e-15,-0.478537,0.181852
603,300,300K_orthogonal800,cyclic_orth800_uid000589_sk6_rg1_pl1_alternating__d77369562391,cyclic,6,300K_orthogonal800/row_0603__cyclic_orth800_uid000589_sk6_rg1_pl1_alternating__d77369562391.data,328036,8d2d14633d9c9e875ff35c9637006adee4cbb240bde4f3d33bb5943bc0337107,946,-4.440892098500626e-16,-0.443919,0.504344
604,300,300K_orthogonal800,linear_orth800_uid000330_sk3_rg1_pl1_random__e89a872987a4,linear,3,300K_orthogonal800/row_0604__linear_orth800_uid000330_sk3_rg1_pl1_random__e89a872987a4.data,307674,9ae99ce61606f7d4872f470517d91bf854f0e5107bdff28b672ba204c60576d7,925,-2.275957200481571e-15,-3.085343,3.67493
605,300,300K_orthogonal800,cyclic_orth800_uid000754_sk6_rg1_pl2_random__2e6828d7228f,cyclic,6,300K_orthogonal800/row_0605__cyclic_orth800_uid000754_sk6_rg1_pl2_random__2e6828d7228f.data,330839,9d68452b63fee7b6134acfbc6c5639ee4f21603fb8ba2c49e4e2065f7c017247,996,2.220446049250313e-16,-0.454263,0.452346
606,300,300K_prod400,star_uid000235_idx56_rg2_pl1_junction_enriched__bdc3e584037d,star,56,300K_prod400/row_0606__star_uid000235_idx56_rg2_pl1_junction_enriched__bdc3e584037d.data,328109,b0f68393d93c0f0083534d9ba3246082e40717071d410a998b55dbe9f05d2c3e,948,6.600000121426142e-07,-0.51798587,0.71178693
607,300,300K_orthogonal800,star_orth800_uid000824_sk11_rg0_pl1_block__36b4904379c6,star,11,300K_orthogonal800/row_0607__star_orth800_uid000824_sk11_rg0_pl1_block__36b4904379c6.data,331216,86e2bc8853f960ed62778d91b989a012ca004febe45401d0c52e8d8c42f78782,975,-7.216449660063518e-16,-0.455575,0.503353
608,300,300K_prod400,linear_uid000065_idx7_rg1_pl2_random__ceb50429fecb,linear,7,300K_prod400/row_0608__linear_uid000065_idx7_rg1_pl2_random__ceb50429fecb.data,321140,f4d5440890f8b94223c9c167f2cb51b0b9d1806b7f66e7a644cf000e6bfb34e5,958,2.7399999901478456e-06,-0.39508273,0.17262267
609,300,300K_orthogonal800,cyclic_orth800_uid000413_sk4_rg0_pl1_block__5c6cadcc3f66,cyclic,4,300K_orthogonal800/row_0609__cyclic_orth800_uid000413_sk4_rg0_pl1_block__5c6cadcc3f66.data,382831,aa93ed8c8523fb8e28133bf8d463daa8f8b804240b32431b6e1171155fb6241e,1050,-3.885780586188048e-16,-0.45799,0.451709
610,300,300K_prod400,linear_uid000075_idx5_rg2_pl0_block__303d0f8f0514,linear,5,300K_prod400/row_0610__linear_uid000075_idx5_rg2_pl0_block__303d0f8f0514.data,325526,b05cc7f8928edc38fdc6ea88cccd721b2c9ceb4c6944495b25d0cafe818d616f,982,1.869999993298066e-06,-0.50602375,0.41547408
611,300,300K_prod400,star_uid000074_idx66_rg0_pl0_random__4307da8cd345,star,66,300K_prod400/row_0611__star_uid000074_idx66_rg0_pl0_random__4307da8cd345.data,328120,f9a3c348c84e8ebcaaf3ea48300f94038afee45ad620f4ab9d0dd0f45e216441,962,1.2199999991080457e-06,-1.13685156,0.57964844
612,300,300K_orthogonal800,cyclic_orth800_uid000446_sk6_rg1_pl0_block__b6ed9fc0f8c1,cyclic,6,300K_orthogonal800/row_0612__cyclic_orth800_uid000446_sk6_rg1_pl0_block__b6ed9fc0f8c1.data,366577,4f86ece0120ddfd3415a3a992efe1b0889eec2f38c70cecb930019612bc75ab7,1068,-5.412337245047638e-15,-0.575858,1.28423
613,300,300K_orthogonal800,star_orth800_uid001276_sk9_rg1_pl2_random__f8f099d24e00,star,9,300K_orthogonal800/row_0613__star_orth800_uid001276_sk9_rg1_pl2_random__f8f099d24e00.data,353086,ae7ceb2d2d6e3c50601238168130d5be80cecb569a188ea7c31bd0f43acfdea3,975,2.525757381022231e-15,-0.534354,1.293726
614,300,300K_prod400,comb_uid000312_idx102_rg0_pl0_random__518b4c195218,comb,102,300K_prod400/row_0614__comb_uid000312_idx102_rg0_pl0_random__518b4c195218.data,336378,3acecae3d01bc95f1d87fa7399bd26b51a55dd62d327b2f8518c6ac80a96e904,985,3.2000000549370355e-07,-1.12596031,0.57750081
615,300,300K_prod400,branch_uid000138_idx76_rg0_pl0_junction_enriched__8eb6a381cd07,branch,76,300K_prod400/row_0615__branch_uid000138_idx76_rg0_pl0_junction_enriched__8eb6a381cd07.data,313364,55ee6ecb04c4a257adf7acdb55f06ca9c461f0310e186b152e60148e65cc34eb,903,-1.4399999994363366e-06,-0.53338925,0.42906044
616,300,300K_orthogonal800,linear_orth800_uid000301_sk2_rg0_pl1_random__ae4fb62a6918,linear,2,300K_orthogonal800/row_0616__linear_orth800_uid000301_sk2_rg0_pl1_random__ae4fb62a6918.data,331807,e6bbe2a36bc39ad7e4fda3c6f5b35e06038604355b2049b5946b7fc9b18b8f22,954,-4.9960036108132044e-15,-1.14728,0.612517
617,300,300K_orthogonal800,linear_orth800_uid000244_sk2_rg1_pl2_alternating__d8706a592e79,linear,2,300K_orthogonal800/row_0617__linear_orth800_uid000244_sk2_rg1_pl2_alternating__d8706a592e79.data,362570,907d970c968b067a044682734d4f9b5ced4d3523a85593a17176302672abef1b,1072,3.0531133177191805e-16,-1.145838,0.618385
618,300,300K_prod400,comb_uid000148_idx107_rg0_pl0_random__1dd3acb80214,comb,107,300K_prod400/row_0618__comb_uid000148_idx107_rg0_pl0_random__1dd3acb80214.data,367579,4294f73152558db2ad4c7f135715332d012bd0f814a0cba85f5f5c69c1b624ab,1038,1.2999999899621084e-06,-0.37593238,0.17309183
619,300,300K_prod400,linear_uid000054_idx15_rg1_pl0_gradient__63f4aa879619,linear,15,300K_prod400/row_0619__linear_uid000054_idx15_rg1_pl0_gradient__63f4aa879619.data,340489,b4cbd9f2f18579b61052ccad523e9a4af84b71b716f6102abae1467f98556eef,988,2.7799999965938405e-06,-0.52296553,0.71763673
620,300,300K_prod400,star_uid000210_idx58_rg2_pl1_junction_enriched__d37b5e7f39c2,star,58,300K_prod400/row_0620__star_uid000210_idx58_rg2_pl1_junction_enriched__d37b5e7f39c2.data,317549,f5553279447e5077304251b9fd9e590a044bd382522c575786556a9abba324c4,937,3.0699999931660393e-06,-0.50354181,0.71549819
621,300,300K_prod400,branch_uid000214_idx80_rg1_pl2_random__8a3b85e392df,branch,80,300K_prod400/row_0621__branch_uid000214_idx80_rg1_pl2_random__8a3b85e392df.data,350264,983d403485b37108304c44bbcf6ccf74fdb443378de5c4cb47df53947bd3fef4,977,8.000000030206067e-07,-1.12709244,0.57179056
622,300,300K_orthogonal800,star_orth800_uid001118_sk14_rg1_pl2_alternating__bec15d884b9f,star,14,300K_orthogonal800/row_0622__star_orth800_uid001118_sk14_rg1_pl2_alternating__bec15d884b9f.data,316713,dad616ac133aa77b55e977af49511b36ec72556772cf2a8a55af865df6c74637,933,-8.049116928532385e-16,-0.486023,0.460076
623,300,300K_orthogonal800,star_orth800_uid000974_sk9_rg2_pl1_block__cff051448b87,star,9,300K_orthogonal800/row_0623__star_orth800_uid000974_sk9_rg2_pl1_block__cff051448b87.data,380993,ca1d49610a7679ae1d0ccdec1d0d097c5bcafd75ad5915f37be3e2ce14f7a1e0,1057,-2.4147350785597155e-15,-0.534354,1.293726
624,300,300K_prod400,linear_uid000023_idx4_rg0_pl1_alternating__58ac1fa2dff1,linear,4,300K_prod400/row_0624__linear_uid000023_idx4_rg0_pl1_alternating__58ac1fa2dff1.data,355551,f0d70edfa5b6d817cd9e4c50a19ebb531cd971137a5717ded02d82842a47e7c5,1071,5.10000002312827e-07,-0.401927,0.16821012
625,300,300K_prod400,linear_uid000074_idx15_rg2_pl0_gradient__5ea5588054c9,linear,15,300K_prod400/row_0625__linear_uid000074_idx15_rg2_pl0_gradient__5ea5588054c9.data,338896,80085383d28d176b00e5532a9e56b173c7f17bd4bc9d20b6ff31fb8987306c1f,1000,9.599999983289642e-07,-1.115086,0.57750081
626,300,300K_prod400,star_uid000181_idx58_rg0_pl2_junction_enriched__1d9660001842,star,58,300K_prod400/row_0626__star_uid000181_idx58_rg0_pl2_junction_enriched__1d9660001842.data,315801,ad811e894748de8d5d46d2c17cdebc3098212bef42384004f777b12ed9c564fe,935,2.999999993424929e-06,-0.52237532,0.21504768
627,300,300K_prod400,linear_uid000036_idx4_rg0_pl2_block__d2479d73567b,linear,4,300K_prod400/row_0627__linear_uid000036_idx4_rg0_pl2_block__d2479d73567b.data,368532,a001ead405bf05570cf48767233f486eebbda755b3fdc8783c54d1d22b0619b1,1054,1.2699999991094835e-06,-0.53377727,0.7200268
628,300,300K_orthogonal800,linear_orth800_uid000041_sk2_rg0_pl2_block__d5cc097179cd,linear,2,300K_orthogonal800/row_0628__linear_orth800_uid000041_sk2_rg0_pl2_block__d5cc097179cd.data,361931,551c1866aeae6171dd330075014fa2ed2493797daeae9a6e4b1f4bcc98d23fe8,1029,-2.498001805406602e-16,-0.382326,0.185572
629,300,300K_orthogonal800,cyclic_orth800_uid000641_sk7_rg2_pl1_alternating__ddc9f4e32f2d,cyclic,7,300K_orthogonal800/row_0629__cyclic_orth800_uid000641_sk7_rg2_pl1_alternating__ddc9f4e32f2d.data,369525,257bd0fd0721dc0e9911ff8dd49ff54a6df42369e11a666b3559073876059d7d,1050,-8.326672684688674e-17,-0.235119,0.188311
630,300,300K_orthogonal800,cyclic_orth800_uid000426_sk6_rg0_pl1_block__154da94e4cd8,cyclic,6,300K_orthogonal800/row_0630__cyclic_orth800_uid000426_sk6_rg0_pl1_block__154da94e4cd8.data,343860,6156072873a5c2b005624fafcf52849a0c3782e0d2de9ead126a68f4969043f4,964,-1.3600232051658168e-15,-0.239176,0.184908
631,300,300K_prod400,branch_uid000225_idx80_rg2_pl0_random__f0fd6cf8bbee,branch,80,300K_prod400/row_0631__branch_uid000225_idx80_rg2_pl0_random__f0fd6cf8bbee.data,322921,b8880c6022362bd03ac12032c4e4a07f504f1157fec38897144361cc16c2f281,914,5.199999977001379e-07,-0.5152939,0.75742805
632,300,300K_orthogonal800,star_orth800_uid001287_sk12_rg2_pl1_random__8fa64291bdb2,star,12,300K_orthogonal800/row_0632__star_orth800_uid001287_sk12_rg2_pl1_random__8fa64291bdb2.data,319767,7af9c42af333eaccd10991bfbbfdbcf3f59c28224df563f66fdda031bd6cfbe2,919,-2.6645352591003757e-15,-0.540689,0.505975
633,300,300K_orthogonal800,cyclic_orth800_uid000695_sk4_rg1_pl0_random__f781e380acec,cyclic,4,300K_orthogonal800/row_0633__cyclic_orth800_uid000695_sk4_rg1_pl0_random__f781e380acec.data,382414,774d8ab5ed45a276e114a1be2aa36835239e48dcdf69ff41e86f323254957e12,1050,-1.915134717478395e-15,-0.47475,0.451709
634,300,300K_prod400,cyclic_uid000008_idx26_rg0_pl0_random__5863364ad264,cyclic,26,300K_prod400/row_0634__cyclic_uid000008_idx26_rg0_pl0_random__5863364ad264.data,349228,c9f217c7c3c004070199f99b89731636a6d435f42f921cc543727db157e8991a,1014,-1.040000011026665e-06,-0.499133,0.205626
635,300,300K_orthogonal800,cyclic_orth800_uid000578_sk7_rg1_pl0_alternating__fa8399987190,cyclic,7,300K_orthogonal800/row_0635__cyclic_orth800_uid000578_sk7_rg1_pl0_alternating__fa8399987190.data,386460,e3a7fbe064f8e50c426d55a529140e22af8b964e957333c3c5c8ca48c0bf2b74,1085,3.7192471324942744e-15,-0.57121,1.290708
636,300,300K_orthogonal800,cyclic_orth800_uid000644_sk6_rg2_pl1_alternating__3c86d36a52d4,cyclic,6,300K_orthogonal800/row_0636__cyclic_orth800_uid000644_sk6_rg2_pl1_alternating__3c86d36a52d4.data,336852,9d940598ac0cefc56d79ef3990cdef95822c15284c4ad5a078342edbfff95c72,1012,-5.551115123125783e-17,-0.377341,0.156986
637,300,300K_orthogonal800,linear_orth800_uid000278_sk0_rg0_pl1_random__dd5ae71029ac,linear,0,300K_orthogonal800/row_0637__linear_orth800_uid000278_sk0_rg0_pl1_random__dd5ae71029ac.data,403857,37fd194ffa11f2c67a329743e679dad237d262975682f46a45643132ac1e0774,1100,3.191891195797325e-15,-0.3879,0.186151
638,300,300K_prod400,cyclic_uid000004_idx35_rg0_pl0_random__f54b828bed41,cyclic,35,300K_prod400/row_0638__cyclic_uid000004_idx35_rg0_pl0_random__f54b828bed41.data,345860,79133a213b5c05330d4063d904f9d6c69474dd44637cdc270c82f8319ce94789,1032,3.4399999886691734e-06,-0.35497233,0.17262267
639,300,300K_prod400,star_uid000116_idx67_rg2_pl0_random__324134074a40,star,67,300K_prod400/row_0639__star_uid000116_idx67_rg2_pl0_random__324134074a40.data,337539,a65bb210abb3081d5eb17b7f3f3e14b80853c874cb1e33740f48d3e885333165,989,2.149999990763707e-06,-0.50354181,0.71549819
640,300,300K_orthogonal800,star_orth800_uid000888_sk9_rg1_pl1_block__d4b4213e1ea7,star,9,300K_orthogonal800/row_0640__star_orth800_uid000888_sk9_rg1_pl1_block__d4b4213e1ea7.data,368865,932cf0f74837fe45a283ffc1c4157139830820f5e9f034a43a9f642723a253be,1017,1.5265566588595902e-15,-0.534354,1.293726
641,300,300K_prod400,branch_uid000163_idx89_rg0_pl2_junction_enriched__4f22b224cf44,branch,89,300K_prod400/row_0641__branch_uid000163_idx89_rg0_pl2_junction_enriched__4f22b224cf44.data,327171,bcec1dfb6723b6e84893d42b7f4906085e6d6fbbb6cc087a14f4414c0824cf36,911,7.399999996937634e-07,-0.52077914,0.75281314
642,300,300K_orthogonal800,linear_orth800_uid000143_sk2_rg2_pl1_block__bc1745062985,linear,2,300K_orthogonal800/row_0642__linear_orth800_uid000143_sk2_rg2_pl1_block__bc1745062985.data,366160,fbbc0a7fe7f53d5b46a7aa754e8049f6bb7d048e683f59da95af56a6bc489cd4,1086,-5.6066262743570405e-15,-1.145838,0.618385
643,300,300K_orthogonal800,star_orth800_uid001180_sk9_rg0_pl1_random__144acf07bd76,star,9,300K_orthogonal800/row_0643__star_orth800_uid001180_sk9_rg0_pl1_random__144acf07bd76.data,327785,387820f7b67015e08ba10ff8c90e35acaf4fb99d00199aaa0146d47fb422d25c,903,-1.4710455076283324e-15,-0.474724,0.451709
644,300,300K_prod400,cyclic_uid000103_idx42_rg0_pl0_gradient__6850c3aefd3a,cyclic,42,300K_prod400/row_0644__cyclic_uid000103_idx42_rg0_pl0_gradient__6850c3aefd3a.data,326954,9d926745786191df8987dd76e0b6a34696c147f05abfe4b2126816fdb44dab0a,952,1.1999999925127458e-06,-0.53617592,0.39786325
645,300,300K_orthogonal800,star_orth800_uid001204_sk13_rg0_pl1_random__78b3608537d2,star,13,300K_orthogonal800/row_0645__star_orth800_uid001204_sk13_rg0_pl1_random__78b3608537d2.data,353908,ebecc791c860dfe335888c65eb20bbf5d5566da20b9ccd8f4d7ebbabe9e2f28e,1045,6.38378239159465e-16,-1.145838,0.618385
646,300,300K_orthogonal800,star_orth800_uid001115_sk13_rg1_pl2_alternating__418d88dd44f1,star,13,300K_orthogonal800/row_0646__star_orth800_uid001115_sk13_rg1_pl2_alternating__418d88dd44f1.data,317323,a579be769c012f0954e3a7f4c66f063bbcdf0fbf42b13fdc397e50c2bc17a1c1,953,7.466249840604178e-15,-0.554071,1.282083
647,300,300K_orthogonal800,cyclic_orth800_uid000459_sk7_rg1_pl0_block__c7993434363a,cyclic,7,300K_orthogonal800/row_0647__cyclic_orth800_uid000459_sk7_rg1_pl0_block__c7993434363a.data,370965,76e219b85c907a2d9c507aa6808e294b8ecf9453c5e3750163c3f9f14cf25a87,1050,2.498001805406602e-16,-0.575277,1.282037
648,300,300K_prod400,star_uid000108_idx64_rg0_pl0_random__0a3ef59b3693,star,64,300K_prod400/row_0648__star_uid000108_idx64_rg0_pl0_random__0a3ef59b3693.data,350118,f7517a53ce7243b6fca1aa181b92c32e3ccec96938d81525b7ab00ef2d322b30,1034,2.219999990643595e-06,-0.40921553,0.19168347
649,300,300K_orthogonal800,star_orth800_uid000861_sk11_rg1_pl0_block__f67d53e4334e,star,11,300K_orthogonal800/row_0649__star_orth800_uid000861_sk11_rg1_pl0_block__f67d53e4334e.data,365443,61868e78f24a4de3029867a49a1e2f713de3904e808f8e80c246b807681ff4e4,1039,-8.326672684688674e-16,-0.447018,0.507246
650,300,300K_orthogonal800,star_orth800_uid000791_sk11_rg0_pl0_block__bc4ad02bba10,star,11,300K_orthogonal800/row_0650__star_orth800_uid000791_sk11_rg0_pl0_block__bc4ad02bba10.data,307371,61587509e94273238b93f6b3a40154e8ea4bc0eaaa7236ba4703d2f64e0754c0,909,-7.771561172376096e-15,-0.309169,0.159487
651,300,300K_orthogonal800,linear_orth800_uid000109_sk3_rg1_pl2_block__519d607c10bb,linear,3,300K_orthogonal800/row_0651__linear_orth800_uid000109_sk3_rg1_pl2_block__519d607c10bb.data,317950,870451fd5fc08f4b77b9cd53a9864d9314606a109bc83c14f27e69e89f056406,940,-6.106226635438361e-16,-0.575195,1.287418
652,300,300K_orthogonal800,branch_orth800_uid001663_sk19_rg1_pl2_random__aa19d3d7d27a,branch,19,300K_orthogonal800/row_0652__branch_orth800_uid001663_sk19_rg1_pl2_random__aa19d3d7d27a.data,328951,958932d2a3d956f422e8fe6e59c6129756504e285cdb35e46e65fa5dd7692d91,903,4.440892098500626e-16,-0.483768,0.178698
653,300,300K_orthogonal800,linear_orth800_uid000262_sk0_rg2_pl1_alternating__60f818ce998e,linear,0,300K_orthogonal800/row_0653__linear_orth800_uid000262_sk0_rg2_pl1_alternating__60f818ce998e.data,402129,58e5e05da01ff82250db8c1460dbcd6f615aa652df4aa7c3f0300b4dab5c8f22,1094,1.1046719095020308e-14,-0.40223,0.189164
654,300,300K_prod400,comb_uid000340_idx102_rg1_pl0_junction_enriched__bd32de90ce16,comb,102,300K_prod400/row_0654__comb_uid000340_idx102_rg1_pl0_junction_enriched__bd32de90ce16.data,362910,ca745df66713d0edccdd4e861dbeeba6c72ea5bf97bb20341dad16e33b7ab396,1081,1.569999996453575e-06,-0.51602958,0.41748458
655,300,300K_orthogonal800,star_orth800_uid001098_sk13_rg1_pl1_alternating__76fe6cd1d6ee,star,13,300K_orthogonal800/row_0655__star_orth800_uid001098_sk13_rg1_pl1_alternating__76fe6cd1d6ee.data,328866,f05bf088329ef102b31e92c2e86864effdf72beb3e9daddab9e4fa4aa582ca55,923,5.551115123125783e-17,-0.421344,0.448395
656,300,300K_prod400,cyclic_uid000111_idx31_rg0_pl0_random__d70b5e9d30a7,cyclic,31,300K_prod400/row_0656__cyclic_uid000111_idx31_rg0_pl0_random__d70b5e9d30a7.data,353838,4c73ed7917903ef5d5fd7fb094e65fc3da52c9cca0a51b9dc0b0a3fabe65b3dd,1056,3.5199999884050204e-06,-0.35497233,0.17262267
657,300,300K_orthogonal800,star_orth800_uid001044_sk14_rg0_pl2_alternating__be4aaa5f6be3,star,14,300K_orthogonal800/row_0657__star_orth800_uid001044_sk14_rg0_pl2_alternating__be4aaa5f6be3.data,363721,53da6dd952f8638f500062bbf57e2bf0756e82c243862630a9d82725fe32b898,1039,-6.38378239159465e-16,-0.580674,1.286923
658,300,300K_prod400,comb_uid000322_idx102_rg0_pl1_junction_enriched__5af313900933,comb,102,300K_prod400/row_0658__comb_uid000322_idx102_rg0_pl1_junction_enriched__5af313900933.data,345522,6d85f91fcf8ea0657b025cd4882a8261bf498e4e5328b4bc3989547b7d3334ae,984,1.37999999161309e-06,-0.39710936,0.17262267
659,300,300K_prod400,linear_uid000032_idx6_rg0_pl1_alternating__224f4011e0b2,linear,6,300K_prod400/row_0659__linear_uid000032_idx6_rg0_pl1_alternating__224f4011e0b2.data,313314,2989fd2a86d5aad22f4d9b597855bb54461874b033ff0bc7cebc8cd6f565947a,941,-2.359999985351857e-06,-0.43327213,0.16921521
660,300,300K_orthogonal800,star_orth800_uid001138_sk13_rg2_pl0_alternating__e71c60770020,star,13,300K_orthogonal800/row_0660__star_orth800_uid001138_sk13_rg2_pl0_alternating__e71c60770020.data,352528,7192fb9de112a48ba0e003aa873d6e7a0f72661bb44f1d726371ff29119841d5,999,-2.220446049250313e-16,-0.559822,1.269122
661,300,300K_prod400,branch_uid000223_idx80_rg2_pl0_random__cbf1426a2460,branch,80,300K_prod400/row_0661__branch_uid000223_idx80_rg2_pl0_random__cbf1426a2460.data,336906,88dc676d0d89dd928d88dbe7a38399f3bfd94e815e4f7df46a82606b261317cf,940,-9.299999981227103e-07,-1.13249781,0.57528119
662,300,300K_orthogonal800,branch_orth800_uid001589_sk19_rg2_pl2_alternating__7c0a866cb5b7,branch,19,300K_orthogonal800/row_0662__branch_orth800_uid001589_sk19_rg2_pl2_alternating__7c0a866cb5b7.data,332577,34cf52e24a6f760d809f5b56f8e76b59dde7684316d01cf53cf8500cb253c1ca,908,-4.440892098500626e-16,-0.560579,1.28111
663,300,300K_prod400,cyclic_uid000054_idx35_rg1_pl2_block__f54b828bed41,cyclic,35,300K_prod400/row_0663__cyclic_uid000054_idx35_rg1_pl2_block__f54b828bed41.data,345860,92b3feef3965988be2b2a52fd6afd3dc7191e7b50d63c4c35b7145302168df08,1032,3.4399999886691734e-06,-0.35497233,0.17262267
664,300,300K_prod400,linear_uid000073_idx5_rg1_pl2_random__b5d7933e0398,linear,5,300K_prod400/row_0664__linear_uid000073_idx5_rg1_pl2_random__b5d7933e0398.data,363111,f217ec9b3ffadbd53b72cf59cc8d77bf83e95186759dd79c68ab1b83f0bc671b,1054,-8.400000107156025e-07,-0.499133,0.205626
665,300,300K_orthogonal800,star_orth800_uid000998_sk10_rg2_pl2_block__174d9e1bc61c,star,10,300K_orthogonal800/row_0665__star_orth800_uid000998_sk10_rg2_pl2_block__174d9e1bc61c.data,362394,54803f17697513f85dab20d1f0a51a7761227bbb312fd07d2da288a7672b8ceb,1049,8.326672684688674e-17,-0.540689,0.502946
666,300,300K_orthogonal800,star_orth800_uid001239_sk14_rg1_pl1_random__49fb5ba55222,star,14,300K_orthogonal800/row_0666__star_orth800_uid001239_sk14_rg1_pl1_random__49fb5ba55222.data,352284,17c1c49328438f16d086f9e01b53edb8c580608fb64dfbdfb0a84cc56c61213c,1002,-1.887379141862766e-15,-1.152193,0.620197
667,300,300K_prod400,comb_uid000436_idx100_rg0_pl2_junction_enriched__c6db85f57b0e,comb,100,300K_prod400/row_0667__comb_uid000436_idx100_rg0_pl2_junction_enriched__c6db85f57b0e.data,376151,7ccbaafcd3c8a6f7da5e0373de6903244cb1a6b98cc0294ea60eaf5b4443423f,1072,1.2399999958223606e-06,-0.45636753,0.19614347
668,300,300K_prod400,cyclic_uid000164_idx39_rg2_pl1_alternating__3219c3cae4a1,cyclic,39,300K_prod400/row_0668__cyclic_uid000164_idx39_rg2_pl1_alternating__3219c3cae4a1.data,347386,ed642304193afd6e1f4c01d90c0a7039a7dccdcb1de7a696ff45604367b00892,1044,1.799999981039191e-06,-1.12241925,0.57803475
669,300,300K_orthogonal800,star_orth800_uid001062_sk9_rg1_pl0_alternating__981560f28468,star,9,300K_orthogonal800/row_0669__star_orth800_uid001062_sk9_rg1_pl0_alternating__981560f28468.data,388456,cbc40777b17cabbfe2de8550f14242e2ed5e680b5420cf3010df5d484bdd42b0,1077,2.220446049250313e-16,-0.330458,0.169371
670,300,300K_orthogonal800,cyclic_orth800_uid000415_sk5_rg0_pl1_block__7dd1f5e86153,cyclic,5,300K_orthogonal800/row_0670__cyclic_orth800_uid000415_sk5_rg0_pl1_block__7dd1f5e86153.data,355318,5f97dc09b2352f3522200782c7ad12cd362728c4076fed45d71f241c07f14918,1040,-3.219646771412954e-15,-0.445702,0.502129
671,300,300K_prod400,cyclic_uid000051_idx35_rg1_pl1_random__f54b828bed41,cyclic,35,300K_prod400/row_0671__cyclic_uid000051_idx35_rg1_pl1_random__f54b828bed41.data,345860,32e53eadfd024eee011af3d73eff9a7d1d7d8658c2276494d27ce5e21684c421,1032,3.4399999886691734e-06,-0.35497233,0.17262267
672,300,300K_orthogonal800,cyclic_orth800_uid000577_sk6_rg1_pl0_alternating__ad7b9b1bd0c4,cyclic,6,300K_orthogonal800/row_0672__cyclic_orth800_uid000577_sk6_rg1_pl0_alternating__ad7b9b1bd0c4.data,348008,f69b3965e6eb27b8eff7ec8b530079dde555e0bac79aa78f624a4f445d4a8f6f,974,5.551115123125783e-17,-0.422871,0.447947
673,300,300K_orthogonal800,star_orth800_uid001252_sk10_rg1_pl1_random__976ade82d4fa,star,10,300K_orthogonal800/row_0673__star_orth800_uid001252_sk10_rg1_pl1_random__976ade82d4fa.data,324986,ca424b2aa4f95b1e0fa47ecbf3db47345863dd46c3dbeddf122c0224f527dc47,937,2.3037127760972e-15,-0.445702,0.509576
674,300,300K_orthogonal800,cyclic_orth800_uid000628_sk6_rg1_pl2_alternating__06fdbfe70a09,cyclic,6,300K_orthogonal800/row_0674__cyclic_orth800_uid000628_sk6_rg1_pl2_alternating__06fdbfe70a09.data,369230,e52e05d1cc3f9296ddc87914ad393053b40ff454f7406956f57b75cb025b3436,1077,-6.13398221105399e-15,-0.467723,0.173151
675,300,300K_prod400,star_uid000136_idx64_rg1_pl0_random__ba2f3c4be6bc,star,64,300K_prod400/row_0675__star_uid000136_idx64_rg1_pl0_random__ba2f3c4be6bc.data,345052,6203efcc6c4226a9913947fc4d1ab53225a1c08118ce2ab48c37cca3305c91ad,1028,2.1899999919361424e-06,-0.39508273,0.17262267
676,300,300K_prod400,cyclic_uid000049_idx41_rg1_pl1_alternating__273a647bf0c6,cyclic,41,300K_prod400/row_0676__cyclic_uid000049_idx41_rg1_pl1_alternating__273a647bf0c6.data,344777,c6cbaa4c6884b641689b8633a995bff8168e9eddeb5dc1fc5f96327aa089e8e4,1002,1.9200000025976216e-06,-0.39116246,0.15287944
677,300,300K_prod400,linear_uid000085_idx7_rg2_pl0_gradient__a51b22001eec,linear,7,300K_prod400/row_0677__linear_uid000085_idx7_rg2_pl0_gradient__a51b22001eec.data,319504,a2886321cd7c7c4a4a178de4ac31151bd38370fc6ff2620229e2dd48582ba8e1,952,2.879999990657023e-06,-0.41172475,0.17262267
678,300,300K_prod400,linear_uid000035_idx5_rg0_pl2_alternating__8ae0822cc476,linear,5,300K_prod400/row_0678__linear_uid000035_idx5_rg0_pl2_alternating__8ae0822cc476.data,318775,241a6718cd55d44a2c064c98063df85389eb7e7dcf409b12ef68ecaa2a7f19e6,962,-2.00000000721845e-06,-0.530867,0.415301
679,300,300K_prod400,cyclic_uid000078_idx26_rg2_pl2_block__2a6b7da4a240,cyclic,26,300K_prod400/row_0679__cyclic_uid000078_idx26_rg2_pl2_block__2a6b7da4a240.data,319979,b808adc600e7db09931f20fda0264a8b1842efa9fa4d1cb1d198089f15b69dd2,962,3.039999991016895e-06,-0.40126508,0.17341525
680,300,300K_orthogonal800,star_orth800_uid000975_sk12_rg2_pl1_block__ddc2f7cf3e22,star,12,300K_orthogonal800/row_0680__star_orth800_uid000975_sk12_rg2_pl1_block__ddc2f7cf3e22.data,339857,f73f4d91cf6248a6f55241671e0cf5450af5b303f4d383d66a19176fa034f2ad,954,-1.1657341758564144e-15,-0.239176,0.18541
681,300,300K_orthogonal800,star_orth800_uid001281_sk14_rg2_pl1_random__cfebe4805902,star,14,300K_orthogonal800/row_0681__star_orth800_uid001281_sk14_rg2_pl1_random__cfebe4805902.data,378283,05f6c885325e27749ac69e2074d560c938901fc4f5ccb32930fe4796b4d9b586,1065,-3.858025010572419e-15,-0.480102,0.176283
682,300,300K_orthogonal800,linear_orth800_uid000371_sk3_rg1_pl2_random__02159821f008,linear,3,300K_orthogonal800/row_0682__linear_orth800_uid000371_sk3_rg1_pl2_random__02159821f008.data,320010,91ad0a642a8faffbc4f3dfa1845af5a3323e2682a429d697edfbb8ec19ebe014,934,1.915134717478395e-15,-1.154846,0.613714
683,300,300K_orthogonal800,linear_orth800_uid000270_sk3_rg2_pl1_alternating__15103df92d27,linear,3,300K_orthogonal800/row_0683__linear_orth800_uid000270_sk3_rg2_pl1_alternating__15103df92d27.data,326871,8abb3a23c48f8d07212736c14792c78d9d92552e232c0f6a4682f5cd5efcf180,932,-7.299716386910404e-15,-0.244921,0.181614
684,300,300K_orthogonal800,star_orth800_uid001049_sk14_rg0_pl2_alternating__42c7994a4549,star,14,300K_orthogonal800/row_0684__star_orth800_uid001049_sk14_rg0_pl2_alternating__42c7994a4549.data,362625,1f1ad5a2794658815126b7ec4be4b0873913c2ff3f6ce1fd79a03ef15bcd509c,1030,-3.885780586188048e-16,-0.470437,0.174428
685,300,300K_orthogonal800,linear_orth800_uid000272_sk3_rg2_pl1_alternating__117ba9348f0c,linear,3,300K_orthogonal800/row_0685__linear_orth800_uid000272_sk3_rg2_pl1_alternating__117ba9348f0c.data,331083,8e70b1d5fe160f542b952884dd38f91b0fea5909bc76748e9360f291648b1f47,966,-7.188694084447889e-15,-0.461444,0.452226
686,300,300K_orthogonal800,cyclic_orth800_uid000643_sk6_rg2_pl1_alternating__0bb7a914069d,cyclic,6,300K_orthogonal800/row_0686__cyclic_orth800_uid000643_sk6_rg2_pl1_alternating__0bb7a914069d.data,386209,ffd37d10b89aa626a2e4debc7412078150b2048d74e190cb2e8841dbc579d6ef,1091,1.1157741397482823e-14,-0.416478,0.447385
687,300,300K_orthogonal800,star_orth800_uid001100_sk11_rg1_pl1_alternating__a5aea3779379,star,11,300K_orthogonal800/row_0687__star_orth800_uid001100_sk11_rg1_pl1_alternating__a5aea3779379.data,329965,63572106f1218b9d0b280625a20256f83b59b230781cc52c96b91faabe07c023,964,6.078471059822732e-15,-0.444835,0.504135
688,300,300K_prod400,comb_uid000367_idx102_rg2_pl1_junction_enriched__4a5dfb44c19f,comb,102,300K_prod400/row_0688__comb_uid000367_idx102_rg2_pl1_junction_enriched__4a5dfb44c19f.data,338785,d6adc9340e37d191b4efb72d5bab275a53627f348ea95d2c016a5711226d9258,967,-5.700000008934669e-07,-0.50974687,0.21635013
689,300,300K_prod400,linear_uid000118_idx20_rg0_pl0_block__842a2a2c0763,linear,20,300K_prod400/row_0689__linear_uid000118_idx20_rg0_pl0_block__842a2a2c0763.data,327212,46e37740a1b47ecae5691c188ca284fccfb6492dabeb703d4fa1262543688282,966,8.199999981250983e-07,-1.11894688,0.57750081
690,300,300K_prod400,linear_uid000077_idx4_rg2_pl0_block__0a8ad349abd8,linear,4,300K_prod400/row_0690__linear_uid000077_idx4_rg2_pl0_block__0a8ad349abd8.data,346281,61acc92bfd045af73d49b350a737248eff668b06b932f498b47a1141ec49f5c3,1046,2.26999999292099e-06,-0.50602375,0.39786325
691,300,300K_orthogonal800,linear_orth800_uid000206_sk0_rg1_pl1_alternating__ff9003b86724,linear,0,300K_orthogonal800/row_0691__linear_orth800_uid000206_sk0_rg1_pl1_alternating__ff9003b86724.data,387587,fc4929f0928bdcb92f83c551ecf01380751dfddf6eebf076cdcadcf0418f2009,1092,5.551115123125783e-16,-2.013507,3.258506
692,300,300K_prod400,star_uid000195_idx56_rg0_pl1_junction_enriched__533ff443885e,star,56,300K_prod400/row_0692__star_uid000195_idx56_rg0_pl1_junction_enriched__533ff443885e.data,343978,bcd2228f12ae6d4c68b8c9d3ff062691159f0d24a41dcb70069c25dc440c562d,989,-1.6900000002761928e-06,-0.35890921,0.16829108
693,300,300K_prod400,linear_uid000023_idx7_rg0_pl1_random__c5829bc7bae0,linear,7,300K_prod400/row_0693__linear_uid000023_idx7_rg0_pl1_random__c5829bc7bae0.data,318359,d07ae88cc94a0473328d5044ff5fc514b7611182aab8c62352d93cf7b72b2dce,950,3.1799999909987164e-06,-0.35688187,0.17262267
694,300,300K_orthogonal800,cyclic_orth800_uid000552_sk6_rg0_pl1_alternating__8948e995cad1,cyclic,6,300K_orthogonal800/row_0694__cyclic_orth800_uid000552_sk6_rg0_pl1_alternating__8948e995cad1.data,327832,bf8315169ab4380cd5aae2febacbedd91635293e6fe89123ba35b93f1b953769,969,-5.828670879282072e-16,-0.316312,0.177978
695,300,300K_orthogonal800,cyclic_orth800_uid000687_sk5_rg1_pl0_random__c18250dc8642,cyclic,5,300K_orthogonal800/row_0695__cyclic_orth800_uid000687_sk5_rg1_pl0_random__c18250dc8642.data,317758,aa2cc9c55e96b14cd864a7d7dedb9715e467ba995dc48c43961fb6ade5be7887,900,1.7208456881689926e-15,-1.145783,0.618707
696,300,300K_orthogonal800,star_orth800_uid001017_sk8_rg0_pl1_alternating__f70ab112d8d1,star,8,300K_orthogonal800/row_0696__star_orth800_uid001017_sk8_rg0_pl1_alternating__f70ab112d8d1.data,367392,d50f6cc0a8bd4d62c6fb81c57d6cd345ef12e6250a3ced4144b4843077b3754f,1004,0.0,-1.147591,0.610105
697,300,300K_prod400,cyclic_uid000026_idx35_rg0_pl1_alternating__f54b828bed41,cyclic,35,300K_prod400/row_0697__cyclic_uid000026_idx35_rg0_pl1_alternating__f54b828bed41.data,345860,3f09f8b039a20bbe9d68cac756763a70113808f1759d26228c43283e50438ff0,1032,3.4399999886691734e-06,-0.35497233,0.17262267
698,300,300K_orthogonal800,linear_orth800_uid000001_sk1_rg0_pl0_block__d6a3c41567f1,linear,1,300K_orthogonal800/row_0698__linear_orth800_uid000001_sk1_rg0_pl0_block__d6a3c41567f1.data,370822,4d9f7d453291c754b8e7a3275d41c6dedf665d7f58b3de34d60c4c1fd01c952e,1078,-3.885780586188048e-16,-0.445702,0.503176
699,300,300K_prod400,star_uid000187_idx53_rg0_pl0_junction_enriched__b4b416f9d436,star,53,300K_prod400/row_0699__star_uid000187_idx53_rg0_pl0_junction_enriched__b4b416f9d436.data,343803,48df63c2d425dc3d2fa5d82051d85f3379a28dac4a568c3c1fb9b71f0fe8eab2,1023,2.3599999910972613e-06,-0.52237532,0.21504768
700,300,300K_prod400,cyclic_uid000000_idx34_rg0_pl0_random__9162b23f0363,cyclic,34,300K_prod400/row_0700__cyclic_uid000000_idx34_rg0_pl0_random__9162b23f0363.data,320154,eaab6b2f1b43b1d490f51b912ca4ee2f81a76ef73fab231e3884022ffb97166a,937,-7.199999922380407e-07,-0.505531,0.216568
701,300,300K_orthogonal800,cyclic_orth800_uid000765_sk5_rg2_pl1_random__d80845f71d5f,cyclic,5,300K_orthogonal800/row_0701__cyclic_orth800_uid000765_sk5_rg2_pl1_random__d80845f71d5f.data,323481,45baecf397d3b7137cef36240c7b43dca961192ea6bfa324da597800ece4f282,900,1.8596235662471372e-15,-0.421705,0.452273
702,300,300K_orthogonal800,star_orth800_uid001059_sk12_rg1_pl0_alternating__c45d8a25d125,star,12,300K_orthogonal800/row_0702__star_orth800_uid001059_sk12_rg1_pl0_alternating__c45d8a25d125.data,354309,3d215c104001bf2292dc199e779931d72c59fcc1edc5d17974d29c27f900d3fd,1048,-7.216449660063518e-16,-1.137342,0.616336
703,300,300K_prod400,branch_uid000197_idx76_rg2_pl2_random__47ef338fd011,branch,76,300K_prod400/row_0703__branch_uid000197_idx76_rg2_pl2_random__47ef338fd011.data,317921,d057ab8d80b80f9ad6d22d7a06885f96c04b36fdebb186debdeb03e075cff825,949,5.999999991845861e-07,-0.52529847,0.70630627
704,300,300K_orthogonal800,star_orth800_uid000802_sk12_rg0_pl0_block__598d3b1965ac,star,12,300K_orthogonal800/row_0704__star_orth800_uid000802_sk12_rg0_pl0_block__598d3b1965ac.data,360747,f828e8a335c2d3350bf33a08e0a0f020b59c07c7bb71012cda8fbd122349b3e8,1022,0.0,-0.239176,0.18541
705,300,300K_orthogonal800,star_orth800_uid001257_sk14_rg1_pl2_random__4343406f38d7,star,14,300K_orthogonal800/row_0705__star_orth800_uid001257_sk14_rg1_pl2_random__4343406f38d7.data,327805,f9af8c8619da4d05381deee36cd53d1dc80d726a3912f3133fdc64a16e146e6b,964,1.1657341758564144e-15,-0.480822,0.17965
706,300,300K_prod400,cyclic_uid000079_idx26_rg2_pl2_alternating__6f7959893a0f,cyclic,26,300K_prod400/row_0706__cyclic_uid000079_idx26_rg2_pl2_alternating__6f7959893a0f.data,351880,dc8a0f84df64aa47a154ce20454a11a6d84df9161ce9de1619dab018c6f09725,1040,1.8200000001522554e-06,-1.12644237,0.57414363
707,300,300K_orthogonal800,star_orth800_uid001001_sk12_rg2_pl2_block__1970da3336d0,star,12,300K_orthogonal800/row_0707__star_orth800_uid001001_sk12_rg2_pl2_block__1970da3336d0.data,358743,952803445f1ff8dd33fff1bf78fdeed9a791010a83c6f541b9890903915e2933,1019,-1.3877787807814457e-16,-0.51219,0.186158
708,300,300K_orthogonal800,cyclic_orth800_uid000504_sk7_rg1_pl2_block__eee27199ac55,cyclic,7,300K_orthogonal800/row_0708__cyclic_orth800_uid000504_sk7_rg1_pl2_block__eee27199ac55.data,333932,7cfdc1f48e19964848346ecbe583a4eec54e0891b01ead87a3f3ed9330823565,980,-6.994405055138486e-15,-0.476411,0.174428
709,300,300K_prod400,comb_uid000462_idx100_rg2_pl0_junction_enriched__da66828a916e,comb,100,300K_prod400/row_0709__comb_uid000462_idx100_rg2_pl0_junction_enriched__da66828a916e.data,337931,314291c8f0096add96e1d5940cb30c6383f14a5403a2d5b6a45519869abe18b0,1009,9.199999949360826e-07,-0.43327213,0.17262267
710,300,300K_orthogonal800,linear_orth800_uid000341_sk3_rg1_pl1_random__41f47fbdbefb,linear,3,300K_orthogonal800/row_0710__linear_orth800_uid000341_sk3_rg1_pl1_random__41f47fbdbefb.data,370921,d8d901505945229b2e7eea3c04d5af2e5559c06ca34d6f666ec38e2a23a2278a,1037,-8.326672684688674e-17,-0.422871,0.447947
711,300,300K_orthogonal800,star_orth800_uid001271_sk12_rg1_pl2_random__612e2c78d33e,star,12,300K_orthogonal800/row_0711__star_orth800_uid001271_sk12_rg1_pl2_random__612e2c78d33e.data,361149,b7fa0849d817eca0c20568fa36e487b39573dc534bbc9a4a3fe039741160aa2a,1066,-3.608224830031759e-16,-1.145838,0.618385
712,300,300K_orthogonal800,linear_orth800_uid000138_sk1_rg2_pl1_block__cad58313ffb7,linear,1,300K_orthogonal800/row_0712__linear_orth800_uid000138_sk1_rg2_pl1_block__cad58313ffb7.data,343812,dade3a642fef78caaef048f453d8c0213de0c0daee426fe51c333beaee5ed765,1010,-2.4980018054066022e-15,-0.448078,0.502129
713,300,300K_orthogonal800,linear_orth800_uid000307_sk2_rg1_pl0_random__bc992ca809be,linear,2,300K_orthogonal800/row_0713__linear_orth800_uid000307_sk2_rg1_pl0_random__bc992ca809be.data,338146,e759fd98b280f5ba295451055783c218d753294b9a0b64bb5195b7602afd2d99,1014,-1.970645868709653e-15,-0.37797,0.159487
714,300,300K_orthogonal800,cyclic_orth800_uid000726_sk4_rg1_pl1_random__ac8a6268ce13,cyclic,4,300K_orthogonal800/row_0714__cyclic_orth800_uid000726_sk4_rg1_pl1_random__ac8a6268ce13.data,330076,b0d201fd7388e7e9d85405fb36a1b42052e43494be3cd889aa603feac2c7431d,903,-2.220446049250313e-16,-0.476753,0.450884
715,300,300K_orthogonal800,linear_orth800_uid000152_sk2_rg2_pl1_block__60a2167005bd,linear,2,300K_orthogonal800/row_0715__linear_orth800_uid000152_sk2_rg2_pl1_block__60a2167005bd.data,326407,835c12e6daba7d6cf6e5c05ceb124a0ffb587c965a300681078b4bc7cb3fe8df,925,-4.718447854656915e-16,-0.574285,1.283962
716,300,300K_orthogonal800,cyclic_orth800_uid000563_sk5_rg1_pl0_alternating__2e5e8efa211e,cyclic,5,300K_orthogonal800/row_0716__cyclic_orth800_uid000563_sk5_rg1_pl0_alternating__2e5e8efa211e.data,369666,93061049f426028d42fa245eff9700f4c9d2d415bbd543e73cda3f7297db7aed,1060,-7.382983113757291e-15,-0.408079,0.440073
717,300,300K_prod400,linear_uid000058_idx7_rg1_pl1_random__da1dd7b9eb22,linear,7,300K_prod400/row_0717__linear_uid000058_idx7_rg1_pl1_random__da1dd7b9eb22.data,324965,16d8bba8fab1103d8756c183187e8c1432d9815f6c333e5e6d6a410a5b2a972c,964,2.6799999901239158e-06,-0.35497233,0.17262267
718,300,300K_orthogonal800,star_orth800_uid001191_sk14_rg0_pl1_random__0b8bddc48f9d,star,14,300K_orthogonal800/row_0718__star_orth800_uid001191_sk14_rg0_pl1_random__0b8bddc48f9d.data,314228,dcfa2e349116b8aaf115ce2a325e43c2481f3c91f214a2bba87428021be6351c,928,-9.992007221626409e-16,-0.577253,1.291471
719,300,300K_orthogonal800,linear_orth800_uid000075_sk0_rg1_pl0_block__ddd01241eab2,linear,0,300K_orthogonal800/row_0719__linear_orth800_uid000075_sk0_rg1_pl0_block__ddd01241eab2.data,371384,f20d63460b30df2efd4ed5fd3424a54b59f158f0ba6826c9189794ce97362628,1022,-7.216449660063518e-16,-0.391517,0.16858
720,300,300K_orthogonal800,cyclic_orth800_uid000688_sk5_rg1_pl0_random__cd42ed40db39,cyclic,5,300K_orthogonal800/row_0720__cyclic_orth800_uid000688_sk5_rg1_pl0_random__cd42ed40db39.data,369661,0f61fe54744218c368d3dcf071a76478c3c28b8708dc67f0a17f1f188b320403,1060,-4.3298697960381105e-15,-0.428397,0.460512
721,300,300K_prod400,star_uid000162_idx58_rg0_pl0_random__5ddec9108e56,star,58,300K_prod400/row_0721__star_uid000162_idx58_rg0_pl0_random__5ddec9108e56.data,317558,7f74999ba7db8a0ead0776f491a76f6e9ab59dbb7860c7229f906d9ad8e83734,939,2.3999999935186977e-06,-0.52237532,0.21504768
722,300,300K_orthogonal800,star_orth800_uid000874_sk12_rg1_pl0_block__b4c125c37b4f,star,12,300K_orthogonal800/row_0722__star_orth800_uid000874_sk12_rg1_pl0_block__b4c125c37b4f.data,331865,effa989ec5ef19e4be378b9f9e6ee0e37c1cd147260eb067f92333f8a691e0c4,951,-4.440892098500626e-16,-1.14728,0.617482
723,300,300K_orthogonal800,cyclic_orth800_uid000574_sk7_rg1_pl0_alternating__42eda805d1dc,cyclic,7,300K_orthogonal800/row_0723__cyclic_orth800_uid000574_sk7_rg1_pl0_alternating__42eda805d1dc.data,320783,ddd79bfc3b9fb28b413ad7f2a555b4f3907724a99d91a60718abc998e71309be,945,-3.608224830031759e-16,-0.575173,1.286989
724,300,300K_orthogonal800,cyclic_orth800_uid000642_sk7_rg2_pl1_alternating__1dec8485f96d,cyclic,7,300K_orthogonal800/row_0724__cyclic_orth800_uid000642_sk7_rg2_pl1_alternating__1dec8485f96d.data,333400,cbfe20452e0fe7029083ca7cd89bf8fa66b66c7cc1ca08c29d420fbaca05b545,980,0.0,-0.562921,1.292992
725,300,300K_orthogonal800,linear_orth800_uid000113_sk3_rg1_pl2_block__12deba105333,linear,3,300K_orthogonal800/row_0725__linear_orth800_uid000113_sk3_rg1_pl2_block__12deba105333.data,330465,c700683f006ff39d2af05a62c37cbd5f7d4c77b25e82b7a62626601fce8cd00d,974,-6.189493362285248e-15,-0.573987,1.28878
726,300,300K_orthogonal800,linear_orth800_uid000314_sk2_rg1_pl0_random__1eaa08ce347e,linear,2,300K_orthogonal800/row_0726__linear_orth800_uid000314_sk2_rg1_pl0_random__1eaa08ce347e.data,365307,6560bee09d29d431e4bdf2d06938e3cad98e520b226714f3c48b939bbbbce9e4,1066,-3.552713678800501e-15,-0.475855,0.174428
727,300,300K_orthogonal800,linear_orth800_uid000004_sk3_rg0_pl0_block__217f44b9dfbf,linear,3,300K_orthogonal800/row_0727__linear_orth800_uid000004_sk3_rg0_pl0_block__217f44b9dfbf.data,369479,51a8e1688e4e6af3c4adfe7de82cf244dedf82639ed080487d39ada5a730aa03,1048,-4.163336342344337e-16,-0.573987,1.28981
728,300,300K_prod400,linear_uid000076_idx6_rg1_pl2_block__126145a3bc44,linear,6,300K_prod400/row_0728__linear_uid000076_idx6_rg1_pl2_block__126145a3bc44.data,355883,35488e584323e0834ecc9b4b42d1b753ea6dcf6172076dd5933b0cd1e7643559,1028,2.6199999875187174e-06,-0.35497233,0.172839
729,300,300K_prod400,star_uid000075_idx67_rg0_pl0_random__5dd4dd0879d5,star,67,300K_prod400/row_0729__star_uid000075_idx67_rg0_pl0_random__5dd4dd0879d5.data,332257,a39f52161ee009bd8d190f3d97c4a4e6ba0e8375f05bece06410d2658c43c9fe,981,1.7399999913403352e-06,-0.36161746,0.17262267
730,300,300K_orthogonal800,star_orth800_uid000828_sk12_rg0_pl1_block__fc9910c85285,star,12,300K_orthogonal800/row_0730__star_orth800_uid000828_sk12_rg0_pl1_block__fc9910c85285.data,370148,c3efc068c5c09fb3b677b70009e5c34b9945a46f289dd9b6e33d10ece5c25d49,1075,-7.605027718682322e-15,-0.447761,0.463981
731,300,300K_orthogonal800,star_orth800_uid001198_sk9_rg0_pl1_random__e146ec0add8b,star,9,300K_orthogonal800/row_0731__star_orth800_uid001198_sk9_rg0_pl1_random__e146ec0add8b.data,347347,9234a3bad4051a80e3ce9b84a207df46e48f3ca61bf320038da45cf5d51a1639,957,1.4155343563970746e-15,-0.391064,0.174426
732,300,300K_prod400,branch_uid000128_idx91_rg2_pl1_random__3188e478f097,branch,91,300K_prod400/row_0732__branch_uid000128_idx91_rg2_pl1_random__3188e478f097.data,333870,500e6671436783cdc9cfac068c61251f0d25675d0e0ab2c06719a9a71aefd68d,930,-1.1799999997674782e-06,-1.13848819,0.74073238
733,300,300K_prod400,star_uid000115_idx64_rg0_pl0_junction_enriched__ce7278cbc8f1,star,64,300K_prod400/row_0733__star_uid000115_idx64_rg0_pl0_junction_enriched__ce7278cbc8f1.data,346296,6d331ce8a812aaf0dc5b69193808de0e761053581f381627a019fbf055a5cd3a,1022,2.879999991961535e-06,-0.40921553,0.19168347
734,300,300K_prod400,linear_uid000056_idx5_rg1_pl0_random__0e80f5c25578,linear,5,300K_prod400/row_0734__linear_uid000056_idx5_rg1_pl0_random__0e80f5c25578.data,334232,8e00df85950f940d1ac34fa5874c742502248e59a7d9cf05f5b6e970b878b985,1008,-2.5399999841746457e-06,-0.39508273,0.16910646
735,300,300K_orthogonal800,linear_orth800_uid000044_sk3_rg0_pl2_block__e606a0a93305,linear,3,300K_orthogonal800/row_0735__linear_orth800_uid000044_sk3_rg0_pl2_block__e606a0a93305.data,365750,edc3b18729e8a1787bef14fd2577f1c5ae2a522622884eb6c0c470b9d5cd38e7,1042,2.7755575615628914e-17,-0.573987,1.286923
736,300,300K_orthogonal800,cyclic_orth800_uid000759_sk6_rg1_pl2_random__405b3e9e1cfe,cyclic,6,300K_orthogonal800/row_0736__cyclic_orth800_uid000759_sk6_rg1_pl2_random__405b3e9e1cfe.data,335379,86d1a950b1abc937c1a2e379c21ff48ca24ea6054b93a2cf734fc6eb2f5b241b,964,-3.3584246494910985e-15,-1.14728,0.612517
737,300,300K_orthogonal800,linear_orth800_uid000222_sk2_rg1_pl1_alternating__2b8b8ec03c32,linear,2,300K_orthogonal800/row_0737__linear_orth800_uid000222_sk2_rg1_pl1_alternating__2b8b8ec03c32.data,359389,41fcbc404095732c4f4b98edda89ac244ffaed8abb883d76c8f8a945e0774451,1051,1.1268763699945339e-14,-0.575858,1.294647
738,300,300K_orthogonal800,linear_orth800_uid000159_sk2_rg0_pl1_alternating__248e41996261,linear,2,300K_orthogonal800/row_0738__linear_orth800_uid000159_sk2_rg0_pl1_alternating__248e41996261.data,362036,7b9881aed31a2d0c37be2d1b0b756d99b23ebe61308225a7a68597c6329aceed,1060,-5.88418203051333e-15,-0.472289,0.173151
739,300,300K_prod400,cyclic_uid000025_idx26_rg0_pl1_random__1990dbe53282,cyclic,26,300K_prod400/row_0739__cyclic_uid000025_idx26_rg0_pl1_random__1990dbe53282.data,310356,4a1adc93ee81c49642b10dfadbdf6c74fac175b2e0dafa969676ceb219aa072e,936,-2.0800000076204306e-06,-0.530867,0.415301
740,300,300K_prod400,linear_uid000085_idx4_rg2_pl0_block__6ec3c43c9ebf,linear,4,300K_prod400/row_0740__linear_uid000085_idx4_rg2_pl0_block__6ec3c43c9ebf.data,322753,e3b32efcf625155fdfd72a67c9264f8b1c51a19330833e94ccf5108b8129477e,905,2.229999997604981e-06,-0.51516707,0.71246147
741,300,300K_orthogonal800,cyclic_orth800_uid000476_sk4_rg1_pl1_block__91ca96f006b4,cyclic,4,300K_orthogonal800/row_0741__cyclic_orth800_uid000476_sk4_rg1_pl1_block__91ca96f006b4.data,403711,c6c5751966c1dcf54f287d06be567a223c2314a7abdd569d3e612200c97314c9,1095,1.3322676295501878e-15,-0.581266,1.282037
742,300,300K_prod400,linear_uid000009_idx4_rg0_pl0_alternating__dbc51422d531,linear,4,300K_prod400/row_0742__linear_uid000009_idx4_rg0_pl0_alternating__dbc51422d531.data,333965,4d197cb118c2ad752f61ac3fd6044e902f176e6f27b2c6bbe5241c5facd533f9,934,2.199999986685075e-06,-0.39710936,0.15277356
743,300,300K_orthogonal800,linear_orth800_uid000027_sk1_rg0_pl1_block__643ac32d86e6,linear,1,300K_orthogonal800/row_0743__linear_orth800_uid000027_sk1_rg0_pl1_block__643ac32d86e6.data,357444,2f94b1803f36d5d8638dfdcd7a506b3c811439404362212661342cd6b3b3ea6a,1029,-4.052314039881821e-15,-0.428397,0.460512
744,300,300K_orthogonal800,cyclic_orth800_uid000658_sk6_rg2_pl1_alternating__2404ff7dcfd6,cyclic,6,300K_orthogonal800/row_0744__cyclic_orth800_uid000658_sk6_rg2_pl1_alternating__2404ff7dcfd6.data,370818,0519b26182ea81cfd14caa630ce85e5d38c5c40d2f053ee6d810afa251458993,1096,3.608224830031759e-16,-1.145838,0.618385
745,300,300K_orthogonal800,star_orth800_uid001132_sk11_rg2_pl0_alternating__e8f5c45ff191,star,11,300K_orthogonal800/row_0745__star_orth800_uid001132_sk11_rg2_pl0_alternating__e8f5c45ff191.data,308549,ba1e8f558ee2ca41962010b7731eb3a4a69b87b9fb8ef4b0cd1e3223b882cf79,915,-7.327471962526033e-15,-0.374988,0.171346
746,300,300K_orthogonal800,star_orth800_uid001082_sk12_rg1_pl1_alternating__6e37c032f8a9,star,12,300K_orthogonal800/row_0746__star_orth800_uid001082_sk12_rg1_pl1_alternating__6e37c032f8a9.data,337019,64be9613e605b1e7b5a826faba9bcef54a85f2cb2f01c0bb43011ac08ff82f52,948,1.942890293094024e-16,-0.416205,0.445655
747,300,300K_orthogonal800,linear_orth800_uid000193_sk3_rg1_pl0_alternating__a1e3d5c6a135,linear,3,300K_orthogonal800/row_0747__linear_orth800_uid000193_sk3_rg1_pl0_alternating__a1e3d5c6a135.data,321845,aaadd6f7b63bab3ddbfd52357ef982e01cdfb235d2437ed866e85f50da348bc0,946,-5.551115123125783e-16,-0.57438,1.289849
748,300,300K_prod400,star_uid000112_idx67_rg2_pl0_random__c12f3262d264,star,67,300K_prod400/row_0748__star_uid000112_idx67_rg2_pl0_random__c12f3262d264.data,325527,e78fcf34fe345fa0bba52a65f266bb3fa754aea87fe8b74440043be08b566cfb,961,3.149999993123931e-06,-0.50354181,0.71549819
749,300,300K_orthogonal800,cyclic_orth800_uid000482_sk7_rg1_pl1_block__edcd73f8f45d,cyclic,7,300K_orthogonal800/row_0749__cyclic_orth800_uid000482_sk7_rg1_pl1_block__edcd73f8f45d.data,344935,ea19341e5af8179f5add38d40a70674b9c4d40288960d89b5817862b7d50b6fe,1006,-4.08006961549745e-15,-0.453819,0.451709
750,300,300K_orthogonal800,branch_orth800_uid001706_sk19_rg2_pl1_random__d3e645738712,branch,19,300K_orthogonal800/row_0750__branch_orth800_uid001706_sk19_rg2_pl1_random__d3e645738712.data,341700,91977a8770ee4f9a11e8e093e29239a4e1a7e4a6ee269e574b36301c04e5c378,946,-1.6930901125533637e-15,-0.559258,1.282598
751,300,300K_prod400,star_uid000131_idx64_rg1_pl0_junction_enriched__1876a18f367d,star,64,300K_prod400/row_0751__star_uid000131_idx64_rg1_pl0_junction_enriched__1876a18f367d.data,344866,d219bf07c707413bcebd0b6b414509db25d26bbce32646a089b2492bff2e3909,1021,3.2099999906776144e-06,-0.37039619,0.17262267
752,300,300K_orthogonal800,cyclic_orth800_uid000624_sk6_rg1_pl2_alternating__4652fba41a17,cyclic,6,300K_orthogonal800/row_0752__cyclic_orth800_uid000624_sk6_rg1_pl2_alternating__4652fba41a17.data,339836,20934add173df6a91a3000b9988d809c7a023bc7c70791f7d4b4c4a9257eb1fe,951,5.551115123125783e-17,-0.413992,0.441837
753,300,300K_orthogonal800,star_orth800_uid001122_sk14_rg1_pl2_alternating__8cb25a7f7458,star,14,300K_orthogonal800/row_0753__star_orth800_uid001122_sk14_rg1_pl2_alternating__8cb25a7f7458.data,352638,6b563b2afa1e6ac87d627a86ed16fad96f751b30a9a8af4bf0ab270b8792fc8e,1040,0.0,-0.484162,0.309847
754,300,300K_prod400,star_uid000209_idx53_rg1_pl0_random__29b355fbe70e,star,53,300K_prod400/row_0754__star_uid000209_idx53_rg1_pl0_random__29b355fbe70e.data,341064,28c725523e543c233ceb69d85f9515f65a3a77d20ece3420f2bc7aa3e18f24bf,1017,2.0199999904157995e-06,-0.39508273,0.17262267
755,300,300K_prod400,cyclic_uid000030_idx44_rg1_pl0_alternating__84c46bfdc6d6,cyclic,44,300K_prod400/row_0755__cyclic_uid000030_idx44_rg1_pl0_alternating__84c46bfdc6d6.data,341870,d62066ed0b76be3e6b6e2c016e8e20696b04283972ad88ed07aa7325cd7c9f50,1032,-2.08000000806452e-06,-0.530867,0.415301
756,300,300K_orthogonal800,cyclic_orth800_uid000470_sk7_rg1_pl1_block__82aa8cd3aaa0,cyclic,7,300K_orthogonal800/row_0756__cyclic_orth800_uid000470_sk7_rg1_pl1_block__82aa8cd3aaa0.data,360902,33e0f40c96800466731de5cfa1e83035b60b0389778bd463f1572394e2520b87,1039,-5.190292640122607e-15,-0.428622,0.454412
757,300,300K_orthogonal800,star_orth800_uid000923_sk10_rg1_pl2_block__64afb895e54c,star,10,300K_orthogonal800/row_0757__star_orth800_uid000923_sk10_rg1_pl2_block__64afb895e54c.data,335032,f83735788b75343facd9917d0d86e6de69e0749ffcabf3365d9d1fdf8d53a61d,985,-5.412337245047638e-15,-0.453169,0.503353
758,300,300K_prod400,cyclic_uid000036_idx35_rg1_pl0_alternating__f54b828bed41,cyclic,35,300K_prod400/row_0758__cyclic_uid000036_idx35_rg1_pl0_alternating__f54b828bed41.data,345860,b8f043fc7318b9524d7f2f700386ed3e34ca8d3819abf1fe9eb21cda082556d8,1032,3.4399999886691734e-06,-0.35497233,0.17262267
759,300,300K_orthogonal800,star_orth800_uid000870_sk13_rg1_pl0_block__80b1bf93cc86,star,13,300K_orthogonal800/row_0759__star_orth800_uid000870_sk13_rg1_pl0_block__80b1bf93cc86.data,363214,06ccadee777cd8503aaeba050d7432a9ab33f1c04117ca309e91b21d54342ba8,1069,-4.884981308350689e-15,-1.147663,0.618865
760,300,300K_orthogonal800,linear_orth800_uid000386_sk0_rg2_pl1_random__bde225921e9e,linear,0,300K_orthogonal800/row_0760__linear_orth800_uid000386_sk0_rg2_pl1_random__bde225921e9e.data,404099,f3e72e933a8e7349e400b2661caa191fd0a0f41bc35d3bc2716b2715686116bf,1100,1.4155343563970746e-15,-0.3879,0.186151
761,300,300K_orthogonal800,star_orth800_uid001169_sk10_rg2_pl1_alternating__f1df0eb0db9e,star,10,300K_orthogonal800/row_0761__star_orth800_uid001169_sk10_rg2_pl1_alternating__f1df0eb0db9e.data,306232,10888ddcffe586c7f79c645a3cc034b31362431edd96c9bd7300d76d91d8dfb2,906,-8.326672684688674e-15,-2.121001,3.185767
762,300,300K_orthogonal800,star_orth800_uid001246_sk14_rg1_pl1_random__417fa858fd31,star,14,300K_orthogonal800/row_0762__star_orth800_uid001246_sk14_rg1_pl1_random__417fa858fd31.data,325835,f06fbfd23d603498eb8ad25009a65d8e086ca6e3e2a0e6686e2540e867499d4e,943,2.6367796834847468e-15,-0.472248,0.311917
763,300,300K_orthogonal800,cyclic_orth800_uid000554_sk7_rg0_pl1_alternating__79060aec15fb,cyclic,7,300K_orthogonal800/row_0763__cyclic_orth800_uid000554_sk7_rg0_pl1_alternating__79060aec15fb.data,333327,d45504442631d5ac350576ebd83b7ba34d530863b37b2d3467dae7b1501060eb,980,7.854827899222983e-15,-0.57077,1.291736
764,300,300K_orthogonal800,cyclic_orth800_uid000475_sk4_rg1_pl1_block__472d1c976d83,cyclic,4,300K_orthogonal800/row_0764__cyclic_orth800_uid000475_sk4_rg1_pl1_block__472d1c976d83.data,382831,8e9a34b068c071b0907478826ccbd865fae9d736cd1168d6c41e2fbb104df125,1050,2.7755575615628914e-16,-0.45799,0.451709
765,300,300K_orthogonal800,cyclic_orth800_uid000609_sk7_rg1_pl1_alternating__6108f80632cd,cyclic,7,300K_orthogonal800/row_0765__cyclic_orth800_uid000609_sk7_rg1_pl1_alternating__6108f80632cd.data,321103,5ff0f8eb5c130d42b6036ba22d4a9411b9eb7c035ef8296472f8372b203951ff,945,-2.7755575615628914e-17,-0.484235,0.445495
766,300,300K_orthogonal800,cyclic_orth800_uid000774_sk5_rg2_pl1_random__bed5c34e14ba,cyclic,5,300K_orthogonal800/row_0766__cyclic_orth800_uid000774_sk5_rg2_pl1_random__bed5c34e14ba.data,316391,c2d02f97d1d50672e997a9bf07dad981f3454bbc5d2c3423590e1893a746b38f,940,3.552713678800501e-15,-3.143244,4.124479
767,300,300K_orthogonal800,linear_orth800_uid000057_sk1_rg1_pl0_block__438751b7a773,linear,1,300K_orthogonal800/row_0767__linear_orth800_uid000057_sk1_rg1_pl0_block__438751b7a773.data,336091,2ead3fcb490870b71f6ec4f9160be989baa805ad72807f211f67983184a13ba8,940,-7.771561172376096e-16,-0.422511,0.443826
768,300,300K_orthogonal800,branch_orth800_uid001702_sk19_rg2_pl1_random__2d87301ce516,branch,19,300K_orthogonal800/row_0768__branch_orth800_uid001702_sk19_rg2_pl1_random__2d87301ce516.data,333130,e460f0aa6026ff3da52fd3868ac72ae5fa217efdb63c59c59a8e7944889894a8,909,-4.440892098500626e-16,-0.552943,1.290169
769,300,300K_orthogonal800,star_orth800_uid001153_sk12_rg2_pl1_alternating__4e8a0701d95d,star,12,300K_orthogonal800/row_0769__star_orth800_uid001153_sk12_rg2_pl1_alternating__4e8a0701d95d.data,330379,39b874a832e1a322c7b75eb8fe24151d98d77aec7feb661598bb0a1b847fe391,932,-2.886579864025407e-15,-0.50852,0.191275
770,300,300K_orthogonal800,star_orth800_uid000882_sk13_rg1_pl0_block__fd57c95facb0,star,13,300K_orthogonal800/row_0770__star_orth800_uid000882_sk13_rg1_pl0_block__fd57c95facb0.data,312589,65f6f8fcf8b19654155ceeba89ee110250508942b1232245668c5bd8bfe98257,941,-3.969047313034935e-15,-0.454263,0.452346
771,300,300K_prod400,cyclic_uid000067_idx29_rg2_pl2_gradient__41fd3aa4b2b4,cyclic,29,300K_prod400/row_0771__cyclic_uid000067_idx29_rg2_pl2_gradient__41fd3aa4b2b4.data,337699,48698949f9e25cbb8ac466b0632e507cb9b7b6c6c42acb8bd9af297483c54cac,944,2.3599999857959464e-06,-0.14687931,0.15241569
772,300,300K_orthogonal800,cyclic_orth800_uid000616_sk7_rg1_pl2_alternating__cbadf1b10377,cyclic,7,300K_orthogonal800/row_0772__cyclic_orth800_uid000616_sk7_rg1_pl2_alternating__cbadf1b10377.data,333782,aa405b398cfccc9310178de1e7a3999a0dcb5cdb3f6322ce1afcc74f5a9a9241,980,-3.524958103184872e-15,-0.479523,0.166447
773,300,300K_prod400,branch_uid000156_idx76_rg1_pl0_junction_enriched__aeb9f269dde3,branch,76,300K_prod400/row_0773__branch_uid000156_idx76_rg1_pl0_junction_enriched__aeb9f269dde3.data,318510,478e3dca66d36e4dca38212245423013651a31c31b5dccf2203b591309fa61a1,900,4.199999992793302e-07,-1.12257194,0.75742805
774,300,300K_prod400,linear_uid000054_idx7_rg1_pl1_random__ceb50429fecb,linear,7,300K_prod400/row_0774__linear_uid000054_idx7_rg1_pl1_random__ceb50429fecb.data,321140,ccfd61f1bac2d7ae4ffd807e589313cd65e0131722f3f7ec58114e0b61f7ccd0,958,2.7399999901478456e-06,-0.39508273,0.17262267
775,300,300K_prod400,star_uid000121_idx67_rg2_pl1_junction_enriched__f944a64e43b3,star,67,300K_prod400/row_0775__star_uid000121_idx67_rg2_pl1_junction_enriched__f944a64e43b3.data,328677,8a226629f8538b72006f6e9684ced86bd7102c819de7b83fb9af22f712634f5a,976,1.6399999926419717e-06,-0.39508273,0.17262267
776,300,300K_prod400,star_uid000172_idx58_rg0_pl1_junction_enriched__5ddec9108e56,star,58,300K_prod400/row_0776__star_uid000172_idx58_rg0_pl1_junction_enriched__5ddec9108e56.data,317558,5a276f96f46648f2beb04d7beb19b2a28a1d98462670f2804c041f7bbb1d50e0,939,2.3999999935186977e-06,-0.52237532,0.21504768
777,300,300K_prod400,branch_uid000180_idx80_rg0_pl0_random__9040657d59cf,branch,80,300K_prod400/row_0777__branch_uid000180_idx80_rg0_pl0_random__9040657d59cf.data,343832,e59d443a5ce4449c215ebd645626b28a655f02545c264720f1089a325328b24b,965,-1.6099999992358338e-06,-0.52447422,0.42529878
778,300,300K_orthogonal800,cyclic_orth800_uid000430_sk5_rg0_pl1_block__d8cd8aad0f19,cyclic,5,300K_orthogonal800/row_0778__cyclic_orth800_uid000430_sk5_rg0_pl1_block__d8cd8aad0f19.data,369660,9f687da5e7f9618dc35f9af4f38c288e0234fb721e788c7bfdbeca25a9993446,1060,-3.7192471324942744e-15,-0.428397,0.460512
779,300,300K_orthogonal800,star_orth800_uid000993_sk14_rg2_pl2_block__b084dd08b65b,star,14,300K_orthogonal800/row_0779__star_orth800_uid000993_sk14_rg2_pl2_block__b084dd08b65b.data,365978,5e5979fd3ae365cf0b95246beab039c376bf17ea2eadbefc998a824df64c1e0c,1040,2.498001805406602e-16,-0.573987,1.286946
780,300,300K_orthogonal800,cyclic_orth800_uid000766_sk5_rg2_pl1_random__424228adaabc,cyclic,5,300K_orthogonal800/row_0780__cyclic_orth800_uid000766_sk5_rg2_pl1_random__424228adaabc.data,369661,1ac5df5932b45f12fd5b5017c610c8190acee69f3f27f97d137d0bbea27c820b,1060,-3.747002708109903e-15,-0.428397,0.460512
781,300,300K_orthogonal800,cyclic_orth800_uid000567_sk5_rg1_pl0_alternating__9a67a50b5499,cyclic,5,300K_orthogonal800/row_0781__cyclic_orth800_uid000567_sk5_rg1_pl0_alternating__9a67a50b5499.data,342284,605fda6742a6035f0a62b14e65f8300a32fea8e8a90a7786ae99a24f5cb2a2ea,960,-7.771561172376096e-16,-0.425306,0.439117
782,300,300K_prod400,branch_uid000239_idx80_rg2_pl2_random__e3814a2178ff,branch,80,300K_prod400/row_0782__branch_uid000239_idx80_rg2_pl2_random__e3814a2178ff.data,301912,590fc332bb2b943be3e5f56af2e677f5333263871ad0e8e01df886e75ff57448,913,2.0999999830739746e-07,-0.52795087,0.7487749
783,300,300K_orthogonal800,cyclic_orth800_uid000671_sk7_rg0_pl1_random__3945b52c7de2,cyclic,7,300K_orthogonal800/row_0783__cyclic_orth800_uid000671_sk7_rg0_pl1_random__3945b52c7de2.data,369691,b5bc91dd7b9bec33840dad0196366729615cd627cc38bfb36f1caadf2c3cc6c0,1085,-2.4702462297909733e-15,-0.476753,0.451709
784,300,300K_orthogonal800,star_orth800_uid001057_sk13_rg1_pl0_alternating__315e94874e12,star,13,300K_orthogonal800/row_0784__star_orth800_uid001057_sk13_rg1_pl0_alternating__315e94874e12.data,359117,0593365a24c1a9aab768a5d0cf71ec5ae437a53f4fb6aac90b4e1e0b59c26dc3,1041,1.3461454173580023e-14,-0.31321,0.158845
785,300,300K_orthogonal800,cyclic_orth800_uid000625_sk6_rg1_pl2_alternating__cf655730cc35,cyclic,6,300K_orthogonal800/row_0785__cyclic_orth800_uid000625_sk6_rg1_pl2_alternating__cf655730cc35.data,305367,5be5912bb466023a500359849b9db90448b2734f770c6e55bebb213e105b318f,934,-8.326672684688674e-17,-1.975209,3.066645
786,300,300K_orthogonal800,cyclic_orth800_uid000424_sk7_rg0_pl1_block__5144f453448c,cyclic,7,300K_orthogonal800/row_0786__cyclic_orth800_uid000424_sk7_rg0_pl1_block__5144f453448c.data,333321,6901a43e2b86b8e392ed3aaf86bf7fbc609cafabe71599739a212581c97b91bd,980,-1.6653345369377348e-16,-0.573987,1.287126
787,300,300K_prod400,branch_uid000187_idx80_rg0_pl1_junction_enriched__67210235f511,branch,80,300K_prod400/row_0787__branch_uid000187_idx80_rg0_pl1_junction_enriched__67210235f511.data,333121,88216ff5da5189b480a59acdaa551620a8ecc4fe9a42c9468590db7e93a84709,931,-1.2499999977044762e-06,-1.13249781,0.57500438
788,300,300K_prod400,linear_uid000007_idx7_rg0_pl0_gradient__ceb50429fecb,linear,7,300K_prod400/row_0788__linear_uid000007_idx7_rg0_pl0_gradient__ceb50429fecb.data,321140,3da54dec214661134b34286edabffa0f66dd38c14a12cd7bcc01a49fe35b2435,958,2.7399999901478456e-06,-0.39508273,0.17262267
789,300,300K_orthogonal800,star_orth800_uid001294_sk8_rg2_pl1_random__f62c60f280e1,star,8,300K_orthogonal800/row_0789__star_orth800_uid001294_sk8_rg2_pl1_random__f62c60f280e1.data,347905,415ccccb217b1b7b90c8b05b5e359f1cfddc0cf7539277338b92bbe79c5f0186,960,-3.885780586188048e-16,-0.480775,0.444668
790,300,300K_orthogonal800,cyclic_orth800_uid000438_sk5_rg1_pl0_block__7747cb724697,cyclic,5,300K_orthogonal800/row_0790__cyclic_orth800_uid000438_sk5_rg1_pl0_block__7747cb724697.data,323556,89e5c9ab4d726bc73be4b09a9032f7f39ee5cb85be1ab74b9d5ee21e06493df4,900,5.828670879282072e-16,-0.421705,0.452273
791,300,300K_orthogonal800,linear_orth800_uid000043_sk1_rg0_pl2_block__30150f763202,linear,1,300K_orthogonal800/row_0791__linear_orth800_uid000043_sk1_rg0_pl2_block__30150f763202.data,312015,6eb689a7172b625161d74ce2808a8e45db1c155c20c9e8905852da34d7a03c23,928,-7.355227538141662e-15,-0.394192,0.166782
792,300,300K_prod400,cyclic_uid000010_idx44_rg0_pl0_gradient__d32cb93d77c2,cyclic,44,300K_prod400/row_0792__cyclic_uid000010_idx44_rg0_pl0_gradient__d32cb93d77c2.data,326323,91f8fdc59eb5ef4a1f8cf4e82bca2b56f96f6383817fc445a7c7d1e724489a95,912,2.279999986282144e-06,-0.14687931,0.15241569
793,300,300K_orthogonal800,star_orth800_uid001227_sk12_rg1_pl0_random__a409ce1d7615,star,12,300K_orthogonal800/row_0793__star_orth800_uid001227_sk12_rg1_pl0_random__a409ce1d7615.data,323863,4ad5cced5291d2ad8f43e490efce608ca1452cada1c54ac46c3f20e64555c984,952,-4.884981308350689e-15,-0.316312,0.181637
794,300,300K_orthogonal800,cyclic_orth800_uid000496_sk6_rg1_pl2_block__40bd8d91046a,cyclic,6,300K_orthogonal800/row_0794__cyclic_orth800_uid000496_sk6_rg1_pl2_block__40bd8d91046a.data,330916,76a178d4dc3a62a4b24a186640749552b34976a32ed2ead52e0031c6ff587804,996,-6.411537967210279e-15,-0.454263,0.452346
795,300,300K_prod400,comb_uid000338_idx102_rg1_pl0_junction_enriched__0b516f7139a4,comb,102,300K_prod400/row_0795__comb_uid000338_idx102_rg1_pl0_junction_enriched__0b516f7139a4.data,366274,041b6af509fbea017e070085d0ed2e30a7b956739fb2439a6d50a19c97c1855d,1091,2.5699999902650816e-06,-0.69351688,0.41168458
796,300,300K_orthogonal800,linear_orth800_uid000372_sk2_rg1_pl2_random__1049ae9fbfce,linear,2,300K_orthogonal800/row_0796__linear_orth800_uid000372_sk2_rg1_pl2_random__1049ae9fbfce.data,319947,b87d18853834945a55f9ea15cba56b5abeb398c0ddd7e03cf7a9f5853bc0fbd1,964,8.049116928532385e-16,-0.454263,0.452346
797,300,300K_orthogonal800,cyclic_orth800_uid000670_sk6_rg0_pl1_random__e15adf4f0b97,cyclic,6,300K_orthogonal800/row_0797__cyclic_orth800_uid000670_sk6_rg0_pl1_random__e15adf4f0b97.data,343135,c2bf562ee0370b82c1e0524a041deb0f3d35f0567d176447162f958c0e088213,964,-6.938893903907228e-16,-0.239176,0.187642
798,300,300K_orthogonal800,linear_orth800_uid000116_sk0_rg1_pl2_block__52f61bf2f1aa,linear,0,300K_orthogonal800/row_0798__linear_orth800_uid000116_sk0_rg1_pl2_block__52f61bf2f1aa.data,339005,b614f10253425982af0de4029abaaee1d003001cda16d9b05a544edc8cdc3b6c,918,8.604228440844963e-16,-0.3879,0.313277
799,300,300K_prod400,branch_uid000177_idx80_rg0_pl0_junction_enriched__187a3d99ccec,branch,80,300K_prod400/row_0799__branch_uid000177_idx80_rg0_pl0_junction_enriched__187a3d99ccec.data,325114,81ff6b3b0133b043bc6f25e1ae8b0d2747d82d1004f3fd5b720e44cd9b481893,915,-9.399999975900908e-07,-0.52697633,0.42529878
800,300,300K_orthogonal800,linear_orth800_uid000208_sk3_rg1_pl1_alternating__56c8e67aadfe,linear,3,300K_orthogonal800/row_0800__linear_orth800_uid000208_sk3_rg1_pl1_alternating__56c8e67aadfe.data,364649,a69c4182a55de4d273cb8422dbad89fb9f6e4d4ba2fdef1b67375b660f2388ac,1036,5.273559366969494e-16,-0.401764,0.190194
801,300,300K_orthogonal800,cyclic_orth800_uid000677_sk6_rg0_pl1_random__1649e23db718,cyclic,6,300K_orthogonal800/row_0801__cyclic_orth800_uid000677_sk6_rg0_pl1_random__1649e23db718.data,366578,fcefae0d30dfff941d27408201d61d4f8b67a2cd9a5fed0214e3d2f507bb1b97,1068,2.8033131371785203e-15,-0.575858,1.294647
802,300,300K_orthogonal800,star_orth800_uid000794_sk14_rg0_pl0_block__1ecd17013521,star,14,300K_orthogonal800/row_0802__star_orth800_uid000794_sk14_rg0_pl0_block__1ecd17013521.data,358946,6cfbf7d38a7e5d057e73bffc9dc43b915f59ecfdcad195fe893ebe9d0190908f,1022,4.440892098500626e-16,-0.575589,1.290574
803,300,300K_orthogonal800,linear_orth800_uid000119_sk3_rg1_pl2_block__285efe0b67d7,linear,3,300K_orthogonal800/row_0803__linear_orth800_uid000119_sk3_rg1_pl2_block__285efe0b67d7.data,351775,dc2930aeb20906832467bf728f6d352347de8244c43120bb9d4599d9ce91873f,1036,-7.438494264988549e-15,-0.394611,0.313277
804,300,300K_orthogonal800,cyclic_orth800_uid000467_sk6_rg1_pl1_block__ec858ddd18f0,cyclic,6,300K_orthogonal800/row_0804__cyclic_orth800_uid000467_sk6_rg1_pl1_block__ec858ddd18f0.data,344585,ade0ae4c86f87e697bebac3eaf0cdccbf3f0ad8cdfbfd1721f5a23795d9b188a,962,1.0547118733938987e-15,-1.145544,0.618707
805,300,300K_orthogonal800,cyclic_orth800_uid000527_sk7_rg2_pl1_block__bc52ad983a28,cyclic,7,300K_orthogonal800/row_0805__cyclic_orth800_uid000527_sk7_rg2_pl1_block__bc52ad983a28.data,369605,5939e374826adadf5f23303cd86b05bb8d0c78d3355c8d8b4ef7e7c223902a7d,1050,-4.718447854656915e-15,-0.239176,0.183221
806,300,300K_prod400,cyclic_uid000029_idx29_rg0_pl2_random__70c1bb593503,cyclic,29,300K_prod400/row_0806__cyclic_uid000029_idx29_rg0_pl2_random__70c1bb593503.data,330509,45345c098a330b52ddeb8e13f3970032c15489ced0a37c0d371e88a7189328c6,944,2.2000000047539547e-06,-1.12565756,0.57847044
807,300,300K_orthogonal800,cyclic_orth800_uid000546_sk5_rg0_pl1_alternating__7d7c57e5bfad,cyclic,5,300K_orthogonal800/row_0807__cyclic_orth800_uid000546_sk5_rg0_pl1_alternating__7d7c57e5bfad.data,369663,1771db186a5ebaa850fcd3b7c6a9028baa75ed20ea6fb4766c6c78f183d43030,1060,-6.9111383282915995e-15,-0.408079,0.440073
808,300,300K_prod400,star_uid000158_idx64_rg2_pl0_random__1876a18f367d,star,64,300K_prod400/row_0808__star_uid000158_idx64_rg2_pl0_random__1876a18f367d.data,344866,42b775745207d3051958785e5728ce205c6489b2502992a1c8713df6e892494e,1021,3.2099999906776144e-06,-0.37039619,0.17262267
809,300,300K_orthogonal800,linear_orth800_uid000288_sk1_rg0_pl1_random__1c40369d8fd4,linear,1,300K_orthogonal800/row_0809__linear_orth800_uid000288_sk1_rg0_pl1_random__1c40369d8fd4.data,320356,9af532404fd4317ddb7863e1097b986eb7643d07ca071c86ada890ab1c5c2e4b,915,3.0253577421035516e-15,-0.445702,0.498563
810,300,300K_orthogonal800,linear_orth800_uid000059_sk2_rg1_pl0_block__8cc0c7904bb2,linear,2,300K_orthogonal800/row_0810__linear_orth800_uid000059_sk2_rg1_pl0_block__8cc0c7904bb2.data,322948,e49e329da5027451fd71fa5bb18c7cfcc69b0b147e4c8e8a9cac1094a794f7a6,974,-5.3013149425851225e-15,-0.454263,0.452346
811,300,300K_orthogonal800,star_orth800_uid001297_sk11_rg2_pl1_random__18f12c384935,star,11,300K_orthogonal800/row_0811__star_orth800_uid001297_sk11_rg2_pl1_random__18f12c384935.data,332388,57012286168043c86080f400346aa1773e61c83ac1464d35be2a406c34043c70,976,2.581268532253489e-15,-0.445702,0.503845
812,300,300K_orthogonal800,star_orth800_uid000980_sk12_rg2_pl1_block__6bbc8e7f108c,star,12,300K_orthogonal800/row_0812__star_orth800_uid000980_sk12_rg2_pl1_block__6bbc8e7f108c.data,366361,0ca344dd97067d95d4045b223de383180e617d821761df5aa8e67d15801b9f18,1063,-7.632783294297951e-15,-0.313898,0.159487
813,300,300K_orthogonal800,star_orth800_uid001081_sk14_rg1_pl1_alternating__d6ff380bf84f,star,14,300K_orthogonal800/row_0813__star_orth800_uid001081_sk14_rg1_pl1_alternating__d6ff380bf84f.data,330783,6c92176ae5ce3b348f4f5e4d7076be136e44a897ec170e50d8fbc65c7ae1876b,1065,-1.326716514427062e-14,-2.058285,3.120351
814,300,300K_orthogonal800,cyclic_orth800_uid000654_sk6_rg2_pl1_alternating__b95c599a0ee7,cyclic,6,300K_orthogonal800/row_0814__cyclic_orth800_uid000654_sk6_rg2_pl1_alternating__b95c599a0ee7.data,369723,5c5adfe9b63ede7a4c421ac7a9c96dcfcbe36b14de96b20800b0ab8505276c2d,1064,5.6343818499726694e-15,-0.443756,0.552967
815,300,300K_orthogonal800,star_orth800_uid001283_sk12_rg2_pl1_random__52072ceac666,star,12,300K_orthogonal800/row_0815__star_orth800_uid001283_sk12_rg2_pl1_random__52072ceac666.data,297263,e198baf07565d56b2eda98b8c6b196f0ed7de4e056b4d5364690abdff0db9f2a,910,2.8033131371785203e-15,-3.124198,4.124479
816,300,300K_orthogonal800,star_orth800_uid000841_sk10_rg0_pl2_block__852cdb8055b3,star,10,300K_orthogonal800/row_0816__star_orth800_uid000841_sk10_rg0_pl2_block__852cdb8055b3.data,387624,d8fcc7d1e44ef72a500ec2075d5cd3dc01b946c01c5937cdb9da1e132336aef5,1086,-8.326672684688674e-17,-0.422389,0.483964
817,300,300K_orthogonal800,cyclic_orth800_uid000700_sk6_rg1_pl0_random__d1583d54d0de,cyclic,6,300K_orthogonal800/row_0817__cyclic_orth800_uid000700_sk6_rg1_pl0_random__d1583d54d0de.data,378867,7d0c97a61b84244afc8f6e199da802170fd6a861b84f73110c283d45dce9b52d,1096,-1.6375789613221059e-15,-0.313898,0.159487
818,300,300K_orthogonal800,star_orth800_uid001171_sk11_rg2_pl2_alternating__f47534b38144,star,11,300K_orthogonal800/row_0818__star_orth800_uid001171_sk11_rg2_pl2_alternating__f47534b38144.data,303013,933192c83b7655ca21068826340c7247af64344566a8c9ece4a984f45796da8f,904,-4.9404924595819466e-15,-0.378032,0.159487
819,300,300K_orthogonal800,cyclic_orth800_uid000613_sk7_rg1_pl2_alternating__f61eeece35eb,cyclic,7,300K_orthogonal800/row_0819__cyclic_orth800_uid000613_sk7_rg1_pl2_alternating__f61eeece35eb.data,320786,bb585233ae544cbbfed9a6b35a0ad2f449749b567c9d15261ca072827fb8f771,945,-3.885780586188048e-16,-0.575173,1.286989
820,300,300K_prod400,linear_uid000016_idx5_rg0_pl0_random__0e80f5c25578,linear,5,300K_prod400/row_0820__linear_uid000016_idx5_rg0_pl0_random__0e80f5c25578.data,334232,967c47b8701a66a3243a53579b331d01e686143d27c7237b5358620ee98e1ebb,1008,-2.5399999841746457e-06,-0.39508273,0.16910646
821,300,300K_prod400,linear_uid000024_idx6_rg0_pl1_block__a1bdaf3c6813,linear,6,300K_prod400/row_0821__linear_uid000024_idx6_rg0_pl1_block__a1bdaf3c6813.data,345874,84da1b3b17f415bd667f56e7cd739e8dead0a6451b26b6f1ea538fe73a4a4d23,1022,8.199999991520546e-07,-1.11894688,0.57750081
822,300,300K_prod400,star_uid000189_idx56_rg0_pl0_junction_enriched__21352b369d26,star,56,300K_prod400/row_0822__star_uid000189_idx56_rg0_pl0_junction_enriched__21352b369d26.data,332140,3bc7f02e0573bc7f997ea491b911546bc3fa3d7d7a0f93538dcd4ca79f3c4dd8,969,1.3199999978064092e-06,-1.13545644,0.72290967
823,300,300K_prod400,linear_uid000022_idx6_rg0_pl0_gradient__f634498f311a,linear,6,300K_prod400/row_0823__linear_uid000022_idx6_rg0_pl0_gradient__f634498f311a.data,355883,fe8dc51049b60460655ca41147af51f868967214af12ed9d0c9c5313dcd8d587,1028,2.6199999878240288e-06,-0.35497233,0.172839
824,300,300K_orthogonal800,star_orth800_uid001254_sk9_rg1_pl1_random__ed6060118d5d,star,9,300K_orthogonal800/row_0824__star_orth800_uid001254_sk9_rg1_pl1_random__ed6060118d5d.data,332800,2826ae09b262c4833d1647d057e5efa6d2992539cba439e7735db90d60b3d89f,920,1.3600232051658168e-15,-0.504961,0.506886
825,300,300K_orthogonal800,cyclic_orth800_uid000581_sk4_rg1_pl0_alternating__4651324cf2b8,cyclic,4,300K_orthogonal800/row_0825__cyclic_orth800_uid000581_sk4_rg1_pl0_alternating__4651324cf2b8.data,380477,4e3b1b0b14ec9e9e6d9d4c22f57a4fb386292c8c82abff534bdd8e4e13c8e54e,1035,4.718447854656915e-16,-0.234716,0.167796
826,300,300K_orthogonal800,linear_orth800_uid000064_sk2_rg1_pl0_block__33d7e33f1499,linear,2,300K_orthogonal800/row_0826__linear_orth800_uid000064_sk2_rg1_pl0_block__33d7e33f1499.data,390391,785f58d541f0f5272ddbdaff306aa978917c7609d1f1efdaed59944ce3a1d0c0,1097,-3.3306690738754696e-16,-0.426891,0.448001
827,300,300K_orthogonal800,cyclic_orth800_uid000715_sk6_rg1_pl1_random__83d3d18c774b,cyclic,6,300K_orthogonal800/row_0827__cyclic_orth800_uid000715_sk6_rg1_pl1_random__83d3d18c774b.data,321479,86582f5859eeb02333c388ad26deb5a2422ab16608dd1c33ae285aabd4fd5c5d,908,-5.828670879282072e-16,-0.422871,0.447947
828,300,300K_orthogonal800,cyclic_orth800_uid000714_sk5_rg1_pl1_random__1803bd456a79,cyclic,5,300K_orthogonal800/row_0828__cyclic_orth800_uid000714_sk5_rg1_pl1_random__1803bd456a79.data,337629,f01db830920dba4784cd121593f8daba7afa704de019feac83ee46264f8f6bf9,930,3.191891195797325e-15,-0.391517,0.168643
829,300,300K_prod400,star_uid000146_idx64_rg1_pl2_junction_enriched__04853d8e8749,star,64,300K_prod400/row_0829__star_uid000146_idx64_rg1_pl2_junction_enriched__04853d8e8749.data,345606,ff479510398a5db42d3f8c86c53294dee162f719fbdf83df12ec1da03ba95da9,1023,3.3299999906977185e-06,-0.46744378,0.41060522
830,300,300K_orthogonal800,linear_orth800_uid000308_sk2_rg1_pl0_random__d6b817e04c92,linear,2,300K_orthogonal800/row_0830__linear_orth800_uid000308_sk2_rg1_pl0_random__d6b817e04c92.data,369710,63f5ece7696b9e9652ab2dd4d35d85246b59002452b7ceee33a1e166913ccb78,1092,-1.8596235662471372e-15,-1.145838,0.618385
831,300,300K_prod400,linear_uid000022_idx7_rg0_pl1_random__ceb50429fecb,linear,7,300K_prod400/row_0831__linear_uid000022_idx7_rg0_pl1_random__ceb50429fecb.data,321140,258a2256cb6f7b09aa98385eb9d1a2a8d34a0cf7ca0df4e43a333627b8d99fc9,958,2.7399999901478456e-06,-0.39508273,0.17262267
832,300,300K_orthogonal800,star_orth800_uid001035_sk9_rg0_pl1_alternating__61b1e3cc5cac,star,9,300K_orthogonal800/row_0832__star_orth800_uid001035_sk9_rg0_pl1_alternating__61b1e3cc5cac.data,389628,9d72cbd1a7b012635edffbfabab85a9367163265ce0b161e581432e24e92bc20,1083,-2.220446049250313e-16,-0.390249,0.171619
833,300,300K_prod400,linear_uid000046_idx16_rg1_pl0_random__8aed3de553c4,linear,16,300K_prod400/row_0833__linear_uid000046_idx16_rg1_pl0_random__8aed3de553c4.data,351155,c0cdb7ce0985521ed121eda999d6ff6575ad2d2dc23f5ceed6e6cc7f292a1738,1038,1.7000000009093075e-06,-1.12644237,0.57414363
834,300,300K_orthogonal800,cyclic_orth800_uid000780_sk4_rg2_pl1_random__d28b34ff62d9,cyclic,4,300K_orthogonal800/row_0834__cyclic_orth800_uid000780_sk4_rg2_pl1_random__d28b34ff62d9.data,387207,f3fb44836a1e7a6846fa5c993a2175909150900c222bcc9df06091db71da299e,1065,-3.608224830031759e-16,-0.391064,0.16905
835,300,300K_prod400,star_uid000182_idx53_rg0_pl0_random__795cc1561aec,star,53,300K_prod400/row_0835__star_uid000182_idx53_rg0_pl0_random__795cc1561aec.data,343240,6d827ab3813feaa70eb107898d56ddb3871375577b701c42c1f20347de72352d,1013,2.709999991801215e-06,-0.50354181,0.71549819
836,300,300K_prod400,branch_uid000199_idx80_rg1_pl0_junction_enriched__6b14a11940fc,branch,80,300K_prod400/row_0836__branch_uid000199_idx80_rg1_pl0_junction_enriched__6b14a11940fc.data,332448,1960aa4e773947f1db08956afa2cd1eb4b3814e0ff7ada40ecb827c444f2984f,932,1.0300000012619659e-06,-0.53738135,0.22575947
837,300,300K_orthogonal800,cyclic_orth800_uid000618_sk7_rg1_pl2_alternating__d4d8b06a9c68,cyclic,7,300K_orthogonal800/row_0837__cyclic_orth800_uid000618_sk7_rg1_pl2_alternating__d4d8b06a9c68.data,333401,76489d2191b49d5ae5ba7f48c0d952b46b52696fc3ef2e7f05fb90f101c84458,980,0.0,-0.562921,1.292992
838,300,300K_prod400,cyclic_uid000104_idx42_rg0_pl1_block__f5a8f68f9aec,cyclic,42,300K_prod400/row_0838__cyclic_uid000104_idx42_rg0_pl1_block__f5a8f68f9aec.data,339499,9f3bd27170a543738a4d4bbf4e9f763c7884dabc0f49643e1da9fe49c24cb2bb,986,-2.600000049701734e-07,-0.38429577,0.15253044
839,300,300K_prod400,branch_uid000147_idx76_rg0_pl1_random__43bd6cf49b83,branch,76,300K_prod400/row_0839__branch_uid000147_idx76_rg0_pl1_random__43bd6cf49b83.data,368125,835b13aa23aa5543f989845ddcbd6c5bd24c9ba2b5004ab4cb4011b20d09b7fb,1049,-1.4999999703446676e-07,-0.52532428,0.74118433
840,300,300K_prod400,cyclic_uid000157_idx31_rg2_pl0_alternating__d70b5e9d30a7,cyclic,31,300K_prod400/row_0840__cyclic_uid000157_idx31_rg2_pl0_alternating__d70b5e9d30a7.data,353838,9dee0b7b33cfc8cbcfcbad05650ca4e48d53711cc311a4d68674d4e85aa3dccd,1056,3.5199999884050204e-06,-0.35497233,0.17262267
841,300,300K_orthogonal800,star_orth800_uid000987_sk14_rg2_pl2_block__c14e8585221c,star,14,300K_orthogonal800/row_0841__star_orth800_uid000987_sk14_rg2_pl2_block__c14e8585221c.data,393028,ec53ece2d210ad7345d984c1eb8dad2c440a1a33473ef645a2f2eb49164608d7,1097,-6.38378239159465e-16,-0.472367,0.168847
842,300,300K_prod400,cyclic_uid000061_idx29_rg2_pl1_gradient__0cb4b69b6df0,cyclic,29,300K_prod400/row_0842__cyclic_uid000061_idx29_rg2_pl1_gradient__0cb4b69b6df0.data,348895,46d07eae2f14c981914f1022156d8aa887fb2c462728b88ce95623352ccdea32,1027,1.339999998711816e-06,-0.50738667,0.71763673
843,300,300K_orthogonal800,star_orth800_uid000846_sk14_rg0_pl2_block__ff96da2a21b0,star,14,300K_orthogonal800/row_0843__star_orth800_uid000846_sk14_rg0_pl2_block__ff96da2a21b0.data,365719,e56195d1e695fab864c0eae65079af2ff52746c66ba83165e9834048c8a12960,1041,-1.942890293094024e-16,-0.583467,1.286923
844,300,300K_orthogonal800,star_orth800_uid001244_sk14_rg1_pl1_random__1c2a68040126,star,14,300K_orthogonal800/row_0844__star_orth800_uid001244_sk14_rg1_pl1_random__1c2a68040126.data,373822,2f0de09056fc7bf55ce3982627bbf8492c55ba174522bfde3cc410994c6953d8,1079,1.6653345369377348e-16,-0.453706,0.509576
845,300,300K_orthogonal800,star_orth800_uid000906_sk11_rg1_pl1_block__5ffadd53afa9,star,11,300K_orthogonal800/row_0845__star_orth800_uid000906_sk11_rg1_pl1_block__5ffadd53afa9.data,315869,853542b2d8349871c3fab42a237950fb06b353dfc095a8e102b8d37b5e64f00f,918,-3.3306690738754696e-15,-1.146662,0.617484
846,300,300K_orthogonal800,star_orth800_uid000813_sk9_rg0_pl1_block__c2359c159203,star,9,300K_orthogonal800/row_0846__star_orth800_uid000813_sk9_rg0_pl1_block__c2359c159203.data,328044,c7eaab1eb1c482dea3cf4f395dd6c6e7bfb4813a4e8c2445969800e338d7d704,903,4.163336342344337e-16,-0.475282,0.465846
847,300,300K_prod400,cyclic_uid000260_idx36_rg2_pl0_random__d9650b5c3b2b,cyclic,36,300K_prod400/row_0847__cyclic_uid000260_idx36_rg2_pl0_random__d9650b5c3b2b.data,302378,406a25cf34af6cd08741ce6c287d5b77a0ffdbdab70d0212a0ce406bff1921a9,912,-2.0800000071763414e-06,-0.530867,0.415301
848,300,300K_orthogonal800,linear_orth800_uid000197_sk0_rg1_pl0_alternating__63747fc374fc,linear,0,300K_orthogonal800/row_0848__linear_orth800_uid000197_sk0_rg1_pl0_alternating__63747fc374fc.data,365368,74d0a4873875ed80bca767a5ceee5b967b9cb44c74cfa61aaeed16cdc40e37a4,1008,-3.0531133177191805e-16,-0.391064,0.169202
849,300,300K_orthogonal800,star_orth800_uid000942_sk10_rg2_pl0_block__485dbe5da434,star,10,300K_orthogonal800/row_0849__star_orth800_uid000942_sk10_rg2_pl0_block__485dbe5da434.data,311911,22e01c8bff9fb3ddc27dcde61b64932fcc9c28e37174732f294b7109666838fb,924,-8.215650382226158e-15,-0.309169,0.159487
850,300,300K_orthogonal800,linear_orth800_uid000151_sk0_rg2_pl1_block__0e6f68ee6bad,linear,0,300K_orthogonal800/row_0850__linear_orth800_uid000151_sk0_rg2_pl1_block__0e6f68ee6bad.data,363764,04f440e4e567dbd43abad0e4c10afdf338f3702089eedab553f9a44804db1add,1002,-1.3600232051658168e-15,-0.459575,0.457292
851,300,300K_prod400,linear_uid000059_idx5_rg1_pl0_gradient__ede9f5822410,linear,5,300K_prod400/row_0851__linear_uid000059_idx5_rg1_pl0_gradient__ede9f5822410.data,375237,cbcb54f2757c348ebda21533997810e54e309e289903f39f070a5f99567b69f8,1084,2.7799999872957226e-06,-0.35497233,0.172839
852,300,300K_orthogonal800,linear_orth800_uid000098_sk3_rg1_pl1_block__53830a8c23e5,linear,3,300K_orthogonal800/row_0852__linear_orth800_uid000098_sk3_rg1_pl1_block__53830a8c23e5.data,337526,e821770935a80f0a4992ac53a5cbf0ccbaa0487c4781323d928c7aeac09e63e6,972,-4.996003610813204e-16,-1.152193,0.620197
853,300,300K_prod400,cyclic_uid000025_idx41_rg0_pl1_random__423aff645bad,cyclic,41,300K_prod400/row_0853__cyclic_uid000025_idx41_rg0_pl1_random__423aff645bad.data,332363,e0d64601e6569fbab61ee9a1ad1d17879d00b52ccdc55381784dc50e9426d1a2,968,1.359999999617223e-06,-0.52237483,0.40136417
854,300,300K_prod400,star_uid000176_idx58_rg0_pl1_junction_enriched__a7ca4bcec68b,star,58,300K_prod400/row_0854__star_uid000176_idx58_rg0_pl1_junction_enriched__a7ca4bcec68b.data,320699,225b62770e6cc369a30caabc852c35ca3378b4c883a082dc704d622ce23e466b,952,1.5599999931281694e-06,-0.39508273,0.17262267
855,300,300K_orthogonal800,star_orth800_uid000834_sk10_rg0_pl1_block__ce81fbb1280d,star,10,300K_orthogonal800/row_0855__star_orth800_uid000834_sk10_rg0_pl1_block__ce81fbb1280d.data,305341,77faddfc790dc7c793b91a38fd924cbee2a9f8082a14a845ffc5bd7a73735640,913,-7.382983113757291e-15,-0.378032,0.159487
856,300,300K_prod400,star_uid000111_idx64_rg0_pl0_junction_enriched__dab5b3ea838d,star,64,300K_prod400/row_0856__star_uid000111_idx64_rg0_pl0_junction_enriched__dab5b3ea838d.data,347057,1607c7ca58880dc2ae095cf5fcdb3694b115bc6ea4e82ea326e4aa7a380dc37e,1026,2.8799999905460005e-06,-0.46744378,0.41060522
857,300,300K_prod400,cyclic_uid000055_idx26_rg1_pl2_gradient__00db2a81a925,cyclic,26,300K_prod400/row_0857__cyclic_uid000055_idx26_rg1_pl2_gradient__00db2a81a925.data,319979,ce0676215218dbd50fbf6d290d279ad99ffae29db9fb51f09e9bb25b6382e56b,962,3.039999990961384e-06,-0.40126508,0.17341525
858,300,300K_orthogonal800,star_orth800_uid000894_sk13_rg1_pl1_block__e39194d833a6,star,13,300K_orthogonal800/row_0858__star_orth800_uid000894_sk13_rg1_pl1_block__e39194d833a6.data,324149,9b48357af94d09148ac501a0587acb5acf71b4a3c9c82382d004f1401c170ac9,912,3.885780586188048e-16,-1.148968,0.620197
859,300,300K_orthogonal800,cyclic_orth800_uid000569_sk7_rg1_pl0_alternating__aaabc8d86cdd,cyclic,7,300K_orthogonal800/row_0859__cyclic_orth800_uid000569_sk7_rg1_pl0_alternating__aaabc8d86cdd.data,316328,2eceffab108bc12b0d2ffb899af213d0186ccdb434f0466bc277bce3693a4e16,910,7.216449660063518e-15,-0.561519,0.22871
860,300,300K_orthogonal800,cyclic_orth800_uid000576_sk6_rg1_pl0_alternating__f92266ebb9c0,cyclic,6,300K_orthogonal800/row_0860__cyclic_orth800_uid000576_sk6_rg1_pl0_alternating__f92266ebb9c0.data,378789,8d7afeceade9f4ab3f14f18757b497ed1374bb14aaf1b07237e6d64778bca156,1096,1.815214645262131e-14,-0.309035,0.157342
861,300,300K_prod400,cyclic_uid000130_idx42_rg1_pl0_gradient__da037eeacc9a,cyclic,42,300K_prod400/row_0861__cyclic_uid000130_idx42_rg1_pl0_gradient__da037eeacc9a.data,325799,b3f6dfaff8633c4c1c744905605e1184dd1a168437c37a1a8a669d0b3df279c4,952,-3.279999994609817e-06,-0.50974687,0.21635013
862,300,300K_orthogonal800,linear_orth800_uid000336_sk1_rg1_pl1_random__13f6b1ca5789,linear,1,300K_orthogonal800/row_0862__linear_orth800_uid000336_sk1_rg1_pl1_random__13f6b1ca5789.data,339975,69652e81026d1fefea9e57376d9471b588fad97e64df3f5d3218e9d357f54775,967,-1.2212453270876722e-15,-0.447018,0.503606
863,300,300K_orthogonal800,cyclic_orth800_uid000753_sk7_rg1_pl2_random__bc93e5b459c8,cyclic,7,300K_orthogonal800/row_0863__cyclic_orth800_uid000753_sk7_rg1_pl2_random__bc93e5b459c8.data,333322,db355965124fc170d798da81ce9ab74ad54117b82d6ba755ce327fc7993e4b2a,980,9.71445146547012e-16,-0.573987,1.291736
864,300,300K_orthogonal800,linear_orth800_uid000253_sk2_rg2_pl1_alternating__0a80ca0cb556,linear,2,300K_orthogonal800/row_0864__linear_orth800_uid000253_sk2_rg2_pl1_alternating__0a80ca0cb556.data,374417,5387ba8c5e9447594d72c0180f815f7bc6d1cc16fb2085c8f3ac55a2d4f9c836,1084,1.1546319456101628e-14,-0.313966,0.157342
865,300,300K_orthogonal800,cyclic_orth800_uid000492_sk7_rg1_pl2_block__72f83240fd7b,cyclic,7,300K_orthogonal800/row_0865__cyclic_orth800_uid000492_sk7_rg1_pl2_block__72f83240fd7b.data,320780,8dd5173d1cc0a236d22e99bff92d813b1fec63df75cbca63746172812b3102d8,945,-1.6653345369377348e-16,-0.575195,1.287418
866,300,300K_orthogonal800,star_orth800_uid000844_sk10_rg0_pl2_block__e963a5a72def,star,10,300K_orthogonal800/row_0866__star_orth800_uid000844_sk10_rg0_pl2_block__e963a5a72def.data,303792,a71c0369b5efef92f80264df73dce13d5d7134d0bec539e846d7600d927d5a2d,904,-5.9119376061289586e-15,-0.394192,0.166782
867,300,300K_orthogonal800,star_orth800_uid000878_sk8_rg1_pl0_block__5a14dc52e199,star,8,300K_orthogonal800/row_0867__star_orth800_uid000878_sk8_rg1_pl0_block__5a14dc52e199.data,376204,a778cfc74937f720c74028e972e7659a305eacbd1a03c98767f6478a868017de,1022,1.27675647831893e-15,-0.32858,0.16858
868,300,300K_prod400,linear_uid000082_idx7_rg2_pl0_block__da1dd7b9eb22,linear,7,300K_prod400/row_0868__linear_uid000082_idx7_rg2_pl0_block__da1dd7b9eb22.data,324965,8694c8af6dc14ad8657de2234ad8c6793a6fe7fe00a5ca5fd6bd0c67b2b6655c,964,2.6799999901239158e-06,-0.35497233,0.17262267
869,300,300K_prod400,cyclic_uid000021_idx41_rg0_pl1_alternating__c86b68215cc3,cyclic,41,300K_prod400/row_0869__cyclic_uid000021_idx41_rg0_pl1_alternating__c86b68215cc3.data,329571,95d0a493e4cc32149ace3d1f51d1deb2630733d241fd6a0daa63fe33e9bb40cc,965,-7.399999918944467e-07,-0.505531,0.216568
870,300,300K_prod400,cyclic_uid000047_idx44_rg1_pl2_alternating__802b2febecdd,cyclic,44,300K_prod400/row_0870__cyclic_uid000047_idx44_rg1_pl2_alternating__802b2febecdd.data,319479,b2f48b1da0e9dffc97f9176ccfed506bd9e5e2417f1c166ea04f42ce80a07c7b,912,2.1200000045740186e-06,-1.12565756,0.57847044
871,300,300K_prod400,linear_uid000082_idx6_rg2_pl0_block__1d351782aa23,linear,6,300K_prod400/row_0871__linear_uid000082_idx6_rg2_pl0_block__1d351782aa23.data,314216,14d7fb60bd58766a984e8e8ebdd87048f9ec1d74c09cf9d7cb252408754b6ebd,947,5.49999995741457e-07,-0.40473377,0.17262267
872,300,300K_orthogonal800,star_orth800_uid000800_sk13_rg0_pl0_block__48f01b6f9ab3,star,13,300K_orthogonal800/row_0872__star_orth800_uid000800_sk13_rg0_pl0_block__48f01b6f9ab3.data,359914,6b2404c6af6da9364eabcda07ff86a2a3a98062baaa943725ae647e89f5270f5,1019,-4.440892098500626e-16,-0.239176,0.18541
873,300,300K_orthogonal800,linear_orth800_uid000033_sk2_rg0_pl1_block__b7c76d860d2a,linear,2,300K_orthogonal800/row_0873__linear_orth800_uid000033_sk2_rg0_pl1_block__b7c76d860d2a.data,359383,9293934018655dc567b23847f8985a6655342a2cd4a904d4fc6e08635c4918e0,1051,-5.523359547510154e-15,-0.575858,1.286923
874,300,300K_orthogonal800,star_orth800_uid001219_sk8_rg1_pl0_random__e99d381b09e3,star,8,300K_orthogonal800/row_0874__star_orth800_uid001219_sk8_rg1_pl0_random__e99d381b09e3.data,390275,8e8ebe058a2bd69dc6caa87b2869c3ec3ae654b8a366805ae19b07061f9b0bed,1061,1.1102230246251565e-15,-0.32858,0.186151
875,300,300K_prod400,star_uid000186_idx53_rg0_pl0_random__b695dfd3d16b,star,53,300K_prod400/row_0875__star_uid000186_idx53_rg0_pl0_random__b695dfd3d16b.data,353495,cabef9dafb3f5646a06b4113934adac222224d478234aea6db354fe5cdd00e6a,1037,2.3099999902354007e-06,-0.50354181,0.71549819
876,300,300K_orthogonal800,linear_orth800_uid000071_sk3_rg1_pl0_block__4179d6f781fb,linear,3,300K_orthogonal800/row_0876__linear_orth800_uid000071_sk3_rg1_pl0_block__4179d6f781fb.data,350578,01f6c9a3bd6507310e0017b7052aa7c1da0262c4c13bec27d87e27b98e4ac3d2,1034,-7.271960811294775e-15,-0.309441,0.313277
877,300,300K_orthogonal800,star_orth800_uid001172_sk10_rg2_pl2_alternating__4878d07dacc8,star,10,300K_orthogonal800/row_0877__star_orth800_uid001172_sk10_rg2_pl2_alternating__4878d07dacc8.data,387949,9469ffb3e5117549f72ab3487b3fa50c237fca39f69098aa6dc494119087c412,1085,-8.326672684688674e-17,-0.484852,0.456681
878,300,300K_prod400,comb_uid000344_idx102_rg1_pl1_junction_enriched__cb0d32e2fe29,comb,102,300K_prod400/row_0878__comb_uid000344_idx102_rg1_pl1_junction_enriched__cb0d32e2fe29.data,341425,e518a88670cdeaf63678bc1904c9d2e21f97eb5110474cac16e3df109667707c,1012,1.1499999952035989e-06,-0.40358082,0.17262267
879,300,300K_orthogonal800,linear_orth800_uid000296_sk3_rg0_pl1_random__367ee75de067,linear,3,300K_orthogonal800/row_0879__linear_orth800_uid000296_sk3_rg0_pl1_random__367ee75de067.data,334053,1679162412142c5c1107912edf1ea5cdf4ac1fb78a90f2cd8116cbc34ec29b00,946,2.4147350785597155e-15,-0.195303,0.179749
880,300,300K_orthogonal800,cyclic_orth800_uid000404_sk5_rg0_pl0_block__606b17263fb6,cyclic,5,300K_orthogonal800/row_0880__cyclic_orth800_uid000404_sk5_rg0_pl0_block__606b17263fb6.data,322826,e6abeec46e40356c9cbed3cb3dbb844ffef6c8b097d22d71828b8b5236cf8833,960,-8.854028621385623e-15,-0.307423,0.159487
881,300,300K_prod400,star_uid000105_idx64_rg0_pl0_junction_enriched__1c1486a5d21d,star,64,300K_prod400/row_0881__star_uid000105_idx64_rg0_pl0_junction_enriched__1c1486a5d21d.data,347747,cc0c7f3aec4387700b55be8c8bdeb64eaf961fbb1bb7641fb92c76c89db70fea,1025,2.4299999915877724e-06,-0.41172475,0.19168347
882,300,300K_orthogonal800,star_orth800_uid001027_sk10_rg0_pl1_alternating__ce1a81f83921,star,10,300K_orthogonal800/row_0882__star_orth800_uid001027_sk10_rg0_pl1_alternating__ce1a81f83921.data,360859,3a7f95128b9440494c0ca83843d35e1f9bdc0aaa4e7b84cb3ca05d2dc1a16d59,1047,-1.27675647831893e-15,-0.449414,0.503176
883,300,300K_prod400,cyclic_uid000163_idx39_rg2_pl0_gradient__9cb28a5b7c34,cyclic,39,300K_prod400/row_0883__cyclic_uid000163_idx39_rg2_pl0_gradient__9cb28a5b7c34.data,365616,cd71d7273e0a1496d7ff5ce7c9c932537cab26d0735e7981adb7c0b3411dce40,1080,2.0799999909948408e-06,-0.35497233,0.17262267
884,300,300K_prod400,comb_uid000156_idx107_rg0_pl2_random__aed34d15d649,comb,107,300K_prod400/row_0884__comb_uid000156_idx107_rg0_pl2_random__aed34d15d649.data,300219,29b7aac08418d67592c3eb238a9ce4a0a9120f9ad559e1e5c8cba7f12b686339,900,2.359999994511197e-06,-0.51588172,0.41014528
885,300,300K_orthogonal800,cyclic_orth800_uid000411_sk6_rg0_pl1_block__7797c29d8ed2,cyclic,6,300K_orthogonal800/row_0885__cyclic_orth800_uid000411_sk6_rg0_pl1_block__7797c29d8ed2.data,330444,6030b51feee763bb6ebbcce4ededef37fd0735f6d5ef351d859677c94ba824cf,933,-2.7755575615628914e-17,-0.574285,1.283962
886,300,300K_prod400,branch_uid000177_idx76_rg1_pl2_random__573b0d28e103,branch,76,300K_prod400/row_0886__branch_uid000177_idx76_rg1_pl2_random__573b0d28e103.data,328565,c6f4c929a6a8a9c9f15622cbdda1aa6ee2d5c2b2307bd08d653d86e4b591e614,968,8.399999968378147e-07,-0.50211714,0.74737514
887,300,300K_orthogonal800,star_orth800_uid001285_sk14_rg2_pl1_random__92ec86e6b687,star,14,300K_orthogonal800/row_0887__star_orth800_uid001285_sk14_rg2_pl1_random__92ec86e6b687.data,327849,9a6290f619c2694ace10d8cbcef49a98b18a2b2e6ec7157b6c776e93149137ce,929,2.525757381022231e-15,-0.515461,0.181946
888,300,300K_orthogonal800,star_orth800_uid001263_sk9_rg1_pl2_random__fe33d121c8d2,star,9,300K_orthogonal800/row_0888__star_orth800_uid001263_sk9_rg1_pl2_random__fe33d121c8d2.data,384100,fb03abb08824eb2922bd04c6146ffa182c3fcf59138ec1412a18c14704ee2003,1047,1.4155343563970746e-15,-0.534354,1.293726
889,300,300K_orthogonal800,cyclic_orth800_uid000509_sk5_rg1_pl2_block__6f422915de70,cyclic,5,300K_orthogonal800/row_0889__cyclic_orth800_uid000509_sk5_rg1_pl2_block__6f422915de70.data,343612,66b05a8329e6c59406627ae7914ce199b6882d15a2a8e652aff39f5d2d9d7bd1,960,-2.7755575615628914e-17,-0.412344,0.443454
890,300,300K_orthogonal800,cyclic_orth800_uid000716_sk7_rg1_pl1_random__73420d1ef728,cyclic,7,300K_orthogonal800/row_0890__cyclic_orth800_uid000716_sk7_rg1_pl1_random__73420d1ef728.data,378392,9de4dfeb904a3ba2ee5fe984c2a7f9c90d45fe830c0d4aeb1772ef8d42b47b3f,1094,-2.3869795029440866e-15,-0.475111,0.504308
891,300,300K_orthogonal800,star_orth800_uid000940_sk10_rg2_pl0_block__600d4a0b1846,star,10,300K_orthogonal800/row_0891__star_orth800_uid000940_sk10_rg2_pl0_block__600d4a0b1846.data,386356,9efa6c31f57bb9a8b3ac504ebd169ffa2fdf2878538f6e4edee24825a29eb020,1083,-5.828670879282072e-16,-0.423149,0.445346
892,300,300K_orthogonal800,star_orth800_uid001127_sk14_rg1_pl2_alternating__05950be30c5c,star,14,300K_orthogonal800/row_0892__star_orth800_uid001127_sk14_rg1_pl2_alternating__05950be30c5c.data,362030,3e01033555016cfe7dd4aacb1f85af8a765da7a616df690015a1f6369c82d2d4,1065,-2.4702462297909733e-15,-0.476753,0.439106
893,300,300K_orthogonal800,star_orth800_uid000929_sk13_rg1_pl2_block__557836431f81,star,13,300K_orthogonal800/row_0893__star_orth800_uid000929_sk13_rg1_pl2_block__557836431f81.data,317941,b0e5eee77193148f1589782708616033fdf6c7e4ae37707a67869a48c7a36be5,963,-4.829470157119431e-15,-0.466246,0.452346
894,300,300K_orthogonal800,star_orth800_uid000976_sk14_rg2_pl1_block__60ffc1f819e7,star,14,300K_orthogonal800/row_0894__star_orth800_uid000976_sk14_rg2_pl1_block__60ffc1f819e7.data,333238,23211c1947283078d62d110808f1b2c8ba3c2e42f767e5917e21b34b59ac6f83,941,-2.7755575615628914e-16,-0.485015,0.178573
895,300,300K_prod400,linear_uid000019_idx5_rg0_pl0_gradient__fa0a5722c8d2,linear,5,300K_prod400/row_0895__linear_uid000019_idx5_rg0_pl0_gradient__fa0a5722c8d2.data,335210,5076b8945e4e893a7918f5c3df3c8bde2b0cec0ce88e50c2e380a1e484f8e0cc,1008,3.0999999909298026e-06,-0.401927,0.17341525
896,300,300K_prod400,cyclic_uid000165_idx31_rg2_pl0_block__d70b5e9d30a7,cyclic,31,300K_prod400/row_0896__cyclic_uid000165_idx31_rg2_pl0_block__d70b5e9d30a7.data,353838,3b7a5f09359648ba743320068eaaa8f8d263c0fa60980644db093c2f9ce92d58,1056,3.5199999884050204e-06,-0.35497233,0.17262267
897,300,300K_prod400,comb_uid000431_idx100_rg0_pl2_random__3bf2de8cd065,comb,100,300K_prod400/row_0897__comb_uid000431_idx100_rg0_pl2_random__3bf2de8cd065.data,350493,c62b981327f07f057811f8be3d4641d1be87232cdc9d52f4e279da645450c9a8,1006,1.689999995613256e-06,-0.35688187,0.17262267
898,300,300K_prod400,branch_uid000190_idx80_rg0_pl2_random__b5e0b9a75a5a,branch,80,300K_prod400/row_0898__branch_uid000190_idx80_rg0_pl2_random__b5e0b9a75a5a.data,331077,1f3a40afbcc5cb30153ff26cc1980beee05c2e63aca13a49a9135dec541aff71,932,1.0500000004187715e-06,-0.53738135,0.22575947
899,300,300K_prod400,star_uid000114_idx64_rg0_pl0_random__ccef9f6a276e,star,64,300K_prod400/row_0899__star_uid000114_idx64_rg0_pl0_random__ccef9f6a276e.data,346317,dcff715199804ba0bc005313c273020a1a13313e44b8807bb7db4028fad95fd2,1024,2.7599999900818073e-06,-0.41172475,0.17262267
900,300,300K_prod400,branch_uid000172_idx76_rg1_pl1_junction_enriched__73e61258c9f5,branch,76,300K_prod400/row_0900__branch_uid000172_idx76_rg1_pl1_junction_enriched__73e61258c9f5.data,371721,25a1726b7f0bc3d477f98284e798f5cc1975450d398122798af112ec3bb03adf,1044,-1.3100000020582758e-06,-1.13024688,0.57886112
901,300,300K_prod400,branch_uid000213_idx80_rg1_pl1_junction_enriched__c394067fbb60,branch,80,300K_prod400/row_0901__branch_uid000213_idx80_rg1_pl1_junction_enriched__c394067fbb60.data,341074,a3219fbda84e851a1a4331d5618eecc16c2a216484a882e4b85030a785e757d7,956,-1.079999999015202e-06,-0.33808746,0.1881331
902,300,300K_prod400,cyclic_uid000052_idx26_rg1_pl1_block__53796723d3cb,cyclic,26,300K_prod400/row_0902__cyclic_uid000052_idx26_rg1_pl1_block__53796723d3cb.data,352002,adb042b3660bf10f7a33cd555d92206c240c9d052ec62e9548f719894a143dc6,1040,1.0399999987587005e-06,-1.115086,0.57750081
903,300,300K_orthogonal800,star_orth800_uid001260_sk9_rg1_pl2_random__552476b314e9,star,9,300K_orthogonal800/row_0903__star_orth800_uid001260_sk9_rg1_pl2_random__552476b314e9.data,368554,c0fcefbc0dd43cfc446feeea3e2fa43afee5f17641564c6957da157e5c8497ae,1011,6.38378239159465e-16,-1.165001,1.293726
904,300,300K_orthogonal800,star_orth800_uid000979_sk10_rg2_pl1_block__4bfa257cbba4,star,10,300K_orthogonal800/row_0904__star_orth800_uid000979_sk10_rg2_pl1_block__4bfa257cbba4.data,349261,d9a7f41cbdad8cbd9c9bf4a71d6a8fe653cb1f2dd5b942c814c3ad3093bdf060,1004,-3.164135620181696e-15,-0.428434,0.460512
905,300,300K_orthogonal800,star_orth800_uid000961_sk10_rg2_pl1_block__adf3ee9d6eec,star,10,300K_orthogonal800/row_0905__star_orth800_uid000961_sk10_rg2_pl1_block__adf3ee9d6eec.data,330669,e67f550ac9ad717f2c33ddcf2eaff3859cc5ab27297b88bcf1d3aaa0fc11d6a0,924,-7.771561172376096e-16,-0.422511,0.443826
906,300,300K_prod400,branch_uid000236_idx80_rg2_pl1_junction_enriched__0653525616d7,branch,80,300K_prod400/row_0906__branch_uid000236_idx80_rg2_pl1_junction_enriched__0653525616d7.data,328054,397384f9c131bcd0f4ffe8465e43ce24d095195197de822afcad58fe013741a8,932,-3.5999999600799804e-07,-1.13249781,0.57395019
907,300,300K_prod400,cyclic_uid000057_idx35_rg2_pl0_alternating__f54b828bed41,cyclic,35,300K_prod400/row_0907__cyclic_uid000057_idx35_rg2_pl0_alternating__f54b828bed41.data,345860,b85cc4cb3766054060e1473f69d098747a92e7f84e26872e09639cf041474389,1032,3.4399999886691734e-06,-0.35497233,0.17262267
908,300,300K_orthogonal800,star_orth800_uid001065_sk10_rg1_pl0_alternating__7f7e61839f53,star,10,300K_orthogonal800/row_0908__star_orth800_uid001065_sk10_rg1_pl0_alternating__7f7e61839f53.data,329737,7aa5a41dd0b4506f39c99540cb2e4960f2c2a60b034b759c78f7efee19bff2c7,924,-9.992007221626409e-16,-0.41991,0.442579
909,300,300K_prod400,comb_uid000429_idx100_rg0_pl1_random__1274929b9cd1,comb,100,300K_prod400/row_0909__comb_uid000429_idx100_rg0_pl1_random__1274929b9cd1.data,319828,2eee34d38096d68b2305a1155860f214cbe85d8030e7f144ce91a5b8ebd9c080,956,1.2099999985304422e-06,-0.48888617,0.41923683
910,300,300K_orthogonal800,star_orth800_uid000819_sk12_rg0_pl1_block__470e5ade9221,star,12,300K_orthogonal800/row_0910__star_orth800_uid000819_sk12_rg0_pl1_block__470e5ade9221.data,323478,569f5395d900759f1dbbe15eb55ac4b38d0d904906142fa53a657d2339cb8016,972,-5.329070518200751e-15,-0.457333,0.460831
911,300,300K_orthogonal800,star_orth800_uid001003_sk13_rg2_pl2_block__a8fa6f6f14d5,star,13,300K_orthogonal800/row_0911__star_orth800_uid001003_sk13_rg2_pl2_block__a8fa6f6f14d5.data,356756,18587ff9a50c21688316bb9f9bcb3f39b908d6753f65453fffcaa8879dac4dcd,1015,-6.938893903907228e-16,-0.559822,1.269122
912,300,300K_orthogonal800,star_orth800_uid001301_sk12_rg2_pl1_random__bb4bb21bb03f,star,12,300K_orthogonal800/row_0912__star_orth800_uid001301_sk12_rg2_pl1_random__bb4bb21bb03f.data,339340,aee3e5b9539f5cdc4abd051875631fd6cf0cfae8c4fdce247ad3ddd674854ea3,954,0.0,-0.239176,0.188004
913,300,300K_orthogonal800,star_orth800_uid001255_sk9_rg1_pl2_random__0c912bbc6609,star,9,300K_orthogonal800/row_0913__star_orth800_uid001255_sk9_rg1_pl2_random__0c912bbc6609.data,328399,ca80813bcb9355e168bc42e2fc270e6bd2850dd115b2c9d9e557d4f73e8f2214,904,2.220446049250313e-16,-0.461826,0.45537
914,300,300K_orthogonal800,linear_orth800_uid000228_sk3_rg1_pl2_alternating__623ff8f20f5f,linear,3,300K_orthogonal800/row_0914__linear_orth800_uid000228_sk3_rg1_pl2_alternating__623ff8f20f5f.data,351413,4f92a0a5b64dd6619cdea9bac566c7ee821a079593b1c3290ab7e2d87c8a69d0,1036,7.382983113757291e-15,-0.394192,0.166782
915,300,300K_prod400,star_uid000190_idx58_rg1_pl0_junction_enriched__c084f1895af7,star,58,300K_prod400/row_0915__star_uid000190_idx58_rg1_pl0_junction_enriched__c084f1895af7.data,329561,63c2d57b686d643255bb57554e700b07b7c78fbc978de43271d68e9bb45f71d2,965,2.0699999912499045e-06,-0.50354181,0.71549819
916,300,300K_prod400,branch_uid000222_idx80_rg2_pl0_random__816d847337e4,branch,80,300K_prod400/row_0916__branch_uid000222_idx80_rg2_pl0_random__816d847337e4.data,322961,5ea7927ac3c8569034653a67fc66359f56c65bae5db7cb92fd546cbc38675568,911,-8.09999997991584e-07,-1.12709244,0.57363444
917,300,300K_prod400,linear_uid000004_idx15_rg0_pl0_random__7dbf629c2717,linear,15,300K_prod400/row_0917__linear_uid000004_idx15_rg0_pl0_random__7dbf629c2717.data,314532,81f102d2d4d302726f8ce97bd5d9e44dcf3dc79b3e87304628b1568298b63098,940,5.500000019031948e-07,-0.39464715,0.16906838
918,300,300K_orthogonal800,star_orth800_uid001241_sk10_rg1_pl1_random__70544ff12d3f,star,10,300K_orthogonal800/row_0918__star_orth800_uid001241_sk10_rg1_pl1_random__70544ff12d3f.data,323725,bb1d46ccda1ff002160ce526e3b6dee4c8751583c70f003b5e3687b34290041c,918,2.0261570199409107e-15,-0.484852,0.456681
919,300,300K_orthogonal800,star_orth800_uid001129_sk12_rg1_pl2_alternating__130b5bd0bbb8,star,12,300K_orthogonal800/row_0919__star_orth800_uid001129_sk12_rg1_pl2_alternating__130b5bd0bbb8.data,290649,4efedfdb815db9e761de2e77edd0a6b9b090c9b6a17089a75484b826888d4f93,909,3.497202527569243e-15,-2.117521,3.177224
920,300,300K_orthogonal800,linear_orth800_uid000232_sk3_rg1_pl2_alternating__9a430cda93a4,linear,3,300K_orthogonal800/row_0920__linear_orth800_uid000232_sk3_rg1_pl2_alternating__9a430cda93a4.data,364502,bdcc989745aa34027d08e091c49864bc9ebe672a3fb7f59ad5a666559ca97d5c,1076,-2.498001805406602e-16,-0.476753,0.432356
921,300,300K_orthogonal800,cyclic_orth800_uid000428_sk7_rg0_pl1_block__f44dead4374f,cyclic,7,300K_orthogonal800/row_0921__cyclic_orth800_uid000428_sk7_rg0_pl1_block__f44dead4374f.data,349505,ca515a6ec14d352f18d8223e5c56398919c920b198173519cc8d3cfa5548ff1a,1015,-7.41073868937292e-15,-0.384883,0.145477
922,300,300K_orthogonal800,cyclic_orth800_uid000640_sk7_rg2_pl1_alternating__9db610fe84a2,cyclic,7,300K_orthogonal800/row_0922__cyclic_orth800_uid000640_sk7_rg2_pl1_alternating__9db610fe84a2.data,317140,adb2a679ffc87e9c46fc5c067c20482fa2e8122908050b50182e7c1226f40868,910,7.799316747991725e-15,-0.57233,1.284735
923,300,300K_prod400,cyclic_uid000141_idx31_rg1_pl0_random__d70b5e9d30a7,cyclic,31,300K_prod400/row_0923__cyclic_uid000141_idx31_rg1_pl0_random__d70b5e9d30a7.data,353838,fdb93d8e9626710334c833eabb6086750132a71a90c36fb74e47f1348477dc74,1056,3.5199999884050204e-06,-0.35497233,0.17262267
924,300,300K_orthogonal800,linear_orth800_uid000248_sk2_rg1_pl2_alternating__4a3c043aa822,linear,2,300K_orthogonal800/row_0924__linear_orth800_uid000248_sk2_rg1_pl2_alternating__4a3c043aa822.data,330127,18d30fab291046c56c8b9243a78dffe17a82fb2acf5893560c74960c12b573fb,997,5.717648576819556e-15,-0.386644,0.157905
925,300,300K_prod400,star_uid000170_idx64_rg2_pl2_random__1876a18f367d,star,64,300K_prod400/row_0925__star_uid000170_idx64_rg2_pl2_random__1876a18f367d.data,344866,41be391c9ad96f1b76d0aa240d9c91073284ae0f91d871e38df270fa5dff2aaf,1021,3.2099999906776144e-06,-0.37039619,0.17262267
926,300,300K_orthogonal800,linear_orth800_uid000186_sk1_rg1_pl0_alternating__5e5603dd71a7,linear,1,300K_orthogonal800/row_0926__linear_orth800_uid000186_sk1_rg1_pl0_alternating__5e5603dd71a7.data,360999,a0fb39bc8329be92caa8dea159edac0e3c851b0ef7547fc7776de5090f9dfee4,1035,-7.993605777301127e-15,-0.4253,0.442223
927,300,300K_prod400,star_uid000100_idx66_rg1_pl0_random__b200900e212c,star,66,300K_prod400/row_0927__star_uid000100_idx66_rg1_pl0_random__b200900e212c.data,336853,9f5d0f740fd63a51857b76ff5dad8c55762872f8a923c5c8eb0ecc69ec30a3dc,969,-1.3100000001708967e-06,-0.39950994,0.17028996
928,300,300K_orthogonal800,star_orth800_uid000927_sk14_rg1_pl2_block__f3312c7480f6,star,14,300K_orthogonal800/row_0928__star_orth800_uid000927_sk14_rg1_pl2_block__f3312c7480f6.data,370808,05e7d67a5ce4f896c26801ae28d7304ad65b6c7af7173da99b4a7c087f9a7f12,1074,5.273559366969494e-16,-1.143413,1.286923
929,300,300K_prod400,linear_uid000100_idx4_rg2_pl2_block__dbc51422d531,linear,4,300K_prod400/row_0929__linear_uid000100_idx4_rg2_pl2_block__dbc51422d531.data,333965,7f2a2573a092d6b1e45844471c7f9218ba240a83df6a1e17ca35cd4c8d1d6d86,934,2.199999986685075e-06,-0.39710936,0.15277356
930,300,300K_orthogonal800,cyclic_orth800_uid000600_sk4_rg1_pl1_alternating__5a939048380a,cyclic,4,300K_orthogonal800/row_0930__cyclic_orth800_uid000600_sk4_rg1_pl1_alternating__5a939048380a.data,380476,6bedfa892ede0592d0bb9742ed61a522c24d62d92c21851413ed0c8b03494aba,1035,4.718447854656915e-16,-0.234716,0.167796
931,300,300K_orthogonal800,linear_orth800_uid000135_sk1_rg2_pl1_block__9ee428a5d900,linear,1,300K_orthogonal800/row_0931__linear_orth800_uid000135_sk1_rg2_pl1_block__9ee428a5d900.data,310439,dbde48c228e5840eb8ac885bfed246a235c824472cd410446586d42b51f6fbcf,921,7.66053886991358e-15,-3.124198,4.124479
932,300,300K_orthogonal800,star_orth800_uid001074_sk9_rg1_pl0_alternating__e1fb2486d4c4,star,9,300K_orthogonal800/row_0932__star_orth800_uid001074_sk9_rg1_pl0_alternating__e1fb2486d4c4.data,373585,2a7a7fcfd3ee876fc91c7c7d5a7346cacd5c957470df1fa2d2c6b46479e64d53,1015,-8.18789480661053e-15,-0.32825,0.168807
933,300,300K_orthogonal800,cyclic_orth800_uid000617_sk7_rg1_pl2_alternating__56ac97b578fd,cyclic,7,300K_orthogonal800/row_0933__cyclic_orth800_uid000617_sk7_rg1_pl2_alternating__56ac97b578fd.data,322217,5ec6e90a19ac1398553507c2d725b731453893c29b38427f95435769450aa207,945,-1.1102230246251565e-16,-1.123934,0.59555
934,300,300K_orthogonal800,linear_orth800_uid000317_sk2_rg1_pl0_random__a0bbe81cbe25,linear,2,300K_orthogonal800/row_0934__linear_orth800_uid000317_sk2_rg1_pl0_random__a0bbe81cbe25.data,324442,86a0f5240b3fbf6b2ac4f6de5b440c9f66c08dc2eb643f3a1a3c29ca6f908679,976,-2.55351295663786e-15,-0.454263,0.452346
935,300,300K_orthogonal800,star_orth800_uid001248_sk8_rg1_pl1_random__265d3565808f,star,8,300K_orthogonal800/row_0935__star_orth800_uid001248_sk8_rg1_pl1_random__265d3565808f.data,338824,11aff971778830de1a0e96a93d727a71b64466b77f9cba5ee8578987222c41aa,944,-6.938893903907228e-16,-0.446458,0.460512
936,300,300K_orthogonal800,linear_orth800_uid000018_sk3_rg0_pl1_block__0d1fcda7d6c8,linear,3,300K_orthogonal800/row_0936__linear_orth800_uid000018_sk3_rg0_pl1_block__0d1fcda7d6c8.data,333471,93d441e428183f9d3ea035ce35508c8f9b9aaead25cb29f2413aa8b515012fb6,974,-8.326672684688674e-16,-0.459575,0.457292
937,300,300K_prod400,cyclic_uid000030_idx35_rg0_pl2_block__f54b828bed41,cyclic,35,300K_prod400/row_0937__cyclic_uid000030_idx35_rg0_pl2_block__f54b828bed41.data,345860,01ce13c3d3c35a31635e50dc85efe13bc8436cc7f94cb5ff8fb2866593a9af97,1032,3.4399999886691734e-06,-0.35497233,0.17262267
938,300,300K_orthogonal800,cyclic_orth800_uid000691_sk7_rg1_pl0_random__4c1ff13b0cac,cyclic,7,300K_orthogonal800/row_0938__cyclic_orth800_uid000691_sk7_rg1_pl0_random__4c1ff13b0cac.data,349505,5cae5cceacca5d6a2e190c47bafad85b682c634b930b7f7f477c6b3a646f771d,1015,-4.6629367034256575e-15,-0.384883,0.145477
939,300,300K_prod400,comb_uid000359_idx102_rg2_pl0_random__5af313900933,comb,102,300K_prod400/row_0939__comb_uid000359_idx102_rg2_pl0_random__5af313900933.data,345522,b78fc6c98a2d3c0f41907a8f64299dae7bcb4a997e7d5851bf4c16dc8fdd6091,984,1.37999999161309e-06,-0.39710936,0.17262267
940,300,300K_orthogonal800,star_orth800_uid000872_sk8_rg1_pl0_block__2cd1ffd3f155,star,8,300K_orthogonal800/row_0940__star_orth800_uid000872_sk8_rg1_pl0_block__2cd1ffd3f155.data,346605,d41bae3522b15a55fbf8c0008e3c84f021c684d5ab2d0da5dbada659589ec8f5,955,-1.2490009027033011e-15,-0.391517,0.168592
941,300,300K_prod400,linear_uid000090_idx4_rg2_pl1_gradient__b04f7ccd2b1e,linear,4,300K_prod400/row_0941__linear_uid000090_idx4_rg2_pl1_gradient__b04f7ccd2b1e.data,356749,9e4c0e00cfc7b06a4ce82daa8d1bb31efb45cf1be10e6369aab10f749363a4e0,1074,1.0099999951107552e-06,-0.40473377,0.17262267
942,300,300K_prod400,linear_uid000061_idx5_rg1_pl1_block__41b11b6ed4ed,linear,5,300K_prod400/row_0942__linear_uid000061_idx5_rg1_pl1_block__41b11b6ed4ed.data,334836,73996b8b2224a328dcdeff7480b647d3edc2c0b23db315cacf7721f43e4ea8e7,977,1.0999999924821147e-06,-0.399811,0.172839
943,300,300K_prod400,linear_uid000083_idx4_rg2_pl0_gradient__026ad7fefb0b,linear,4,300K_prod400/row_0943__linear_uid000083_idx4_rg2_pl0_gradient__026ad7fefb0b.data,354098,0548e39894a4105b7dd84b1b4971473879577e022c74e79faa462c3202c28ea3,1065,6.79999995589764e-07,-0.43327213,0.17262267
944,300,300K_prod400,star_uid000210_idx53_rg1_pl0_junction_enriched__c224d5939c62,star,53,300K_prod400/row_0944__star_uid000210_idx53_rg1_pl0_junction_enriched__c224d5939c62.data,341483,acfb259bf486f4629f1e9371dd95f38080f063ed63288fe81116e9bc24842fa2,1009,3.3099999925956247e-06,-0.50354181,0.71549819
945,300,300K_prod400,branch_uid000181_idx80_rg0_pl0_junction_enriched__3a518b7373bf,branch,80,300K_prod400/row_0945__branch_uid000181_idx80_rg0_pl0_junction_enriched__3a518b7373bf.data,325523,95a30b6a7ad987c275b23b7e170ec0a2b23266ed52fdc3990c4141d3b614c6e7,930,4.799999981652814e-07,-0.40241679,0.17309183
946,300,300K_prod400,linear_uid000043_idx7_rg1_pl0_random__a51b22001eec,linear,7,300K_prod400/row_0946__linear_uid000043_idx7_rg1_pl0_random__a51b22001eec.data,319504,00fe310adde8c46547c725ba31fef424900a835a795ae478d4264e97bb1b082f,952,2.879999990657023e-06,-0.41172475,0.17262267
947,300,300K_orthogonal800,linear_orth800_uid000123_sk3_rg1_pl2_block__c710a5b741a6,linear,3,300K_orthogonal800/row_0947__linear_orth800_uid000123_sk3_rg1_pl2_block__c710a5b741a6.data,365341,3b158bd99fbf2d1bda49ce1aa84d15718c4863dea154c8426c65ea0c6788f7c9,1070,-6.38378239159465e-16,-0.46373,0.45537
948,300,300K_orthogonal800,cyclic_orth800_uid000417_sk6_rg0_pl1_block__92c07d052760,cyclic,6,300K_orthogonal800/row_0948__cyclic_orth800_uid000417_sk6_rg0_pl1_block__92c07d052760.data,326638,0b8da6277837ee8da4b013ec98a5cba6ba2d4f2448b2f55c30f899c0fbea00c1,984,-5.717648576819556e-15,-0.454263,0.452346
949,300,300K_orthogonal800,linear_orth800_uid000121_sk0_rg1_pl2_block__26adf6647e2e,linear,0,300K_orthogonal800/row_0949__linear_orth800_uid000121_sk0_rg1_pl2_block__26adf6647e2e.data,383516,73d4859d7d4966670f71ec30f33556068816cfe543f3826b734e2eb95116139d,1044,6.938893903907228e-16,-0.581266,1.286923
950,300,300K_prod400,branch_uid000193_idx76_rg2_pl1_random__d8058998571c,branch,76,300K_prod400/row_0950__branch_uid000193_idx76_rg2_pl1_random__d8058998571c.data,339032,bf6fbddd27f06fb70b44551f21eda71a3350f647dd026baf4b6f814bdc91012a,955,-8.899999992539875e-07,-0.527178,0.74118433
951,300,300K_prod400,linear_uid000064_idx15_rg1_pl2_random__30c1071888a1,linear,15,300K_prod400/row_0951__linear_uid000064_idx15_rg1_pl2_random__30c1071888a1.data,309071,f318e9b2a48254ce50e5c9261fa8b2c6403675aaa5eec9b3673932a3d13fc464,928,4.3000000218840206e-07,-0.41172475,0.16848804
952,300,300K_orthogonal800,star_orth800_uid001060_sk10_rg1_pl0_alternating__a5e27c992599,star,10,300K_orthogonal800/row_0952__star_orth800_uid001060_sk10_rg1_pl0_alternating__a5e27c992599.data,354130,a475a0b1a4e4836149b27e679e53928c5cd4a94478b1b030f8e36781ba3bcaf0,1014,-6.439293542825908e-15,-0.419965,0.45138
953,300,300K_orthogonal800,star_orth800_uid001012_sk11_rg0_pl1_alternating__e345a3aec468,star,11,300K_orthogonal800/row_0953__star_orth800_uid001012_sk11_rg0_pl1_alternating__e345a3aec468.data,371279,2c78ce248c709a265f4b467e8e2a8afb59b735e6185496c98c497b8d00805f54,1061,-4.718447854656915e-16,-0.442036,0.509829
954,300,300K_orthogonal800,star_orth800_uid001134_sk11_rg2_pl0_alternating__0dc419ca85b5,star,11,300K_orthogonal800/row_0954__star_orth800_uid001134_sk11_rg2_pl0_alternating__0dc419ca85b5.data,389929,0f59404fced874671dfeb9e3bb90803b9372b3e9e02ac8c02e60a0f1550f30a2,1091,-8.881784197001252e-16,-0.427668,0.446336
955,300,300K_prod400,linear_uid000061_idx6_rg1_pl0_alternating__1fcce74202c4,linear,6,300K_prod400/row_0955__linear_uid000061_idx6_rg1_pl0_alternating__1fcce74202c4.data,350546,f348e87687947af58babb84ca6624fe4383b4145527d1b0f1819ed1915b137ac,1014,-1.6900000002761928e-06,-0.35802317,0.17039379
956,300,300K_orthogonal800,cyclic_orth800_uid000612_sk7_rg1_pl2_alternating__912e0280f45b,cyclic,7,300K_orthogonal800/row_0956__cyclic_orth800_uid000612_sk7_rg1_pl2_alternating__912e0280f45b.data,368374,3cfe7e794efce5953736e81ae3c9e156a4f9b8c08e8d0f4e39f03ced51bebd9b,1085,-4.0245584642661925e-15,-0.476753,0.425884
957,300,300K_orthogonal800,star_orth800_uid000871_sk10_rg1_pl0_block__2088aa028bed,star,10,300K_orthogonal800/row_0957__star_orth800_uid000871_sk10_rg1_pl0_block__2088aa028bed.data,380258,14b84716b81bc7fd169017a9ca35e283fd96fd37547ca7ce991aed63a859b274,1079,-1.1102230246251565e-15,-0.445702,0.503907
958,300,300K_orthogonal800,cyclic_orth800_uid000587_sk7_rg1_pl1_alternating__25bfe6c8044d,cyclic,7,300K_orthogonal800/row_0958__cyclic_orth800_uid000587_sk7_rg1_pl1_alternating__25bfe6c8044d.data,356322,d60c57b72a135927ccb2119e5022c1bfd297b8d85fe06fea72d0da3f3b70c96e,1050,7.771561172376096e-15,-0.306426,0.159225
959,300,300K_orthogonal800,linear_orth800_uid000031_sk1_rg0_pl1_block__4fe7d9d2d887,linear,1,300K_orthogonal800/row_0959__linear_orth800_uid000031_sk1_rg0_pl1_block__4fe7d9d2d887.data,312880,350e67bc784602ccdf0303ca97cbd44ac298b7266a401fe1c2f9e432d1802930,934,-8.271161533457416e-15,-0.378032,0.159487
960,300,300K_orthogonal800,cyclic_orth800_uid000456_sk7_rg1_pl0_block__129444cf87e1,cyclic,7,300K_orthogonal800/row_0960__cyclic_orth800_uid000456_sk7_rg1_pl0_block__129444cf87e1.data,333859,6203507a5e42e3a4106690aab10546b7544e7e21607f1b09f5f64f2fa19e15bb,980,5.551115123125783e-17,-0.480822,0.17965
961,300,300K_orthogonal800,cyclic_orth800_uid000692_sk7_rg1_pl0_random__7773f0ac8953,cyclic,7,300K_orthogonal800/row_0961__cyclic_orth800_uid000692_sk7_rg1_pl0_random__7773f0ac8953.data,356317,8e6d7d0a66b3440e433aaef4cb52205d9a4e8df6428f3cc4683f568f235d2e3e,1050,5.800915303666443e-15,-0.310112,0.159487
962,300,300K_prod400,linear_uid000065_idx6_rg1_pl1_random__224f4011e0b2,linear,6,300K_prod400/row_0962__linear_uid000065_idx6_rg1_pl1_random__224f4011e0b2.data,313314,80973ca7e7ae4c76aa1f4131eab7c53be0573502652a4976e5fcbe5770eb306e,941,-2.359999985351857e-06,-0.43327213,0.16921521
963,300,300K_prod400,linear_uid000020_idx16_rg0_pl0_block__143d2f965a7e,linear,16,300K_prod400/row_0963__linear_uid000020_idx16_rg0_pl0_block__143d2f965a7e.data,359486,7c2b3bb5172b2ce93b70a29fb6f71c372186b1dd3dd113f9461e8e8fa6f2ba54,1038,2.689999987787184e-06,-0.39710936,0.172839
964,300,300K_orthogonal800,linear_orth800_uid000378_sk2_rg2_pl1_random__e1702541ce98,linear,2,300K_orthogonal800/row_0964__linear_orth800_uid000378_sk2_rg2_pl1_random__e1702541ce98.data,335119,6c829fcbe123a4a746a1d8a3a6f604dd8bf71425697573f2bc11472c7b300efc,942,-8.326672684688674e-17,-0.401764,0.187642
965,300,300K_orthogonal800,linear_orth800_uid000254_sk2_rg2_pl1_alternating__ec7dae8aa8ed,linear,2,300K_orthogonal800/row_0965__linear_orth800_uid000254_sk2_rg2_pl1_alternating__ec7dae8aa8ed.data,338430,4120f9123f03b393107289d71ffa2d7ddb6b4a417f5e21525f52333701ec2736,954,-5.551115123125783e-15,-0.227977,0.188004
966,300,300K_orthogonal800,star_orth800_uid000937_sk14_rg2_pl0_block__5f9fb6b1d503,star,14,300K_orthogonal800/row_0966__star_orth800_uid000937_sk14_rg2_pl0_block__5f9fb6b1d503.data,391443,3593a6c734ed6b64369d5fe98b697b0e6831a7383f654c34326cfe72e005b4b9,1095,5.828670879282072e-16,-0.240957,0.143828
967,300,300K_prod400,cyclic_uid000013_idx26_rg0_pl0_gradient__ffb5ef4bb14a,cyclic,26,300K_prod400/row_0967__cyclic_uid000013_idx26_rg0_pl0_gradient__ffb5ef4bb14a.data,319979,542d15d74cc4f5e281fd2e6883dac368929cdb86f62d049ccb6112523ec4c41b,962,6.999999955514813e-07,-0.40473377,0.17262267
968,300,300K_orthogonal800,cyclic_orth800_uid000566_sk7_rg1_pl0_alternating__bad3f0dcb375,cyclic,7,300K_orthogonal800/row_0968__cyclic_orth800_uid000566_sk7_rg1_pl0_alternating__bad3f0dcb375.data,338579,bfaf4615f24047948f089a32b1333c7024e756358263ae8792faae35f817b0c6,1015,5.551115123125783e-17,-1.125563,0.610522
969,300,300K_orthogonal800,star_orth800_uid001008_sk11_rg2_pl2_block__81b4cb0ae9d9,star,11,300K_orthogonal800/row_0969__star_orth800_uid001008_sk11_rg2_pl2_block__81b4cb0ae9d9.data,303357,02fd50f71cff1dcdd58f755c3c2cc426dea54cf0b08a3fa79986adfd0bbbee2e,905,-6.938893903907228e-15,-0.551349,1.283243
970,300,300K_orthogonal800,linear_orth800_uid000364_sk3_rg1_pl2_random__384de82b945c,linear,3,300K_orthogonal800/row_0970__linear_orth800_uid000364_sk3_rg1_pl2_random__384de82b945c.data,317161,763850018f98e3a334301b8fc2ebd08a73db950bd52b045b5fee4373003ad713,934,-1.3877787807814457e-15,-0.484235,0.452674
971,300,300K_prod400,cyclic_uid000245_idx36_rg1_pl0_random__2c9637899aab,cyclic,36,300K_prod400/row_0971__cyclic_uid000245_idx36_rg1_pl0_random__2c9637899aab.data,353956,32ed7c02c237cb562a7924abe316da07433055fa2b0b47c9700b7edb2bb33b8e,1024,-1.6700000005642757e-06,-0.35802317,0.172839
972,300,300K_orthogonal800,linear_orth800_uid000171_sk3_rg0_pl1_alternating__49572f13c67b,linear,3,300K_orthogonal800/row_0972__linear_orth800_uid000171_sk3_rg0_pl1_alternating__49572f13c67b.data,321845,9a9f74c828b01ed0c80f26b8e1840cbf85c372e282f2be7532ee576cf9522e8c,946,-3.0531133177191805e-16,-0.570759,1.291132
973,300,300K_orthogonal800,linear_orth800_uid000313_sk0_rg1_pl0_random__461ac2f0a336,linear,0,300K_orthogonal800/row_0973__linear_orth800_uid000313_sk0_rg1_pl0_random__461ac2f0a336.data,387712,0ee26dc8e975ddbe090fde7ba0e6a7ac4a8bf43e7f5822eaf95e1a80b1db7443,1092,1.1379786002407855e-15,-3.124198,4.124479
974,300,300K_prod400,star_uid000189_idx53_rg0_pl0_junction_enriched__50c376d1d0f8,star,53,300K_prod400/row_0974__star_uid000189_idx53_rg0_pl0_junction_enriched__50c376d1d0f8.data,346092,6e5a1b2db226e7524cd7e196b685e7527016b89aab187f44cd9bb41880b4ab3a,1025,2.429999990838372e-06,-0.50354181,0.71549819
975,300,300K_orthogonal800,cyclic_orth800_uid000656_sk7_rg2_pl1_alternating__b2cf041f6763,cyclic,7,300K_orthogonal800/row_0975__cyclic_orth800_uid000656_sk7_rg2_pl1_alternating__b2cf041f6763.data,356690,45f124da8038115b31d7e3e85dcd6c8e17720581fd388e5dacfdd7e142d952b6,1050,5.551115123125783e-17,-0.310396,0.305947
976,300,300K_orthogonal800,cyclic_orth800_uid000637_sk6_rg2_pl1_alternating__a1d4f7c6039e,cyclic,6,300K_orthogonal800/row_0976__cyclic_orth800_uid000637_sk6_rg2_pl1_alternating__a1d4f7c6039e.data,340340,885a0cf82f797514787caf31696554912ff09e1c4b6a7c096da12251a2910811,951,-7.771561172376096e-16,-0.411898,0.448034
977,300,300K_orthogonal800,cyclic_orth800_uid000506_sk7_rg1_pl2_block__861045095361,cyclic,7,300K_orthogonal800/row_0977__cyclic_orth800_uid000506_sk7_rg1_pl2_block__861045095361.data,333321,d6899a272a84148f14cc4532630f0b7a7f706ed822402bd1621f3bca9fbcf272,980,-1.6653345369377348e-16,-0.573987,1.287126
978,300,300K_prod400,star_uid000104_idx64_rg0_pl0_random__ce7278cbc8f1,star,64,300K_prod400/row_0978__star_uid000104_idx64_rg0_pl0_random__ce7278cbc8f1.data,346296,511afa6d0feac0d73d2478029791bde1a993f70bcefce91dbc0a44e26cb4c865,1022,2.879999991961535e-06,-0.40921553,0.19168347
979,300,300K_prod400,comb_uid000444_idx100_rg1_pl0_junction_enriched__ab416ef75ccf,comb,100,300K_prod400/row_0979__comb_uid000444_idx100_rg1_pl0_junction_enriched__ab416ef75ccf.data,348822,bac262c03472320644e841f4489d1801b7d076ef4cb2b4b0e2e35ea5c089ed1d,1032,1.9599999933617163e-06,-0.52697633,0.41853772
980,300,300K_prod400,branch_uid000187_idx76_rg2_pl0_random__adc4027240e2,branch,76,300K_prod400/row_0980__branch_uid000187_idx76_rg2_pl0_random__adc4027240e2.data,355498,821c0b0da8d0439f13855f492b7778869fe6c8dcf6616f5a2e78003b9b9a5ae6,1027,-5.499999954916568e-07,-0.53059822,0.42862033
981,300,300K_orthogonal800,linear_orth800_uid000023_sk3_rg0_pl1_block__1e93818dc8bd,linear,3,300K_orthogonal800/row_0981__linear_orth800_uid000023_sk3_rg0_pl1_block__1e93818dc8bd.data,331003,760dcf77a9955a1c2bad843d11bdfd7e25740357776f26c8998b68a684574832,974,-6.855627177060342e-15,-0.47806,0.181852
982,300,300K_orthogonal800,star_orth800_uid000825_sk11_rg0_pl1_block__47ee7d645ef2,star,11,300K_orthogonal800/row_0982__star_orth800_uid000825_sk11_rg0_pl1_block__47ee7d645ef2.data,367255,4154913efff6c44543034bbabbc383ca71c2df84b7200a04d260a6ad4fe92ec4,1043,-3.608224830031759e-16,-0.447018,0.507246
983,300,300K_orthogonal800,cyclic_orth800_uid000418_sk5_rg0_pl1_block__dba8093ae63c,cyclic,5,300K_orthogonal800/row_0983__cyclic_orth800_uid000418_sk5_rg0_pl1_block__dba8093ae63c.data,317842,81c5690b83b6a6d9b236744b4536320df0df4ece6cedc51c43078d3cd181029b,900,4.440892098500626e-16,-1.145544,0.618707
984,300,300K_orthogonal800,star_orth800_uid000896_sk14_rg1_pl1_block__4e488d5d11cd,star,14,300K_orthogonal800/row_0984__star_orth800_uid000896_sk14_rg1_pl1_block__4e488d5d11cd.data,341744,6d020d0a30a818c18af5ef15d82511bf71d9a842199acba0b06b4aa4177b6faf,998,-5.9396931817445875e-15,-0.453819,0.45537
985,300,300K_orthogonal800,star_orth800_uid001088_sk11_rg1_pl1_alternating__ba394e2509f6,star,11,300K_orthogonal800/row_0985__star_orth800_uid001088_sk11_rg1_pl1_alternating__ba394e2509f6.data,352507,b8f1d230e7365ece27265dc0d9417434a541150e14f180fcd0339a8c876cc404,1007,-6.106226635438361e-15,-0.533583,1.292
986,300,300K_orthogonal800,star_orth800_uid000839_sk11_rg0_pl2_block__e29a983e5b14,star,11,300K_orthogonal800/row_0986__star_orth800_uid000839_sk11_rg0_pl2_block__e29a983e5b14.data,382272,8893c93c7b32dca13eff9f7041e3491b4c4404c775c8cd363ccb369622e7a6b8,1078,-2.498001805406602e-16,-0.434575,0.468239
987,300,300K_prod400,cyclic_uid000048_idx41_rg1_pl1_random__760d23f01b64,cyclic,41,300K_prod400/row_0987__cyclic_uid000048_idx41_rg1_pl1_random__760d23f01b64.data,344777,cb5833261737282eb8a5fad0333a5d40c684e14d9a7ced9cb80676624fc8e00c,1002,1.3999999990965684e-06,-0.38076,0.15390744
988,300,300K_orthogonal800,star_orth800_uid000960_sk14_rg2_pl1_block__218be52d9b42,star,14,300K_orthogonal800/row_0988__star_orth800_uid000960_sk14_rg2_pl1_block__218be52d9b42.data,350578,78623ecb035a1a8ead054a56c53153caad03e81fe7c15d2d12ae9b2c77d3e6f4,1032,-4.912736883966318e-15,-0.394192,0.166782
989,300,300K_orthogonal800,cyclic_orth800_uid000583_sk6_rg1_pl0_alternating__89b582a3239e,cyclic,6,300K_orthogonal800/row_0989__cyclic_orth800_uid000583_sk6_rg1_pl0_alternating__89b582a3239e.data,340127,bd0dd6c728ef90d48dad28860c371498827d671e1b4802f8a0e1920f30c35b63,1023,6.5503158452884236e-15,-0.386644,0.158409
990,300,300K_orthogonal800,linear_orth800_uid000094_sk1_rg1_pl1_block__59ee13f16f67,linear,1,300K_orthogonal800/row_0990__linear_orth800_uid000094_sk1_rg1_pl1_block__59ee13f16f67.data,330469,cbd5ad633d508183beb612a80a8c1681534b999c5a5e42f39a570de58629c05c,921,0.0,-1.12871,0.605365
991,300,300K_prod400,linear_uid000037_idx4_rg0_pl2_gradient__7b88e33fd85b,linear,4,300K_prod400/row_0991__linear_uid000037_idx4_rg0_pl2_gradient__7b88e33fd85b.data,354878,366874c8c76d91db8a5d5d2dbc9f0b075a1018c8e4a94935b3bb2f6f39df15d9,1071,5.899999952208024e-07,-0.40473377,0.17262267
992,300,300K_orthogonal800,star_orth800_uid001273_sk12_rg1_pl2_random__633e22df6ed2,star,12,300K_orthogonal800/row_0992__star_orth800_uid001273_sk12_rg1_pl2_random__633e22df6ed2.data,326844,64d81e9580876d2ce1bce4725b17e030ef27f25f79461f95bc43eb36cde007b9,943,-3.802513859341161e-15,-1.14728,0.617163
993,300,300K_orthogonal800,linear_orth800_uid000273_sk2_rg2_pl1_alternating__032c5d5afe0b,linear,2,300K_orthogonal800/row_0993__linear_orth800_uid000273_sk2_rg2_pl1_alternating__032c5d5afe0b.data,330714,8332ca45b67b1991930607d19e05f71d3e72c54aaa358c347760c6a323c11c4c,997,-1.6653345369377348e-16,-0.378291,0.158371
994,300,300K_orthogonal800,cyclic_orth800_uid000747_sk7_rg1_pl2_random__6615cf999a4b,cyclic,7,300K_orthogonal800/row_0994__cyclic_orth800_uid000747_sk7_rg1_pl2_random__6615cf999a4b.data,338574,a6760d9fcdfcf99ba1eb085d2bc8f37b4083bcc048afaf2eb2ec318cb0034921,1015,-8.326672684688674e-16,-1.144895,0.616815
995,300,300K_orthogonal800,cyclic_orth800_uid000508_sk6_rg1_pl2_block__199bc235db35,cyclic,6,300K_orthogonal800/row_0995__cyclic_orth800_uid000508_sk6_rg1_pl2_block__199bc235db35.data,340121,4bada62e7f97db0e2baf863c8f73ffb36aa4a3ea3da1a77496e501e8d00ce958,1023,-5.717648576819556e-15,-0.384143,0.159487
996,300,300K_orthogonal800,linear_orth800_uid000065_sk2_rg1_pl0_block__ad2bda41839b,linear,2,300K_orthogonal800/row_0996__linear_orth800_uid000065_sk2_rg1_pl0_block__ad2bda41839b.data,345240,a42c703d843d4f3081fff6ebff540abb70a0a07945128ea9517ddf1437330247,967,-7.771561172376096e-16,-0.422871,0.447947
997,300,300K_orthogonal800,cyclic_orth800_uid000592_sk7_rg1_pl1_alternating__17d5d0d17c9f,cyclic,7,300K_orthogonal800/row_0997__cyclic_orth800_uid000592_sk7_rg1_pl1_alternating__17d5d0d17c9f.data,368369,21c87c846c3f0cf393b50240d48b317a97b2cb87c3bc9da27dfee86e63309943,1085,-3.969047313034935e-15,-0.476753,0.425884
998,300,300K_prod400,linear_uid000103_idx16_rg2_pl2_gradient__93755c4be754,linear,16,300K_prod400/row_0998__linear_uid000103_idx16_rg2_pl2_gradient__93755c4be754.data,323297,61431b99e654bc7c7d5306f802e291be973be0f7037889f6d2c88b5a98a50502,966,2.8999999914514074e-06,-0.40126508,0.17341525
999,300,300K_prod400,linear_uid000043_idx5_rg1_pl0_block__9a9f9e9f0e44,linear,5,300K_prod400/row_0999__linear_uid000043_idx5_rg1_pl0_block__9a9f9e9f0e44.data,332429,81efda7893994a6e9b67be532318bd3c4232999c2d85f21bfbcaf4fb18d2e9b3,1000,9.499999954754035e-07,-0.40473377,0.17262267
1000,300,300K_orthogonal800,star_orth800_uid001061_sk11_rg1_pl0_alternating__6156c47e76a1,star,11,300K_orthogonal800/row_1000__star_orth800_uid001061_sk11_rg1_pl0_alternating__6156c47e76a1.data,326610,6d7fb645c7039a8dab7ff93d19fa6e25d10793811acad1419aebaf2bec806a71,914,-1.1102230246251565e-15,-0.4258,0.445502
1001,300,300K_orthogonal800,star_orth800_uid000858_sk13_rg0_pl2_block__dd08d3c2b8e9,star,13,300K_orthogonal800/row_1001__star_orth800_uid000858_sk13_rg0_pl2_block__dd08d3c2b8e9.data,355094,96acde6134445226e0a77f2209edc64e5b29486e8d2afd7d8dfcb933b9c44bc8,1013,1.942890293094024e-16,-0.382326,0.185572
1002,300,300K_prod400,cyclic_uid000019_idx44_rg0_pl1_block__4fc714d430a0,cyclic,44,300K_prod400/row_1002__cyclic_uid000019_idx44_rg0_pl1_block__4fc714d430a0.data,348481,25d2faa863ba44bae6864f731d8fe1df4215bc03be6bd9fb3c56a3a7bc0d7c66,1049,7.09999995268662e-07,-0.40473377,0.17262267
1003,300,300K_orthogonal800,star_orth800_uid000951_sk11_rg2_pl0_block__1a56b198baec,star,11,300K_orthogonal800/row_1003__star_orth800_uid000951_sk11_rg2_pl0_block__1a56b198baec.data,309613,b3aeb92084536915486ef3c9a05bb83502282345c43ba429628b34266c787827,916,-6.217248937900877e-15,-0.310049,0.159487
1004,300,300K_orthogonal800,linear_orth800_uid000101_sk0_rg1_pl1_block__920c98485ed6,linear,0,300K_orthogonal800/row_1004__linear_orth800_uid000101_sk0_rg1_pl1_block__920c98485ed6.data,359427,6d2ac33644796ad222512ba9171c0eb618f2f561c28326e033ce49befe4816ed,977,2.1649348980190553e-15,-0.445702,0.505975
1005,300,300K_orthogonal800,cyclic_orth800_uid000443_sk6_rg1_pl0_block__36cdea54acda,cyclic,6,300K_orthogonal800/row_1005__cyclic_orth800_uid000443_sk6_rg1_pl0_block__36cdea54acda.data,340121,5c709c639d189a9aaecf33ef917ec9c6586ce9586a850f0a1ff327b4f519e8d9,1023,-5.523359547510154e-15,-0.384143,0.159487
1006,300,300K_orthogonal800,star_orth800_uid000968_sk13_rg2_pl1_block__b7b3378d7681,star,13,300K_orthogonal800/row_1006__star_orth800_uid000968_sk13_rg2_pl1_block__b7b3378d7681.data,362028,89d417e4702f364afb6f7d58c5e2012920088d1f0c9658e53efb6f617d6c1b3f,1049,-5.6343818499726694e-15,-0.540168,1.28892
1007,300,300K_prod400,branch_uid000167_idx76_rg1_pl1_random__5c0dd3540701,branch,76,300K_prod400/row_1007__branch_uid000167_idx76_rg1_pl1_random__5c0dd3540701.data,344064,5b39a776668ec50642eb05dce8fd143bacf4b5e10d2100bf0da53a115ccd4546,962,6.399999996631323e-07,-1.12299169,0.57099638
1008,300,300K_orthogonal800,star_orth800_uid000833_sk10_rg0_pl1_block__c24c1efdeec1,star,10,300K_orthogonal800/row_1008__star_orth800_uid000833_sk10_rg0_pl1_block__c24c1efdeec1.data,386723,8bb0a7775612cf656dde44b4e74362b86eae816add374865d8d46b898c049bea,1084,-8.326672684688674e-17,-0.425467,0.461471
1009,300,300K_prod400,comb_uid000342_idx102_rg1_pl1_junction_enriched__83ada29462be,comb,102,300K_prod400/row_1009__comb_uid000342_idx102_rg1_pl1_junction_enriched__83ada29462be.data,366751,df810c948f9f19fcb5522333816043631cd25d3f31e326630ec8c768b1dd5c29,1096,1.4199999964770171e-06,-0.534469,0.41748458
1010,300,300K_prod400,cyclic_uid000155_idx39_rg2_pl0_block__9cb28a5b7c34,cyclic,39,300K_prod400/row_1010__cyclic_uid000155_idx39_rg2_pl0_block__9cb28a5b7c34.data,365616,8ff64130b987bca7627650d3e9a5b13fd2e67de259240ec50dc76a9921f09b97,1080,2.0799999909948408e-06,-0.35497233,0.17262267
1011,300,300K_orthogonal800,linear_orth800_uid000008_sk1_rg0_pl0_block__7448b8ff00fc,linear,1,300K_orthogonal800/row_1011__linear_orth800_uid000008_sk1_rg0_pl0_block__7448b8ff00fc.data,310736,3b4e80b22ee06242db5b5748a9a314e9b7be888101416ab3092c756f6d292bda,926,-7.965850201685498e-15,-0.308098,0.159487
1012,300,300K_orthogonal800,cyclic_orth800_uid000542_sk5_rg0_pl1_alternating__8106f7750109,cyclic,5,300K_orthogonal800/row_1012__cyclic_orth800_uid000542_sk5_rg0_pl1_alternating__8106f7750109.data,342280,f559fa55cdc8dbc8b5632a34e17993b626d0148433389bdb1f3da0e30db8ba74,960,-6.661338147750939e-16,-0.425306,0.439117
1013,300,300K_orthogonal800,cyclic_orth800_uid000533_sk7_rg2_pl1_block__4af16bec8f00,cyclic,7,300K_orthogonal800/row_1013__cyclic_orth800_uid000533_sk7_rg2_pl1_block__4af16bec8f00.data,356316,52909e07943c15affc36f5b36472303a75c019529969c6e1573249d80e1fd221,1050,-6.38378239159465e-15,-0.310112,0.159487
1014,300,300K_orthogonal800,star_orth800_uid001013_sk12_rg0_pl1_alternating__0cb264c9f5b3,star,12,300K_orthogonal800/row_1014__star_orth800_uid001013_sk12_rg0_pl1_alternating__0cb264c9f5b3.data,338094,f0ed1219447d91cd989249591a21442a43bae96ff9dac3cc8d5a04fca11aef59,1009,0.0,-0.452969,0.462746
1015,300,300K_orthogonal800,cyclic_orth800_uid000740_sk7_rg1_pl2_random__64a1f91742b6,cyclic,7,300K_orthogonal800/row_1015__cyclic_orth800_uid000740_sk7_rg1_pl2_random__64a1f91742b6.data,356767,7ed7b9dce5b9a4b0d449ff07d9c681b9e0089c71648928c6c7c4e6fdbde064e9,1050,-3.219646771412954e-15,-0.310396,0.313277
1016,300,300K_orthogonal800,branch_orth800_uid001416_sk19_rg2_pl1_block__8d1e2e61ca67,branch,19,300K_orthogonal800/row_1016__branch_orth800_uid001416_sk19_rg2_pl1_block__8d1e2e61ca67.data,361179,20caf4cee8f33cdb8361f47e24dd19fe49ae50228a1dccc14e325f48e8af622e,983,6.938893903907228e-16,-0.557017,1.286319
1017,300,300K_orthogonal800,linear_orth800_uid000010_sk2_rg0_pl0_block__bd381cc00bb9,linear,2,300K_orthogonal800/row_1017__linear_orth800_uid000010_sk2_rg0_pl0_block__bd381cc00bb9.data,365072,5008883f803d3947c987ed779f28e04bbc7e35f456ddf61e46a57136f27924c8,1035,0.0,-0.239176,0.18541
1018,300,300K_orthogonal800,star_orth800_uid000970_sk8_rg2_pl1_block__7c951729927d,star,8,300K_orthogonal800/row_1018__star_orth800_uid000970_sk8_rg2_pl1_block__7c951729927d.data,371774,7b2f6e154965e41d2143adf26c95807cfd93a04ce6b62cda6bac53aa7885baeb,1013,6.106226635438361e-16,-0.3879,0.168748
1019,300,300K_orthogonal800,cyclic_orth800_uid000632_sk7_rg1_pl2_alternating__c0d902fe8fc1,cyclic,7,300K_orthogonal800/row_1019__cyclic_orth800_uid000632_sk7_rg1_pl2_alternating__c0d902fe8fc1.data,356322,5bb677695e27d26086b70fa5268350bdcf0567bd435ce2d5af086c453ade6036,1050,7.743805596760467e-15,-0.306426,0.159225
1020,300,300K_prod400,cyclic_uid000103_idx39_rg0_pl0_block__3a99320923d9,cyclic,39,300K_prod400/row_1020__cyclic_uid000103_idx39_rg0_pl0_block__3a99320923d9.data,322968,b3bac49cfb12cc40d15164786ac102518321d53c8cc4cc37f445d1606d112644,960,-1.4999999570219913e-07,-0.508447,0.715046
1021,300,300K_orthogonal800,linear_orth800_uid000096_sk2_rg1_pl1_block__c60ed7a63d4b,linear,2,300K_orthogonal800/row_1021__linear_orth800_uid000096_sk2_rg1_pl1_block__c60ed7a63d4b.data,335639,a1c3596b0b2df511a88ffcf9554adfcabfea0e3da920265c5eb63bbc29afed84,949,-3.9968028886505635e-15,-0.384875,0.168598
1022,300,300K_prod400,branch_uid000136_idx76_rg0_pl0_junction_enriched__fadb31b0c9c2,branch,76,300K_prod400/row_1022__branch_uid000136_idx76_rg0_pl0_junction_enriched__fadb31b0c9c2.data,336798,0486eb0053a11eeef152e6503f2c07755012890c437d38fa9abab8e46a8d9601,938,-9.299999987888441e-07,-1.13024688,0.57886112
1023,300,300K_orthogonal800,linear_orth800_uid000020_sk2_rg0_pl1_block__cdc5c15ae888,linear,2,300K_orthogonal800/row_1023__linear_orth800_uid000020_sk2_rg0_pl1_block__cdc5c15ae888.data,373516,5fcdaaaf80bce714e4c863c1d4c6ff9bf26a9c187ff963f3382569d3001f633a,1086,-5.6066262743570405e-15,-0.378032,0.159487
1024,300,300K_orthogonal800,star_orth800_uid001120_sk12_rg1_pl2_alternating__ba5f5764aa51,star,12,300K_orthogonal800/row_1024__star_orth800_uid001120_sk12_rg1_pl2_alternating__ba5f5764aa51.data,331913,c5d0d2c19ea6905e14376933b215934725d73a16be32b80dc88616f6b9355f7e,999,5.162537064506978e-15,-0.489016,0.168034
1025,300,300K_orthogonal800,star_orth800_uid000965_sk9_rg2_pl1_block__2a8f0b9e8620,star,9,300K_orthogonal800/row_1025__star_orth800_uid000965_sk9_rg2_pl1_block__2a8f0b9e8620.data,356082,ecc8c24169ad9ca3005ec50397f17a69e09c0bcd96d99caebf8818a02e1c1253,968,-9.71445146547012e-16,-0.581266,1.293726
1026,300,300K_prod400,cyclic_uid000220_idx36_rg0_pl0_block__567b5846d9fb,cyclic,36,300K_prod400/row_1026__cyclic_uid000220_idx36_rg0_pl0_block__567b5846d9fb.data,302378,c3f0ea8d030e4c9ab73fdbcad76a1e671e133cbf7acfbd5739da01d7e8967227,912,1.839999993813457e-06,-0.50602375,0.39786325
1027,300,300K_prod400,branch_uid000179_idx76_rg2_pl0_random__789c065280d0,branch,76,300K_prod400/row_1027__branch_uid000179_idx76_rg2_pl0_random__789c065280d0.data,354328,9e51fe496e39878f1ce667c8d2f68e311c0083b820a4b91e853b878df29b8711,1006,-9.600000032972122e-07,-0.38962868,0.17593961
1028,300,300K_orthogonal800,linear_orth800_uid000122_sk2_rg1_pl2_block__8060d2347e74,linear,2,300K_orthogonal800/row_1028__linear_orth800_uid000122_sk2_rg1_pl2_block__8060d2347e74.data,330708,ca1b5250012b5eb45a611a3cdf2ab2e3f430b09a317aeea0da8a58bce1c28259,997,-1.0408340855860843e-14,-0.378291,0.159487
1029,300,300K_orthogonal800,star_orth800_uid000887_sk13_rg1_pl1_block__f2ca40f9ff00,star,13,300K_orthogonal800/row_1029__star_orth800_uid000887_sk13_rg1_pl1_block__f2ca40f9ff00.data,377411,e1912d788ee7deda90e27c3b5090b7147dfa1e08b302f78108b0bcc28c2caf95,1061,8.326672684688674e-16,-0.579155,1.289176
1030,300,300K_orthogonal800,linear_orth800_uid000097_sk2_rg1_pl1_block__41821f845a3a,linear,2,300K_orthogonal800/row_1030__linear_orth800_uid000097_sk2_rg1_pl1_block__41821f845a3a.data,320165,9b1a2b924043abb3b4a1ff443f2549c2e7ae322e11a07eb37a0b2dd8778abf19,902,8.326672684688674e-16,-0.421705,0.439944
1031,300,300K_orthogonal800,linear_orth800_uid000204_sk3_rg1_pl1_alternating__21100c0d71e9,linear,3,300K_orthogonal800/row_1031__linear_orth800_uid000204_sk3_rg1_pl1_alternating__21100c0d71e9.data,321345,78b86c53d8fe1187d2176558371b4611a6aac1fe332425c998f123092528cab5,968,-7.188694084447889e-15,-1.147717,0.61643
1032,300,300K_orthogonal800,star_orth800_uid001096_sk14_rg1_pl1_alternating__e7a99fffbaf7,star,14,300K_orthogonal800/row_1032__star_orth800_uid001096_sk14_rg1_pl1_alternating__e7a99fffbaf7.data,347915,e5a0cd89e2a017d0b79fa7df14f3ab1067f3b5d1d854d0080575e0a2d8669a4b,1025,6.161737786669619e-15,-0.390632,0.164032
1033,300,300K_orthogonal800,cyclic_orth800_uid000440_sk7_rg1_pl0_block__3a1293fc440e,cyclic,7,300K_orthogonal800/row_1033__cyclic_orth800_uid000440_sk7_rg1_pl0_block__3a1293fc440e.data,338499,3a23aedd33f65b45a2cd98c1b87291c5f4a1895bae369e72dd9191ced47320a4,1015,-1.6653345369377348e-16,-1.144205,0.629913
1034,300,300K_orthogonal800,star_orth800_uid001158_sk13_rg2_pl1_alternating__e9c192c719fa,star,13,300K_orthogonal800/row_1034__star_orth800_uid001158_sk13_rg2_pl1_alternating__e9c192c719fa.data,324624,0ad508f8a1d1d65cce5f7e9eef06a7f9e5b78275876719555f3accf4ab77b8ba,974,-1.942890293094024e-16,-0.535919,1.294368
1035,300,300K_orthogonal800,star_orth800_uid001282_sk12_rg2_pl1_random__41f3a675c527,star,12,300K_orthogonal800/row_1035__star_orth800_uid001282_sk12_rg2_pl1_random__41f3a675c527.data,369551,9efa070086063f558bf50a7b3bc3833cf95d57a27bb010e9440fa22c8bdbd836,1075,-4.996003610813204e-16,-0.378032,0.159487
1036,300,300K_orthogonal800,star_orth800_uid001250_sk10_rg1_pl1_random__6c6da60d4ab5,star,10,300K_orthogonal800/row_1036__star_orth800_uid001250_sk10_rg1_pl1_random__6c6da60d4ab5.data,391498,9dc668a552330a3202360be01f08613ab4b6b6646f9e6ff5f7b73bca1bebe2d3,1085,-4.440892098500626e-15,-0.50108,0.169371
1037,300,300K_prod400,star_uid000236_idx56_rg2_pl2_random__6b5335adf5ea,star,56,300K_prod400/row_1037__star_uid000236_idx56_rg2_pl2_random__6b5335adf5ea.data,301842,c3d33914629bf245cf8abd48f4418845710b072e53e9f20c779323d379a1e48b,908,-1.939999988570529e-06,-0.42828292,0.1708335
1038,300,300K_orthogonal800,cyclic_orth800_uid000631_sk7_rg1_pl2_alternating__d8b9c387236b,cyclic,7,300K_orthogonal800/row_1038__cyclic_orth800_uid000631_sk7_rg1_pl2_alternating__d8b9c387236b.data,336675,7dd7e77429619687513fa763d98e79884a40ad5fdaca08f55aa5076db618c9c2,980,-7.577272143066693e-15,-0.461444,0.452226
1039,300,300K_orthogonal800,linear_orth800_uid000080_sk3_rg1_pl1_block__9026c58633b3,linear,3,300K_orthogonal800/row_1039__linear_orth800_uid000080_sk3_rg1_pl1_block__9026c58633b3.data,300402,833cc3efce3a9335906c999d4fd58164b2df65ea56b2b1a49e486e668807c1f7,906,6.106226635438361e-15,-3.124198,4.124479
1040,300,300K_orthogonal800,cyclic_orth800_uid000737_sk6_rg1_pl2_random__0780a47b3b06,cyclic,6,300K_orthogonal800/row_1040__cyclic_orth800_uid000737_sk6_rg1_pl2_random__0780a47b3b06.data,340122,59d1eb7dfde2e1513529ec66e7011f6b42d58dab8f3232410ed35812ec6cc2b7,1023,2.3592239273284576e-15,-0.386644,0.159487
1041,300,300K_orthogonal800,linear_orth800_uid000056_sk0_rg1_pl0_block__bfb6d4d18964,linear,0,300K_orthogonal800/row_1041__linear_orth800_uid000056_sk0_rg1_pl0_block__bfb6d4d18964.data,386546,9dca3d3fff0a533a56c0ab1eb72d9e3dde5c5f1bf31c5a1d96be2ac3a3fba314,1050,5.828670879282072e-16,-0.3278,0.16858
1042,300,300K_orthogonal800,linear_orth800_uid000196_sk3_rg1_pl0_alternating__7aa7d6ea76d9,linear,3,300K_orthogonal800/row_1042__linear_orth800_uid000196_sk3_rg1_pl0_alternating__7aa7d6ea76d9.data,332866,f3c954196906393a6789463c7f8a5cc3a0fd5e6af93cc9f267b08395f4403cde,1000,-2.7755575615628914e-17,-1.143804,0.616699
1043,300,300K_orthogonal800,star_orth800_uid001055_sk8_rg1_pl0_alternating__504d7908b062,star,8,300K_orthogonal800/row_1043__star_orth800_uid001055_sk8_rg1_pl0_alternating__504d7908b062.data,349924,eb8b308507268564bb555c1358da5cbfd6b6c96518d94eadfdffaf61c5919d61,950,3.3584246494910985e-15,-0.326112,0.177857
1044,300,300K_orthogonal800,star_orth800_uid000860_sk14_rg1_pl0_block__8e8ac4c8141f,star,14,300K_orthogonal800/row_1044__star_orth800_uid000860_sk14_rg1_pl0_block__8e8ac4c8141f.data,327956,c16a5575b8cdee66d9dee250514d8a3c41c58191a527c4a6202989c5c6fe055d,956,-1.6375789613221059e-15,-0.461368,0.456385
1045,300,300K_orthogonal800,star_orth800_uid001288_sk13_rg2_pl1_random__136d97115bbd,star,13,300K_orthogonal800/row_1045__star_orth800_uid001288_sk13_rg2_pl1_random__136d97115bbd.data,363756,27b31951b7a908be29efdd8f3ab3b092a6c444ce52e48a1263420181d7aee40c,1053,3.469446951953614e-15,-0.553024,1.281387
1046,300,300K_orthogonal800,star_orth800_uid000852_sk12_rg0_pl2_block__97018ea02bb7,star,12,300K_orthogonal800/row_1046__star_orth800_uid000852_sk12_rg0_pl2_block__97018ea02bb7.data,359366,5c901402d2cf9167f8f4fe38e1ef24ab0c2f76c3649b0e9304de0347d00b2740,1020,-8.049116928532385e-16,-0.468066,0.439106
1047,300,300K_orthogonal800,star_orth800_uid000832_sk9_rg0_pl1_block__07f5747be14c,star,9,300K_orthogonal800/row_1047__star_orth800_uid000832_sk9_rg0_pl1_block__07f5747be14c.data,390298,88d012ae9a44d9be96c1cdcce0961eb09e0f0e99ff23bf34be35b6e6660e4e0e,1083,-1.9984014443252818e-15,-0.359283,0.174426
1048,300,300K_orthogonal800,star_orth800_uid001024_sk13_rg0_pl1_alternating__889c99a438c1,star,13,300K_orthogonal800/row_1048__star_orth800_uid001024_sk13_rg0_pl1_alternating__889c99a438c1.data,312592,6a1127a8758e97ccb717fafb62df4153eeb8ae7e3ac2ac274fe87c0f16c0f74b,941,6.9111383282915995e-15,-0.445045,0.44295
1049,300,300K_orthogonal800,star_orth800_uid000816_sk10_rg0_pl1_block__44a4dc18dbe8,star,10,300K_orthogonal800/row_1049__star_orth800_uid000816_sk10_rg0_pl1_block__44a4dc18dbe8.data,325915,a78f9974a21f557c8c73acf3063b0976bd736b27470687ef804432a9cd9c3490,915,-2.498001805406602e-16,-0.45136,0.451971
1050,300,300K_orthogonal800,cyclic_orth800_uid000466_sk7_rg1_pl1_block__990058227da4,cyclic,7,300K_orthogonal800/row_1050__cyclic_orth800_uid000466_sk7_rg1_pl1_block__990058227da4.data,359537,987814068d3a14b46b0100364ae7cea81af5ee6757cef210f23cae95ce2338ab,1052,-8.18789480661053e-15,-1.127284,0.611751
1051,300,300K_orthogonal800,star_orth800_uid000785_sk10_rg0_pl0_block__e7314e454493,star,10,300K_orthogonal800/row_1051__star_orth800_uid000785_sk10_rg0_pl0_block__e7314e454493.data,392093,72d3a01ce1da8049b61743dc1e4e41c884000219e87e4b93a69320804f2c2b3a,1097,-8.881784197001252e-16,-0.422511,0.443826
1052,300,300K_orthogonal800,linear_orth800_uid000091_sk3_rg1_pl1_block__c054ba6854cf,linear,3,300K_orthogonal800/row_1052__linear_orth800_uid000091_sk3_rg1_pl1_block__c054ba6854cf.data,348801,b776a5395331f21354e317df815c09d0ea4a839bcbd5a2f2da4738d22f8b5715,1024,-6.328271240363392e-15,-0.454263,0.452346
1053,300,300K_orthogonal800,star_orth800_uid001249_sk12_rg1_pl1_random__98f762ac081b,star,12,300K_orthogonal800/row_1053__star_orth800_uid001249_sk12_rg1_pl1_random__98f762ac081b.data,328941,90b2cae946561f383eae2ec8d37dd263f894c1d06f5fc6ec64531c64bf6ed9ab,924,-3.164135620181696e-15,-1.145921,0.61804
1054,300,300K_orthogonal800,cyclic_orth800_uid000647_sk6_rg2_pl1_alternating__7720d4356319,cyclic,6,300K_orthogonal800/row_1054__cyclic_orth800_uid000647_sk6_rg2_pl1_alternating__7720d4356319.data,341389,3b0d7e805ee3d8380241acef328e2b6a58dab103e4bb9fcca4f5b24614debbe8,961,-2.8727020762175925e-15,-0.227977,0.187642
1055,300,300K_prod400,star_uid000073_idx66_rg0_pl0_junction_enriched__bb9952bdfd33,star,66,300K_prod400/row_1055__star_uid000073_idx66_rg0_pl0_junction_enriched__bb9952bdfd33.data,341938,7fe5a7b4db8058fe52b0fc7fda88316ad73de8861350adb78cf8d25404115f9a,978,-1.6400000007188442e-06,-0.37593238,0.17006392
1056,300,300K_prod400,cyclic_uid000081_idx26_rg2_pl2_alternating__42aff0ef849e,cyclic,26,300K_prod400/row_1056__cyclic_uid000081_idx26_rg2_pl2_alternating__42aff0ef849e.data,319857,f7aedcda6f3cd6846cac9316163ca7318246ff1a7ac9fd632421ac24cc835bb5,962,-2.5999999844761312e-06,-0.38539362,0.16858779
1057,300,300K_orthogonal800,cyclic_orth800_uid000690_sk5_rg1_pl0_random__07a0e3137878,cyclic,5,300K_orthogonal800/row_1057__cyclic_orth800_uid000690_sk5_rg1_pl0_random__07a0e3137878.data,343175,f822c3487a7998c3943cc20cd0363b9fb06987d35d22731b7dc57a3c5e6f0c16,960,-4.440892098500626e-16,-0.425306,0.443454
1058,300,300K_orthogonal800,linear_orth800_uid000384_sk0_rg2_pl1_random__d5a7274efaf6,linear,0,300K_orthogonal800/row_1058__linear_orth800_uid000384_sk0_rg2_pl1_random__d5a7274efaf6.data,386079,c416ebafdb65a0c35558aacce150b27ca774a09c4a4fab481cafb0ea6f9ffbc7,1050,-5.134781488891349e-15,-0.3278,0.168858
1059,300,300K_orthogonal800,star_orth800_uid001213_sk9_rg1_pl0_random__c2c24b622134,star,9,300K_orthogonal800/row_1059__star_orth800_uid001213_sk9_rg1_pl0_random__c2c24b622134.data,388815,7c48dc217987ec9021ac3ffe7301c642239a1442bf2a8b9094ab9021c03fbbc4,1077,-4.08006961549745e-15,-0.34443,0.169048
1060,300,300K_orthogonal800,linear_orth800_uid000165_sk1_rg0_pl1_alternating__d3615559b1e5,linear,1,300K_orthogonal800/row_1060__linear_orth800_uid000165_sk1_rg0_pl1_alternating__d3615559b1e5.data,304586,8af3cd32fbf467a7344657b4029ccd34e67e2d3da97a39dc330b2248b7aae4e0,907,-7.494005416219807e-15,-2.121001,3.185767
1061,300,300K_orthogonal800,linear_orth800_uid000375_sk2_rg1_pl2_random__9b475780bab3,linear,2,300K_orthogonal800/row_1061__linear_orth800_uid000375_sk2_rg1_pl2_random__9b475780bab3.data,330122,5d8ebb03e2aa64016604f7547a101a502d3e5f931297d5458421f63329400d17,997,4.385380947269368e-15,-0.386644,0.159487
1062,300,300K_orthogonal800,linear_orth800_uid000164_sk3_rg0_pl1_alternating__423f88b633fa,linear,3,300K_orthogonal800/row_1062__linear_orth800_uid000164_sk3_rg0_pl1_alternating__423f88b633fa.data,343452,5116b6af828050b10a0013eb7e6ee082e72577c3fd1cf76896880092a5dbfac6,1000,-7.022160630754115e-15,-0.380472,0.141042
1063,300,300K_orthogonal800,cyclic_orth800_uid000651_sk7_rg2_pl1_alternating__fa92e70cca7d,cyclic,7,300K_orthogonal800/row_1063__cyclic_orth800_uid000651_sk7_rg2_pl1_alternating__fa92e70cca7d.data,349427,b4641c82b4cde7fec040bb2000b8b297273588e599561b0cd3649eabd971971a,1015,-2.7755575615628914e-17,-0.38118,0.142369
1064,300,300K_orthogonal800,linear_orth800_uid000188_sk1_rg1_pl0_alternating__7056ae426eb1,linear,1,300K_orthogonal800/row_1064__linear_orth800_uid000188_sk1_rg1_pl0_alternating__7056ae426eb1.data,335193,c87c922203ed4bda8e15f3b88708ffeede078591c1efb7dd5406474a4244d0c2,940,-2.220446049250313e-16,-0.41991,0.442579
1065,300,300K_orthogonal800,star_orth800_uid001190_sk10_rg0_pl1_random__a1aaf7454abc,star,10,300K_orthogonal800/row_1065__star_orth800_uid001190_sk10_rg0_pl1_random__a1aaf7454abc.data,348537,6713f7598aa19ad0af0d08fd1a1dcce36a533796269177654f34f9c2a252785c,1005,-3.0531133177191805e-15,-0.435081,0.483964
1066,300,300K_orthogonal800,linear_orth800_uid000085_sk3_rg1_pl1_block__e205be5e5abd,linear,3,300K_orthogonal800/row_1066__linear_orth800_uid000085_sk3_rg1_pl1_block__e205be5e5abd.data,329735,da1c70716898936ce057d4b06d30d41578d0eada58fcf9715bd81a64940a3bad,967,6.661338147750939e-16,-0.576245,1.290574
1067,300,300K_orthogonal800,linear_orth800_uid000226_sk3_rg1_pl1_alternating__7524e306797e,linear,3,300K_orthogonal800/row_1067__linear_orth800_uid000226_sk3_rg1_pl1_alternating__7524e306797e.data,355908,ce69a902894382f7b8d0478acf16e9ae0dc8f426e100b9fde142fbafea99eae9,1048,7.327471962526033e-15,-0.307743,0.159225
1068,300,300K_prod400,comb_uid000325_idx102_rg0_pl2_random__6e631d593626,comb,102,300K_prod400/row_1068__comb_uid000325_idx102_rg0_pl2_random__6e631d593626.data,367611,ce3d976cd82ece0a27dc99c03f26fa02949dab2de7d75b23a0a61ac0a7dc65fd,1095,1.1999999970646602e-06,-0.43327213,0.17262267
1069,300,300K_orthogonal800,linear_orth800_uid000112_sk2_rg1_pl2_block__591b277f95d8,linear,2,300K_orthogonal800/row_1069__linear_orth800_uid000112_sk2_rg1_pl2_block__591b277f95d8.data,370892,b4379cd7fe5f62d225ecdb4784bdff6a48c997816e90bb7a5e6626523984b181,1095,-1.6653345369377348e-16,-0.448515,0.50304
1070,300,300K_prod400,cyclic_uid000025_idx29_rg0_pl2_gradient__41fd3aa4b2b4,cyclic,29,300K_prod400/row_1070__cyclic_uid000025_idx29_rg0_pl2_gradient__41fd3aa4b2b4.data,337699,061863e3fd57c77aec6a0870bd645efc9eb624a428df49d6d06428c8c7f2ec27,944,2.3599999857959464e-06,-0.14687931,0.15241569
1071,300,300K_orthogonal800,linear_orth800_uid000287_sk0_rg0_pl1_random__cf49efba906d,linear,0,300K_orthogonal800/row_1071__linear_orth800_uid000287_sk0_rg0_pl1_random__cf49efba906d.data,363250,ebde213c06fe29df5737bfcc23df07d88560f2c7690798aac24b4e387ec0f3be,988,-6.938893903907228e-16,-0.3879,0.178573
1072,300,300K_prod400,comb_uid000199_idx107_rg2_pl1_random__c967b2cb8a7b,comb,107,300K_prod400/row_1072__comb_uid000199_idx107_rg2_pl1_random__c967b2cb8a7b.data,305464,3ab4ffd56c8de842d78139a9c4fb2be56fab9f39d4c6ffb159ee3951f0b05a14,912,1.8199999956836077e-06,-0.50751271,0.19640929
1073,300,300K_orthogonal800,cyclic_orth800_uid000409_sk7_rg0_pl0_block__dabe107a9bcb,cyclic,7,300K_orthogonal800/row_1073__cyclic_orth800_uid000409_sk7_rg0_pl0_block__dabe107a9bcb.data,295692,cd35d64ea4f5492fb0c242d61a10e874d9b98bcd02969a3bcaaf8adbc9c68000,910,-1.5404344466674047e-14,-0.377016,0.124169
1074,300,300K_orthogonal800,cyclic_orth800_uid000435_sk6_rg1_pl0_block__c863500fa51e,cyclic,6,300K_orthogonal800/row_1074__cyclic_orth800_uid000435_sk6_rg1_pl0_block__c863500fa51e.data,388747,2520b842b34993f2f206e75b9bf0243003bd4bd96df76e9357a5633d63f593d6,1091,-5.551115123125783e-17,-0.426891,0.448001
1075,300,300K_orthogonal800,cyclic_orth800_uid000733_sk7_rg1_pl1_random__5aa3f1133355,cyclic,7,300K_orthogonal800/row_1075__cyclic_orth800_uid000733_sk7_rg1_pl1_random__5aa3f1133355.data,346206,f002f7a246ac022390f95ed1de2d631940ba762a38f25cbc3e671434bc31d21b,965,2.55351295663786e-15,-0.421705,0.452273
1076,300,300K_orthogonal800,star_orth800_uid000917_sk14_rg1_pl2_block__709218223b94,star,14,300K_orthogonal800/row_1076__star_orth800_uid000917_sk14_rg1_pl2_block__709218223b94.data,329272,70e2d847a84241d3a36519f1f73f61cb64448c07146b095975d5ba7bd9ca079f,966,2.7755575615628914e-16,-0.583467,1.287126
1077,300,300K_orthogonal800,star_orth800_uid000890_sk14_rg1_pl1_block__dfc2080e58f9,star,14,300K_orthogonal800/row_1077__star_orth800_uid000890_sk14_rg1_pl1_block__dfc2080e58f9.data,367030,6b8a968e0ae22d82482a0c2091a4ca79bcde8a578533c27244b5a372d97a443f,1053,-2.4147350785597155e-15,-0.432878,0.45353
1078,300,300K_orthogonal800,star_orth800_uid001093_sk14_rg1_pl1_alternating__92d0447c320e,star,14,300K_orthogonal800/row_1078__star_orth800_uid001093_sk14_rg1_pl1_alternating__92d0447c320e.data,299889,da0e25eaba84b6fb251124c705180aa777d2a86f43b2a2aff915c15e248199bd,916,-4.163336342344337e-16,-0.40712,0.147218
1079,300,300K_prod400,cyclic_uid000054_idx44_rg2_pl0_block__d32cb93d77c2,cyclic,44,300K_prod400/row_1079__cyclic_uid000054_idx44_rg2_pl0_block__d32cb93d77c2.data,326323,91f47ab45d4f4a1ac1625a985a4eaa29262b2ed7a9f7aa60c96f745921915680,912,2.279999986282144e-06,-0.14687931,0.15241569
1080,300,300K_orthogonal800,linear_orth800_uid000024_sk0_rg0_pl1_block__8c7438420484,linear,0,300K_orthogonal800/row_1080__linear_orth800_uid000024_sk0_rg0_pl1_block__8c7438420484.data,365964,d700794c9163f3aeccaa991ba447125aaef4e0b0d7c4bb7e7f3077f2f4ef3c2a,1008,-4.718447854656915e-16,-0.391517,0.16858
1081,300,300K_orthogonal800,star_orth800_uid001137_sk12_rg2_pl0_alternating__ed75ec58d415,star,12,300K_orthogonal800/row_1081__star_orth800_uid001137_sk12_rg2_pl0_alternating__ed75ec58d415.data,355021,3b14734671c16be7de94610e918d0d6dbb4ec97025f362b805642d1f1a306797,1008,-2.220446049250313e-16,-0.252781,0.184829
1082,300,300K_orthogonal800,star_orth800_uid001270_sk13_rg1_pl2_random__cb5ee0ca04a2,star,13,300K_orthogonal800/row_1082__star_orth800_uid001270_sk13_rg1_pl2_random__cb5ee0ca04a2.data,333717,99c825087c8bd211f01479fb5c83beb5278ab298fec92e0661c5376769dc5a6c,940,-1.1379786002407855e-15,-0.54806,1.296379
1083,300,300K_prod400,branch_uid000228_idx80_rg2_pl0_junction_enriched__2dac66edb825,branch,80,300K_prod400/row_1083__branch_uid000228_idx80_rg2_pl0_junction_enriched__2dac66edb825.data,303841,f4fb5e249d7d2cfe446da5acc8036454f568f5d6982dd767e0cfc883d4beaaa5,901,6.900000004139706e-07,-1.13807012,0.57417956
1084,300,300K_orthogonal800,star_orth800_uid000804_sk14_rg0_pl0_block__bd72b44341e7,star,14,300K_orthogonal800/row_1084__star_orth800_uid000804_sk14_rg0_pl0_block__bd72b44341e7.data,298247,3934f0a70d8a132b7c2b6f2252444cd26f8b9063ce33ea93419737ce8f9eb4fc,911,-1.3072876114961218e-14,-0.386556,0.147218
1085,300,300K_orthogonal800,linear_orth800_uid000002_sk3_rg0_pl0_block__90e4fc13afc9,linear,3,300K_orthogonal800/row_1085__linear_orth800_uid000002_sk3_rg0_pl0_block__90e4fc13afc9.data,297630,ee73a141bcf319fe1eef3cb7a28d1771d04569e42cf52ceee2b88f83dbd801c3,912,-1.484923295436147e-14,-0.37797,0.147218
1086,300,300K_orthogonal800,star_orth800_uid001178_sk14_rg2_pl2_alternating__f809ad801cdb,star,14,300K_orthogonal800/row_1086__star_orth800_uid001178_sk14_rg2_pl2_alternating__f809ad801cdb.data,296245,9af59f769b96c4d6f88e2e3560f17c987fce610f4a7e54e928d8f0b1cae4e150,908,-1.3627987627273797e-14,-0.499684,0.180401
1087,300,300K_orthogonal800,star_orth800_uid000915_sk10_rg1_pl2_block__839323c5d5c3,star,10,300K_orthogonal800/row_1087__star_orth800_uid000915_sk10_rg1_pl2_block__839323c5d5c3.data,374616,7cfac66bf7f599251e47866050b18512976442592dca791f24161b8c5559d0e4,1066,-1.4155343563970746e-15,-0.465371,0.506196
1088,300,300K_orthogonal800,cyclic_orth800_uid000633_sk7_rg1_pl2_alternating__af6ff863b220,cyclic,7,300K_orthogonal800/row_1088__cyclic_orth800_uid000633_sk7_rg1_pl2_alternating__af6ff863b220.data,349354,569d808ab25880621a8d777d673ba4966b3b8e4235b40ff9acf56d1aa7570f1c,1015,-3.885780586188048e-15,-0.379138,0.14081
1089,300,300K_orthogonal800,star_orth800_uid000928_sk14_rg1_pl2_block__9453c085a970,star,14,300K_orthogonal800/row_1089__star_orth800_uid000928_sk14_rg1_pl2_block__9453c085a970.data,374814,a4547b693b9450e4d17ae9a2316bf8bfe62f22c0a2db8ba86c442e105fe501be,1096,-4.385380947269368e-15,-0.406051,0.189134
1090,300,300K_orthogonal800,star_orth800_uid001197_sk14_rg0_pl1_random__284b3111b3b2,star,14,300K_orthogonal800/row_1090__star_orth800_uid001197_sk14_rg0_pl1_random__284b3111b3b2.data,374726,97b13c83f72c4bb55f98a8b5e8722299865500f6474527f2e377e478439ed42e,1095,-3.1086244689504383e-15,-0.442583,0.439409
1091,300,300K_orthogonal800,star_orth800_uid001150_sk13_rg2_pl1_alternating__f53b1ded1f1d,star,13,300K_orthogonal800/row_1091__star_orth800_uid001150_sk13_rg2_pl1_alternating__f53b1ded1f1d.data,338591,bc3fea14f9f32c5ab46cb7084263f47385983bb18e2663dc089b9f14cbaa4440,952,-2.942091015256665e-15,-0.553112,1.280011
1092,300,300K_orthogonal800,star_orth800_uid000889_sk14_rg1_pl1_block__585e6f84c193,star,14,300K_orthogonal800/row_1092__star_orth800_uid000889_sk14_rg1_pl1_block__585e6f84c193.data,318741,63825d51fc153b9145693ffcd8fbaceeb0b6bf9a2e7ae5d07766a55738818423,912,-3.3861802251067274e-15,-0.46373,0.451709
1093,300,300K_prod400,comb_uid000167_idx107_rg1_pl0_junction_enriched__9c6ebe6e5cd2,comb,107,300K_prod400/row_1093__comb_uid000167_idx107_rg1_pl0_junction_enriched__9c6ebe6e5cd2.data,300071,175021e790d2bced535c12e1934cc178e03be9177dea6de1f5d74fb857cb4ded,909,-8.899999999201214e-07,-0.40453291,0.17262267
1094,300,300K_orthogonal800,star_orth800_uid000857_sk14_rg0_pl2_block__f136b37927db,star,14,300K_orthogonal800/row_1094__star_orth800_uid000857_sk14_rg0_pl2_block__f136b37927db.data,294347,4546f0a32393991aec05f84ff4c88752278814e16332c0f664987e4506ad09d0,900,-1.2850831510036187e-14,-0.447612,0.460018
1095,300,300K_orthogonal800,linear_orth800_uid000240_sk3_rg1_pl2_alternating__1cebf734a0d6,linear,3,300K_orthogonal800/row_1095__linear_orth800_uid000240_sk3_rg1_pl2_alternating__1cebf734a0d6.data,344648,0505fc68cecda87391e4b83020c8ae42651eb723f317c5c136d02dc21034f90e,1002,-7.41073868937292e-15,-0.406051,0.172678
1096,300,300K_orthogonal800,cyclic_orth800_uid000597_sk7_rg1_pl1_alternating__64b617948866,cyclic,7,300K_orthogonal800/row_1096__cyclic_orth800_uid000597_sk7_rg1_pl1_alternating__64b617948866.data,296211,89dace4134df53fa030e71952eb3165f72576321c8ab7fb1395a566ebb923fb2,910,-1.942890293094024e-16,-0.40712,0.123526
1097,300,300K_orthogonal800,linear_orth800_uid000040_sk3_rg0_pl2_block__0ecebb38080a,linear,3,300K_orthogonal800/row_1097__linear_orth800_uid000040_sk3_rg0_pl2_block__0ecebb38080a.data,293818,d5f3aac5bacbe1a77051a85168207bef835c5d56f7f48745bef84d942939e313,906,-1.484923295436147e-14,-0.378291,0.125466
1098,300,300K_orthogonal800,star_orth800_uid000831_sk14_rg0_pl1_block__737b842b072e,star,14,300K_orthogonal800/row_1098__star_orth800_uid000831_sk14_rg0_pl1_block__737b842b072e.data,342979,3ed3d71d150c99f153326e0107253547e613d752c9853d87d54c71a2c3992b39,1001,-2.3037127760972e-15,-0.3858,0.147808
1099,300,300K_orthogonal800,linear_orth800_uid000011_sk3_rg0_pl0_block__a4ce3e06d28b,linear,3,300K_orthogonal800/row_1099__linear_orth800_uid000011_sk3_rg0_pl0_block__a4ce3e06d28b.data,297556,950192166d3aa622356b930bc66f36c77e256ebc31b460a511f74de120dd3ebb,912,-2.7755575615628914e-16,-0.384143,0.139943
1100,300,300K_orthogonal800,star_orth800_uid001037_sk14_rg0_pl2_alternating__178f3acb9c9d,star,14,300K_orthogonal800/row_1100__star_orth800_uid001037_sk14_rg0_pl2_alternating__178f3acb9c9d.data,293852,d0be6173e5f8593f02229c61956b3f0b0314d61d0e86a775859aa83adf7e1400,900,5.551115123125783e-17,-0.439773,0.463156
1101,300,300K_orthogonal800,star_orth800_uid001010_sk14_rg0_pl0_alternating__2e54e5c9a6a2,star,14,300K_orthogonal800/row_1101__star_orth800_uid001010_sk14_rg0_pl0_alternating__2e54e5c9a6a2.data,298179,abaef691db6836af497008406792288218ffc274cf738339f147334a867c5cfb,911,1.6653345369377348e-16,-0.3858,0.139943
1102,300,300K_orthogonal800,star_orth800_uid000845_sk14_rg0_pl2_block__d1cc84c90bfe,star,14,300K_orthogonal800/row_1102__star_orth800_uid000845_sk14_rg0_pl2_block__d1cc84c90bfe.data,295476,337ad7468837b9d0ac8356c09e554ae3a2486ee082bc116793c044a53f8ca871,909,-3.0531133177191805e-16,-0.439773,0.463156
1103,300,300K_orthogonal800,cyclic_orth800_uid000403_sk7_rg0_pl0_block__d780cb7055c6,cyclic,7,300K_orthogonal800/row_1103__cyclic_orth800_uid000403_sk7_rg0_pl0_block__d780cb7055c6.data,295619,c82dde792741a5391826cfb6fa0dd26419494e1512b703a22ed5a8a2be539f1f,910,5.551115123125783e-17,-0.384143,0.107771
1104,300,300K_orthogonal800,linear_orth800_uid000048_sk3_rg0_pl2_block__59a4e20724b4,linear,3,300K_orthogonal800/row_1104__linear_orth800_uid000048_sk3_rg0_pl2_block__59a4e20724b4.data,292422,e459956d7689f4788fc35b48b8eb64cb888dbff28fc2904c56de2f8289995ec6,900,5.551115123125783e-17,-0.406051,0.172678
1105,300,300K_orthogonal800,star_orth800_uid001179_sk14_rg2_pl2_alternating__d4829c3ba8e8,star,14,300K_orthogonal800/row_1105__star_orth800_uid001179_sk14_rg2_pl2_alternating__d4829c3ba8e8.data,295660,143923af547f20ce7deab5f538b90aad9fa202e96b8b9a9b3efc915cdb830a02,908,-8.326672684688674e-17,-0.494162,0.169804
1106,600,600K_legacy,branch_uid019571_idx213_r4_random__2e1d9a3cf7f7,branch,213,600K_legacy/row_1106__branch_uid019571_idx213_r4_random__2e1d9a3cf7f7.data,260996,3eaa094ccd0b8e33085af2a7003ee3fa15b03830e2ac843bccc38fb3a4ec73bf,712,6.800000247886295e-07,-0.1479692,0.16740598
1107,600,600K_legacy,branch_uid022233_idx256_r3_random__423b45c6071b,branch,256,600K_legacy/row_1107__branch_uid022233_idx256_r3_random__423b45c6071b.data,212616,876cc0288d40b65cb5eea90865c6065c16fa6b582871984c90761bed7c86b13f,568,-2.070000001935801e-06,-0.26079314,0.16612027
1108,600,600K_legacy,cyclic_uid007385_idx63_r3_random__4450910e8355,cyclic,63,600K_legacy/row_1108__cyclic_uid007385_idx63_r3_random__4450910e8355.data,74469,0a3cf1a7c47b8ca3efd644622ab6409dbc08bb02bf81f371794bdcc4aeebf677,196,-7.600000000440588e-07,-0.18969553,0.16656651
1109,600,600K_legacy,branch_uid019060_idx205_r3_random__67372d207086,branch,205,600K_legacy/row_1109__branch_uid019060_idx205_r3_random__67372d207086.data,203106,5e2473a4fec8621d41710824aebaf74309781cca01d60ac0facbb48eb542e54f,544,1.7100000036240903e-06,-0.26025749,0.16665592
1110,600,600K_legacy,branch_uid023073_idx270_r2_random__36802b4412f8,branch,270,600K_legacy/row_1110__branch_uid023073_idx270_r2_random__36802b4412f8.data,226476,dcf4b295c0984b653be5def2f0884ec4918ac1113b748e8d9ad99a7e7b86c2af,612,-1.8000000049367415e-06,-0.26141352,0.16549989
1111,600,600K_legacy,branch_uid019509_idx212_r4_random__f634cffa194a,branch,212,600K_legacy/row_1111__branch_uid019509_idx212_r4_random__f634cffa194a.data,151616,b7d824215e59a2ca24231128817333bacd9cb7227948a85d6b48559293ce59ed,412,9.600000008824772e-07,-0.14809051,0.16728467
1112,600,600K_legacy,branch_uid021989_idx252_r4_random__b3d4ef113d96,branch,252,600K_legacy/row_1112__branch_uid021989_idx252_r4_random__b3d4ef113d96.data,264642,a70f5ed740093e745d5a5883c8c3f4116c88bc0efcc5604a5ae341440356c7e4,722,2.5000000112851417e-06,-0.14796689,0.16740829
1113,600,600K_legacy,branch_uid021581_idx246_r2_random__0f14e7e6d72e,branch,246,600K_legacy/row_1113__branch_uid021581_idx246_r2_random__0f14e7e6d72e.data,95012,c3a06387c5b0aec098e953164f6c76378202d9b0385c0b3b1cb5a3e05a67177e,250,4.0999999825763744e-07,-0.26159521,0.1653182
1114,600,600K_legacy,branch_uid022909_idx267_r3_random__b8f40de19ccb,branch,267,600K_legacy/row_1114__branch_uid022909_idx267_r3_random__b8f40de19ccb.data,213750,bece09c6f6f528bc5d90e0ae5b8785a991c9b865f35092035bd1d5897e87e9ef,573,7.199999947082869e-07,-0.26021438,0.16669903
1115,600,600K_legacy,branch_uid019013_idx204_r4_random__d2b4ddfc5ce4,branch,204,600K_legacy/row_1115__branch_uid019013_idx204_r4_random__d2b4ddfc5ce4.data,253704,e91cf357f371baa0b4a8c7e1f682b31370dbd259e921a04da672c942cf294a55,692,-2.7599999898875183e-06,-0.14797402,0.16740116
1116,600,600K_legacy,branch_uid017897_idx186_r4_random__0b5189351796,branch,186,600K_legacy/row_1116__branch_uid017897_idx186_r4_random__0b5189351796.data,231828,48ccfa43e19d2c6eb4f2b11bc8d8811447067d3ff8b9198e9a9870fd74c19c23,632,-1.9999999884001696e-07,-0.14799029,0.16738489
1117,600,600K_legacy,branch_uid019261_idx208_r4_random__a6d7624af4e5,branch,208,600K_legacy/row_1117__branch_uid019261_idx208_r4_random__a6d7624af4e5.data,213598,1cecb4da5858e2f461ce48866a030e8650f679fe9b931b6128eea6e5dcbc9ffc,582,2.4599999857155552e-06,-0.14800641,0.16736877
1118,600,600K_legacy,branch_uid019119_idx206_r3_random__08269709571d,branch,206,600K_legacy/row_1118__branch_uid019119_idx206_r3_random__08269709571d.data,150158,a6c0be31ad3aac8af5a43bc8dfc510ff3f407239b77aa280213173fb0aead63d,397,-1.5400000004661685e-06,-0.26038144,0.16653197
1119,600,600K_legacy,branch_uid021802_idx249_r3_random__358b490c7a61,branch,249,600K_legacy/row_1119__branch_uid021802_idx249_r3_random__358b490c7a61.data,161851,7c77d5d5732955e450f98eca9376ce2877bece67c59b86f9d073742738f381df,428,6.600000019285623e-07,-0.26081713,0.16609628
1120,600,600K_legacy,branch_uid018641_idx198_r4_random__20ef4dc91313,branch,198,600K_legacy/row_1120__branch_uid018641_idx198_r4_random__20ef4dc91313.data,290164,dded323d4b3346cd5ac5f1133b8702673a51b4f09b3ed0db5bfcf824e3dd34e7,792,2.039999971059636e-06,-0.14795237,0.16742281
1121,600,600K_legacy,branch_uid018455_idx195_r4_random__c25f939ebc49,branch,195,600K_legacy/row_1121__branch_uid018455_idx195_r4_random__c25f939ebc49.data,286518,24812e28d116e991f79aa3e9a8f406ae47a8cc1353b46939f0ac95b16d3903be,782,-1.6999999750688666e-06,-0.14795429,0.16742089
1122,600,600K_legacy,branch_uid020935_idx235_r4_random__649887701bc5,branch,235,600K_legacy/row_1122__branch_uid020935_idx235_r4_random__649887701bc5.data,220890,6fd70032b6072f4f7092ad1cf71dc6315a3ef3207bd6f7e01f1d029206801db4,602,1.8000000115980797e-06,-0.14799964,0.16737554
1123,600,600K_legacy,branch_uid018438_idx195_r3_random__34841e6e73fe,branch,195,600K_legacy/row_1123__branch_uid018438_idx195_r3_random__34841e6e73fe.data,271503,34b7d4de15d1e5cf9345aedf7145cc4416c08ef16b9df0e62307e4525ca4c459,732,2.0000005845899338e-08,-0.26034585,0.16656756
1124,600,600K_legacy,branch_uid019199_idx207_r4_random__925daa22ac1e,branch,207,600K_legacy/row_1124__branch_uid019199_idx207_r4_random__925daa22ac1e.data,107864,b4b5fec51a8b6880e9478f89fba655fb7d50203d43ec48041d23acc99370be40,292,7.199999984552896e-07,-0.14820883,0.16716635
1125,600,600K_legacy,branch_uid019055_idx205_r3_random__7a416eac2c3d,branch,205,600K_legacy/row_1125__branch_uid019055_idx205_r3_random__7a416eac2c3d.data,220569,49806075ded24135d49868d8ce35a4e86220cd87d2f210dc66299f2bcbf594f4,589,-1.4799999962511468e-06,-0.26119844,0.16571497
1126,600,600K_legacy,branch_uid021420_idx243_r3_random__f1eac95ee43e,branch,243,600K_legacy/row_1126__branch_uid021420_idx243_r3_random__f1eac95ee43e.data,239086,d4e223e934187cadd549ddd15b1fdc5f53b0d60d19942019526dde818a238fc8,643,-9.000000791847818e-08,-0.2605333,0.16638011
1127,600,600K_legacy,branch_uid023415_idx275_r4_random__7b47b14f0b53,branch,275,600K_legacy/row_1127__branch_uid023415_idx275_r4_random__7b47b14f0b53.data,242766,4ce0713349975b5753dbbca5a3683a43220dd1b536caf3e7858dcb086cd0221b,662,2.719999975364651e-06,-0.14798178,0.1673934
1128,600,600K_legacy,branch_uid019358_idx210_r2_random__d6cf304e13c5,branch,210,600K_legacy/row_1128__branch_uid019358_idx210_r2_random__d6cf304e13c5.data,104065,a8553b4657025e7c0be67b4ecd29a762686fff41b546c3064460ec3a887e30ec,268,-8.500000014677322e-07,-0.26218844,0.16472497
1129,600,600K_legacy,branch_uid017835_idx185_r4_random__9388bf8b29f9,branch,185,600K_legacy/row_1129__branch_uid017835_idx185_r4_random__9388bf8b29f9.data,173492,fbec870a0357a5de9514ff78426ac77768ce705abac510dfefb4aaae03081967,472,1.559999991518346e-06,-0.14805391,0.16732127
1130,600,600K_legacy,branch_uid020501_idx228_r4_random__0032baa2fad6,branch,228,600K_legacy/row_1130__branch_uid020501_idx228_r4_random__0032baa2fad6.data,191722,0fe963cdb13e75c53a4b256d9c0e57ced1cdc0ccb50d09ed1c4fbb7c906c48ee,522,6.000000060124577e-07,-0.14802984,0.16734534
1131,600,600K_legacy,branch_uid021245_idx240_r4_random__03a697075b26,branch,240,600K_legacy/row_1131__branch_uid021245_idx240_r4_random__03a697075b26.data,239120,86b1f716d3d0f16c986ad8baf2497c0a91f0248bd0f51102f783d3224235f542,652,1.5199999908732664e-06,-0.14798453,0.16739065
1132,600,600K_legacy,branch_uid020799_idx233_r3_random__e2768d7d5b3d,branch,233,600K_legacy/row_1132__branch_uid020799_idx233_r3_random__e2768d7d5b3d.data,288568,86b249fcd7221c3b5f79fe1198c83dce492d6db059b2d156052351bcc524977a,775,-2.190000006230264e-06,-0.26090067,0.16601274
1133,600,600K_legacy,branch_uid019943_idx219_r4_random__494e4aa1ef09,branch,219,600K_legacy/row_1133__branch_uid019943_idx219_r4_random__494e4aa1ef09.data,271934,6bcdffc66501d5c48d7ea0b4305a52cd47c62b53a0f2111363baf4c696512443,742,-3.6599999902464653e-06,-0.14796247,0.16741271
1134,600,600K_legacy,branch_uid021351_idx242_r3_random__33923efd16ca,branch,242,600K_legacy/row_1134__branch_uid021351_idx242_r3_random__33923efd16ca.data,126250,2620d1f27df70da4cd2beb615bf589518d57a06a7e620de33a540aca631a36de,337,8.499999991640195e-07,-0.26097936,0.16593405
1135,600,600K_legacy,branch_uid020787_idx233_r2_random__9548604a28f7,branch,233,600K_legacy/row_1135__branch_uid020787_idx233_r2_random__9548604a28f7.data,269361,942677d61e88e052951d3f4be85c47e12001d03a4662458d92b85b5812891595,729,-1.6599999938249344e-06,-0.26194688,0.16496653
1136,600,600K_legacy,branch_uid022154_idx255_r2_random__ff6f1514e935,branch,255,600K_legacy/row_1136__branch_uid022154_idx255_r2_random__ff6f1514e935.data,207195,a6b66b4a1418c8a963b2b4801879e562a35aa9631f6e57205467eaf4ea55991a,554,-2.679999998811411e-06,-0.26208082,0.16483259
1137,600,600K_legacy,branch_uid022175_idx255_r4_random__f0f659aead0b,branch,255,600K_legacy/row_1137__branch_uid022175_idx255_r4_random__f0f659aead0b.data,220890,261723874f409d08e80cb0c0a9d2875cc7e565b2eb6fb71784bceed61693f546,602,1.800000006602076e-06,-0.14799964,0.16737554
1138,600,600K_legacy,branch_uid019374_idx210_r3_random__787398b58f89,branch,210,600K_legacy/row_1138__branch_uid019374_idx210_r3_random__787398b58f89.data,105757,2f1ce2d1022119a2d6d2c231a11c5e29e712d4be6aba1c3c574513c2dc531074,279,-9.999997718779241e-09,-0.26066663,0.16624678
1139,600,600K_legacy,branch_uid018021_idx188_r4_random__cdd091347127,branch,188,600K_legacy/row_1139__branch_uid018021_idx188_r4_random__cdd091347127.data,293810,35e77e1c405c51761f77da84dd921f0c4edd0137a80d74ffd5717b135d72765c,802,-3.940000016300349e-06,-0.14795051,0.16742467
1140,600,600K_legacy,branch_uid020139_idx223_r1_random__40a19768cb09,branch,223,600K_legacy/row_1140__branch_uid020139_idx223_r1_random__40a19768cb09.data,146629,277da1d6c3424938954b5aa11d77651b9ee464f7d6af080129e225036700c1fe,398,8.800000018682752e-07,-0.2632058,0.16370761
1141,600,600K_legacy,branch_uid019237_idx208_r2_random__e4ec0b406935,branch,208,600K_legacy/row_1141__branch_uid019237_idx208_r2_random__e4ec0b406935.data,199968,e4445622352edbf0ece82ab49e41bc14d1cdaef9af6c2f078b867af6cdeabb3e,538,2.580000001500826e-06,-0.26189931,0.1650141
1142,600,600K_legacy,branch_uid017463_idx179_r4_random__d656ca8b9ed0,branch,179,600K_legacy/row_1142__branch_uid017463_idx179_r4_random__d656ca8b9ed0.data,191722,11e8d8c8a5c9880ac709016d3f8afb9ce287726d5ed1a14d460e2735d7c8556f,522,6.000000066230804e-07,-0.14802984,0.16734534
1143,600,600K_legacy,branch_uid022471_idx260_r3_random__620b436d62e1,branch,260,600K_legacy/row_1143__branch_uid022471_idx260_r3_random__620b436d62e1.data,264684,5f5513e0599cadf5124b71f00d9a6aa632755af2df92e696ff41e418a2d77d5f,713,-2.200000007807068e-06,-0.26093015,0.16598326
1144,600,600K_legacy,branch_uid020019_idx221_r1_random__f8ec8971665e,branch,221,600K_legacy/row_1144__branch_uid020019_idx221_r1_random__f8ec8971665e.data,254270,3f5bcc0b88a181fa072fe17705318f34ba3c4f61ddf2b363f0034cee3e0d0c6d,697,6.200000093603553e-07,-0.26320002,0.16371339
1145,600,600K_legacy,branch_uid023105_idx270_r4_random__f032da98d916,branch,270,600K_legacy/row_1145__branch_uid023105_idx270_r4_random__f032da98d916.data,253704,c462f613c0cf8490e15c8588ee5e1c3c4a62cf74d3af9b1b14f72340c1eb311a,692,-2.7599999847804924e-06,-0.14797402,0.16740116
1146,600,600K_legacy,branch_uid023229_idx272_r4_random__c5abf224018f,branch,272,600K_legacy/row_1146__branch_uid023229_idx272_r4_random__c5abf224018f.data,228182,52f6be723d1a60652ad7886fabe72b1097112afb6e8514eb29eb6fabf768c5d6,622,-1.7399999810985278e-06,-0.14799331,0.16738187
1147,600,600K_legacy,branch_uid021899_idx251_r2_random__e551fe1be283,branch,251,600K_legacy/row_1147__branch_uid021899_idx251_r2_random__e551fe1be283.data,169687,207a5e6e3ff1c44f46799b60915664fab33c4da641fc9363077689ea6745b343,452,-1.87999999751165e-06,-0.26196877,0.16494464
1148,600,600K_legacy,branch_uid022458_idx260_r2_random__d1fdde19c0e0,branch,260,600K_legacy/row_1148__branch_uid022458_idx260_r2_random__d1fdde19c0e0.data,250957,67cd2747ff2e4360777304d3d7fe86dd051f958b9238b7b5096c4d30a53bfd1c,680,-7.099999970450188e-07,-0.2620204,0.16489301
1149,600,600K_legacy,branch_uid022413_idx259_r3_random__1edcdf81c6bd,branch,259,600K_legacy/row_1149__branch_uid022413_idx259_r3_random__1edcdf81c6bd.data,274220,399841bca763c0d1cb00a33673c795b42657e8cf5bbc125b09cf86605fb15f25,740,-2.0999999936210934e-07,-0.26075435,0.16615906
1150,600,600K_legacy,branch_uid021369_idx242_r4_random__84856ff4c8f9,branch,242,600K_legacy/row_1150__branch_uid021369_idx242_r4_random__84856ff4c8f9.data,126094,2b1a3bebeb923642d470590ebe860d6cbfab18902f95c6eaf96dc8b8485ffaad,342,6.000000043471232e-07,-0.14814944,0.16722574
1151,600,600K_legacy,branch_uid022113_idx254_r4_random__38cfb77b079e,branch,254,600K_legacy/row_1151__branch_uid022113_idx254_r4_random__38cfb77b079e.data,239120,98daf7c87a027443da04530480e55bf04c6123cd4ea90048d01547f734243478,652,1.5199999917059337e-06,-0.14798453,0.16739065
1152,600,600K_legacy,branch_uid019421_idx211_r2_random__1d3e0048d1d6,branch,211,600K_legacy/row_1152__branch_uid019421_idx211_r2_random__1d3e0048d1d6.data,265233,8f9fd0345a907e83ce4fbaad0054a8eb7ce9db80089415ed0a8a13dd65f10365,719,-1.6681100944992977e-14,-0.26185585,0.16505756
1153,600,600K_legacy,branch_uid020675_idx231_r3_random__f1992d193688,branch,231,600K_legacy/row_1153__branch_uid020675_idx231_r3_random__f1992d193688.data,192369,dfe4c588e7d335f2fc8e9e4537b7cd2cb19bc63627282e664dbd68d0d777d72f,517,-6.000000202233124e-08,-0.26028961,0.1666238
1154,600,600K_legacy,branch_uid020687_idx231_r4_random__4a6032a47b38,branch,231,600K_legacy/row_1154__branch_uid020687_idx231_r4_random__4a6032a47b38.data,202660,a024ab2f3027e2ca193bbc41e612385bb652ac14caadf84da970044aa44a4788,552,6.000000033479225e-07,-0.14801749,0.16735769
1155,600,600K_legacy,branch_uid017509_idx180_r3_random__dc459640e290,branch,180,600K_legacy/row_1155__branch_uid017509_idx180_r3_random__dc459640e290.data,272842,4b6b458f75f12762f7b6d7d211be84613aa2ec019a354d79011dfa7394aae26a,736,-1.5600000027315986e-06,-0.26080049,0.16611292
1156,600,600K_legacy,branch_uid022522_idx261_r2_random__f44d2c80c2dd,branch,261,600K_legacy/row_1156__branch_uid022522_idx261_r2_random__f44d2c80c2dd.data,134147,b25ea0f41f26d61d9c2cbef337fee44b6b8371e83b7fc9ed6632a9891910e4d4,351,-1.8000000068241206e-07,-0.26210432,0.16480909
1157,600,600K_legacy,branch_uid021865_idx250_r4_random__0f90fa9c52f5,branch,250,600K_legacy/row_1157__branch_uid021865_idx250_r4_random__0f90fa9c52f5.data,250058,0923183c77f0af6e36d5cc790cf9893f94eb89bc63b11c34439e223f30e9848d,682,-3.800000051290553e-07,-0.14797653,0.16739865
1158,600,600K_legacy,branch_uid019525_idx213_r1_random__85c8d8bc7862,branch,213,600K_legacy/row_1158__branch_uid019525_idx213_r1_random__85c8d8bc7862.data,231116,68f34d087c3dee165d24008bd4b43d39196ba91910ce486db2306c9ab9f9a1d7,632,-4.899999963003943e-07,-0.26334103,0.16357238
1159,600,600K_legacy,branch_uid022041_idx253_r3_random__dd2e96a447e5,branch,253,600K_legacy/row_1159__branch_uid022041_idx253_r3_random__dd2e96a447e5.data,208593,0b33e50b6e3cd711b736123bd57025747c24166ea652c75096de232c6c9edcdb,556,1.17999999141305e-06,-0.26055544,0.16635797
1160,600,600K_legacy,branch_uid020518_idx229_r1_random__93a207617d35,branch,229,600K_legacy/row_1160__branch_uid020518_idx229_r1_random__93a207617d35.data,219995,99284adbad6dc436c265a7795942d25f26c5484e76f6c5e5c8281349055baa88,601,-1.6899999948916111e-06,-0.26335873,0.16355468
1161,600,600K_legacy,branch_uid021862_idx250_r3_random__fcebff0e4233,branch,250,600K_legacy/row_1161__branch_uid021862_idx250_r3_random__fcebff0e4233.data,248122,f49313a4314392fcbb84ff89af1002ee34bbe9bc190562680ee418f13b087eaa,665,7.600000040408617e-07,-0.26082693,0.16608648
1162,600,600K_legacy,branch_uid020377_idx226_r4_random__c6e4d5b7f7d6,branch,226,600K_legacy/row_1162__branch_uid020377_idx226_r4_random__c6e4d5b7f7d6.data,115156,89bd22409b9796b30ebfa1294cac23661f8e3ffc5f42a71aaa28bb77d30a477e,312,5.999999974082293e-07,-0.14818279,0.16719239
1163,600,600K_legacy,branch_uid018765_idx200_r4_random__bc66c4ff99fc,branch,200,600K_legacy/row_1163__branch_uid018765_idx200_r4_random__bc66c4ff99fc.data,144324,dca98c56ddbf41c3c6ad42d1ec009e78a709e67d09f47463108a88342f1e1b51,392,6.800000051931931e-07,-0.1481052,0.16726998
1164,600,600K_legacy,branch_uid023043_idx269_r4_random__46b6a0e3b218,branch,269,600K_legacy/row_1164__branch_uid023043_idx269_r4_random__46b6a0e3b218.data,162554,097baa298eee285a849045ea4df2eaa98aeeee4edb772ff11e7ad7ae7eac9a33,442,3.3999999443645734e-07,-0.14807097,0.16730421
1165,600,600K_legacy,branch_uid020954_idx236_r1_random__360b5b0d757b,branch,236,600K_legacy/row_1165__branch_uid020954_idx236_r1_random__360b5b0d757b.data,176983,ecd6c9585e82efd4003a65709fb5ce30a2f432bb2a920a79bf0e229e0ff4b6da,478,-1.8299999975934789e-06,-0.26301657,0.16389684
1166,600,600K_legacy,branch_uid021052_idx237_r3_random__d652ecdc4b66,branch,237,600K_legacy/row_1166__branch_uid021052_idx237_r3_random__d652ecdc4b66.data,146356,27c4fb70fe749a242095efbaf05718c268c92f14808d3a2c6154640735e2a860,383,-1.3100000001708967e-06,-0.26070928,0.16620413
1167,600,600K_legacy,branch_uid022547_idx261_r4_random__1ee8c28f673b,branch,261,600K_legacy/row_1167__branch_uid022547_idx261_r4_random__1ee8c28f673b.data,140678,35a99070a66e1b26ef79bf3f008867c561cfb69586d57203b514d123db46957a,382,1.2399999993473187e-06,-0.14811312,0.16726206
1168,600,600K_legacy,branch_uid017795_idx185_r2_random__de40f4010ddc,branch,185,600K_legacy/row_1168__branch_uid017795_idx185_r2_random__de40f4010ddc.data,165325,e07c71b1972afca077c51001ab09498ad7e2d227a8f81fc212eca9b895caa7cc,440,-1.5600000068394237e-06,-0.26201486,0.16489855
1169,600,600K_legacy,branch_uid017945_idx187_r3_random__7a305cd7ed73,branch,187,600K_legacy/row_1169__branch_uid017945_idx187_r3_random__7a305cd7ed73.data,140193,af7b3a261eab4d94b4d3a8098d4338a6bea36109d522fa10625e7c4e624123ef,369,1.619999996899102e-06,-0.26107596,0.16583745
1170,600,600K_legacy,branch_uid017525_idx180_r4_random__b5f5f34c395d,branch,180,600K_legacy/row_1170__branch_uid017525_idx180_r4_random__b5f5f34c395d.data,275580,4ae04a9cc0f9dd97b2fdac158f611ffcd8b0d841af8ff2c7e7d7200e74510965,752,-6.000000205008682e-07,-0.14796034,0.16741484
1171,600,600K_legacy,branch_uid022777_idx265_r3_random__adb5c79d549f,branch,265,600K_legacy/row_1171__branch_uid022777_idx265_r3_random__adb5c79d549f.data,137596,1efd4744e977e90837fd4c4a56f798e1427d197c9907dd25af935b4d6844af43,367,-5.900000008829398e-07,-0.26039273,0.16652068
1172,600,600K_legacy,branch_uid021307_idx241_r4_random__ba3e265bddb0,branch,241,600K_legacy/row_1172__branch_uid021307_idx241_r4_random__ba3e265bddb0.data,104218,22704d0e1aadedec0302583ac04ea7f710f27b3071d9e8ca3753dfa00aa5957c,282,-5.999999997952088e-07,-0.14822324,0.16715194
1173,600,600K_legacy,branch_uid022088_idx254_r2_random__8868500ea45a,branch,254,600K_legacy/row_1173__branch_uid022088_idx254_r2_random__8868500ea45a.data,219979,380e89293a852feb2873b190e158f0a3c13cd7edf423fa26a09c48db9d463940,592,1.059999995639549e-06,-0.26183868,0.16507473
1174,600,600K_legacy,branch_uid020698_idx232_r1_random__bf2746294114,branch,232,600K_legacy/row_1174__branch_uid020698_idx232_r1_random__bf2746294114.data,210920,3395fad4c2a9a3537edef4f46ca8af4597f7a9387b4130c002f2b0e3b147256f,574,3.4999999981577545e-07,-0.26301317,0.16390024
1175,600,600K_legacy,branch_uid020041_idx221_r2_random__d67f92a33135,branch,221,600K_legacy/row_1175__branch_uid020041_idx221_r2_random__d67f92a33135.data,265780,8e3f542a3bfda3d97ab48ebe12b8c991cc1671210ccf95c1c54984d916f5609b,720,2.8100000086239696e-06,-0.26164587,0.16526754
1176,600,600K_legacy,branch_uid022919_idx267_r4_random__04a9d4d1a887,branch,267,600K_legacy/row_1176__branch_uid022919_idx267_r4_random__04a9d4d1a887.data,228182,0ce29a732366f014cbad1efd8900d8d899589798166672bb2c39f616cb405422,622,-1.7399999810985278e-06,-0.14799331,0.16738187
1177,600,600K_legacy,branch_uid017767_idx184_r3_random__a271701ec238,branch,184,600K_legacy/row_1177__branch_uid017767_idx184_r3_random__a271701ec238.data,132465,c278aade2c812eb84bf5d465d2ef5f10ca5d3a2222658d815809d552869d95f1,351,1.7200000012318473e-06,-0.26042464,0.16648877
1178,600,600K_legacy,branch_uid023103_idx270_r3_random__59f8d2fb1a37,branch,270,600K_legacy/row_1178__branch_uid023103_idx270_r3_random__59f8d2fb1a37.data,251494,e93bee686ec76a2b9bd5e9e93a7a7fcd7919ea339fa1d70ffe05a807d27cd185,672,-3.139999995654952e-06,-0.26079714,0.16611627
1179,600,600K_legacy,branch_uid020928_idx235_r3_random__11affd15f36a,branch,235,600K_legacy/row_1179__branch_uid020928_idx235_r3_random__11affd15f36a.data,223982,edfcdd4e531b6f2002b576b94b3e84f17d781cc79d1a343be7672f9c3e4c7a6b,599,-1.609999993212874e-06,-0.26103754,0.16587587
1180,600,600K_legacy,branch_uid022795_idx265_r4_random__fbb4069d26f1,branch,265,600K_legacy/row_1180__branch_uid022795_idx265_r4_random__fbb4069d26f1.data,144324,df8293e93bb0d415aae71115eaf8ec736c5c08fff7e77db2fd3eb4198254b14f,392,6.800000056372824e-07,-0.1481052,0.16726998
1181,600,600K_legacy,cyclic_uid007194_idx61_r4_random__0ddbd436019d,cyclic,61,600K_legacy/row_1181__cyclic_uid007194_idx61_r4_random__0ddbd436019d.data,74450,c5b623ddb5bd208357b12ff3741643272c3d234238672aafc6caa9040a3ca801,200,-5.551115123125783e-17,-0.1478026,0.16757258
1182,600,600K_legacy,branch_uid017959_idx187_r4_random__2ed0358d6ec1,branch,187,600K_legacy/row_1182__branch_uid017959_idx187_r4_random__2ed0358d6ec1.data,137032,c572b622d0685082c3a7c808f9ea36ac9528028148414be9621b1935bc1de588,372,2.400000012059422e-07,-0.14812147,0.16725371
1183,600,600K_legacy,branch_uid019447_idx211_r4_random__0ae6cb853006,branch,211,600K_legacy/row_1183__branch_uid019447_idx211_r4_random__0ae6cb853006.data,286518,c835f6430a7a1906cf5e69d0f8456608b58cf7b47ec1408bc660f71101eef253,782,-1.6999999760680673e-06,-0.14795429,0.16742089
1184,600,600K_legacy,branch_uid020784_idx233_r2_random__f79fa968478d,branch,233,600K_legacy/row_1184__branch_uid020784_idx233_r2_random__f79fa968478d.data,272319,8a1057dd10cf6db758affbfe27807d83a562723102f7e943be52b0030c08ef90,738,2.6099999975159882e-06,-0.26205545,0.16485796
1185,600,600K_legacy,branch_uid021927_idx251_r4_random__2627d4895395,branch,251,600K_legacy/row_1185__branch_uid021927_idx251_r4_random__2627d4895395.data,180784,6c7f52add7592dcaf8f81627fd0cc2f8bb899cc04cf7c9b996e0d79c2ace7db8,492,-1.3199999993607214e-06,-0.1480437,0.16733148
1186,600,600K_legacy,branch_uid021804_idx250_r0_random__33c69185fce0,branch,250,600K_legacy/row_1186__branch_uid021804_idx250_r0_random__33c69185fce0.data,193120,59cce68c66cd647fa2d825b99ab9cce4591b4f19b08b80defdf31cd4a2389a97,548,-6.400000027717567e-07,-0.26479456,0.0970664
1187,600,600K_legacy,branch_uid021741_idx248_r4_random__fdcd703f41d6,branch,248,600K_legacy/row_1187__branch_uid021741_idx248_r4_random__fdcd703f41d6.data,242766,0518f6a14cee495b034f7758bf9f432efa50a1f24ca6b5845d8a4dd54c046ea9,662,2.7199999744764725e-06,-0.14798178,0.1673934
1188,600,600K_legacy,branch_uid022237_idx256_r4_random__dfa82e05b77b,branch,256,600K_legacy/row_1188__branch_uid022237_idx256_r4_random__dfa82e05b77b.data,213598,49c603498c8111b8cf48ee16df431bb2c594b76f87adbc9871cc0cf5ccde44c4,582,2.459999985215955e-06,-0.14800641,0.16736877
1189,600,600K_legacy,branch_uid020586_idx230_r2_random__56973d87e574,branch,230,600K_legacy/row_1189__branch_uid020586_idx230_r2_random__56973d87e574.data,86320,cc48ad782b4d6092a332e6363c59a118a16146a6bf7ec561c618a4c040f2bc22,221,5.69999999255888e-07,-0.26228445,0.16462896
1190,600,600K_legacy,branch_uid019695_idx215_r4_random__b7e03a84d90c,branch,215,600K_legacy/row_1190__branch_uid019695_idx215_r4_random__b7e03a84d90c.data,195368,513aeba72e61448f3eeea977b1251de21c8f25dc4e552cc9c9f5df101757ab94,532,-1.5999998709270713e-07,-0.14802557,0.16734961
1191,600,600K_legacy,branch_uid020997_idx236_r4_random__c8e5d445eb16,branch,236,600K_legacy/row_1191__branch_uid020997_idx236_r4_random__c8e5d445eb16.data,206306,46115355decd0f95e8b5659c02d78b4c493330d9e11a0b2e93b05c5a465c6bc0,562,-1.459999997566186e-06,-0.14801367,0.16736151
1192,600,600K_legacy,branch_uid023099_idx270_r3_random__a634a540f3d2,branch,270,600K_legacy/row_1192__branch_uid023099_idx270_r3_random__a634a540f3d2.data,244375,192c4b91b70b3c9f9824880f921df309942e7df3b00c7fdecad60f0c7a5a93c1,660,-3.050000003862463e-06,-0.26047391,0.1664395
1193,600,600K_legacy,branch_uid020222_idx224_r2_random__d9a19b271961,branch,224,600K_legacy/row_1193__branch_uid020222_idx224_r2_random__d9a19b271961.data,155177,491cde353921cccd55b709268c9b9bc489ed5219539ded765653ac16c1112adb,411,-2.3999999923529636e-07,-0.26210235,0.16481106
1194,600,600K_legacy,branch_uid017573_idx181_r3_random__d5a2d08c3e85,branch,181,600K_legacy/row_1194__branch_uid017573_idx181_r3_random__d5a2d08c3e85.data,154300,d4a3886324e323940799941b363987e38da9ba32f05469accce95d06e4210e63,412,5.399999970789882e-07,-0.26086318,0.16605023
1195,600,600K_legacy,branch_uid021708_idx248_r2_random__bd5dd61ceee1,branch,248,600K_legacy/row_1195__branch_uid021708_idx248_r2_random__bd5dd61ceee1.data,224971,930b24601de03e55e3ece0b6a796467e1aefd22ba92e80719b8d88aef11b1520,608,2.75999999985177e-06,-0.26179229,0.16512112
1196,600,600K_legacy,branch_uid019050_idx205_r2_random__84c606741248,branch,205,600K_legacy/row_1196__branch_uid019050_idx205_r2_random__84c606741248.data,191763,fce10a6ee9d6de131775d69ae380051afd1a9a5cc0895ebeb2ee7c48696a7df8,514,2.5000000022090685e-06,-0.26163811,0.1652753
1197,600,600K_legacy,branch_uid017954_idx187_r3_random__1b498640815b,branch,187,600K_legacy/row_1197__branch_uid017954_idx187_r3_random__1b498640815b.data,139621,43acac37158667429402600990657fc2efa8a88eb8964956cc8ffee95b877266,366,-1.600000028301185e-07,-0.26096316,0.16595025
1198,600,600K_legacy,branch_uid020440_idx228_r0_random__35fd812ba56d,branch,228,600K_legacy/row_1198__branch_uid020440_idx228_r0_random__35fd812ba56d.data,153334,8e298da9297d889fabb1a3ed034575814e9ab6951b95136354c1612b7229fdde,434,-4.399999976312241e-07,-0.26480273,0.09705823
1199,600,600K_legacy,branch_uid021431_idx243_r4_random__926d63c4ba79,branch,243,600K_legacy/row_1199__branch_uid021431_idx243_r4_random__926d63c4ba79.data,246412,817c4ef225f7f0d61c40711eed4362ae402c9b32d22406c4d9c079ff27ca8f8f,672,-1.5600000148885407e-06,-0.14797912,0.16739606
1200,600,600K_legacy,branch_uid022051_idx253_r4_random__637a85a32717,branch,253,600K_legacy/row_1200__branch_uid022051_idx253_r4_random__637a85a32717.data,213598,fb92d67b302a5132480935de6cb4259387cf85b34461020a8c299fcb1b09c81e,582,2.459999985215955e-06,-0.14800641,0.16736877
1201,600,600K_legacy,branch_uid019549_idx213_r2_random__2e91473d03d0,branch,213,600K_legacy/row_1201__branch_uid019549_idx213_r2_random__2e91473d03d0.data,243778,0575a7c1443b47cb311dc36b06087cad4933be8d9b5340c5cf54a025f6e99e46,659,3.100000178224427e-07,-0.26184265,0.16507076
1202,600,600K_legacy,branch_uid019177_idx207_r2_random__23b7d791770c,branch,207,600K_legacy/row_1202__branch_uid019177_idx207_r2_random__23b7d791770c.data,107728,7cafe40aace4699316ad48308c8d02282e6784d8083227a5e2de9e3502b71a98,283,1.079999998626624e-06,-0.26285158,0.16406183
1203,600,600K_legacy,branch_uid022733_idx264_r4_random__76b2c6fd8365,branch,264,600K_legacy/row_1203__branch_uid022733_idx264_r4_random__76b2c6fd8365.data,82342,1f4346c01faded3d358914126a3a84be20d06a2c2d445a03e03e14289b307d2a,222,8.399999992247942e-07,-0.14833692,0.16703826
1204,600,600K_legacy,branch_uid018113_idx190_r2_random__826717b31203,branch,190,600K_legacy/row_1204__branch_uid018113_idx190_r2_random__826717b31203.data,121037,32f55c394cbb7cf693eb218c614c860e5a30e3d961c33a71ba939c5a4a11248e,320,-4.499999990692505e-07,-0.26176011,0.1651533
1205,600,600K_legacy,branch_uid020563_idx229_r4_random__78b3d5814652,branch,229,600K_legacy/row_1205__branch_uid020563_idx229_r4_random__78b3d5814652.data,250058,8018fd7ef622ed039155d972918fa06b4261dfedea80009f332a69c671de16bb,682,-3.800000051290553e-07,-0.14797653,0.16739865
1206,600,600K_legacy,branch_uid021338_idx242_r2_random__ac6d96c18156,branch,242,600K_legacy/row_1206__branch_uid021338_idx242_r2_random__ac6d96c18156.data,122199,b3fbeadddbdb72e16ad4e35f1b67eafe198b3ac44b522ba56c01dbf6ac55be3f,319,-3.100000021960536e-07,-0.26217651,0.1647369
1207,600,600K_legacy,branch_uid018294_idx193_r2_random__d14d3bcf0cfc,branch,193,600K_legacy/row_1207__branch_uid018294_idx193_r2_random__d14d3bcf0cfc.data,93793,f661e046e02b1e34a9565a95f383cda0f7d4170eba213642c850083eed8ffdcd,241,-1.0500000003077492e-06,-0.26158056,0.16533285
1208,600,600K_legacy,branch_uid022423_idx259_r4_random__bdf9531000b0,branch,259,600K_legacy/row_1208__branch_uid022423_idx259_r4_random__bdf9531000b0.data,279226,e8e8d69b7f5bfb4af48a1200744071be267eb4a1b7992677d651d322abe7cfab,762,-6.599999908818432e-07,-0.14795827,0.16741691
1209,600,600K_legacy,branch_uid021967_idx252_r2_random__1f3baae0b837,branch,252,600K_legacy/row_1209__branch_uid021967_idx252_r2_random__1f3baae0b837.data,251948,05976746d76dc96b50f28259d770cb553f680355449c4a766d995bda0fcb2106,680,-1.5899999956103805e-06,-0.26218182,0.16473159
1210,600,600K_legacy,cyclic_uid007356_idx63_r2_block__cf492b127db7,cyclic,63,600K_legacy/row_1210__cyclic_uid007356_idx63_r2_block__cf492b127db7.data,66612,2c18802fddb019d909dfa71c2eee05b4e2fa4a55f31238ce98efb845593e7e94,176,1.9999999953390635e-07,-0.1907347,0.16552734
1211,600,600K_legacy,branch_uid019075_idx205_r4_random__66a18597e8f7,branch,205,600K_legacy/row_1211__branch_uid019075_idx205_r4_random__66a18597e8f7.data,213598,ca34c1447b2c56dafb678d1161f23377d1602e14743a7d44339eb8b742411904,582,2.459999989656847e-06,-0.14800641,0.16736877
1212,600,600K_legacy,branch_uid020873_idx234_r4_random__1e22d20405e6,branch,234,600K_legacy/row_1212__branch_uid020873_idx234_r4_random__1e22d20405e6.data,122448,a2a47a6d78f030bee3ad390c85c2c1a54dce5d2985880dc07d1408a0bd407bbb,332,-3.9999999662532204e-07,-0.14815989,0.16721529
1213,600,600K_legacy,branch_uid020315_idx225_r4_random__a312865008a2,branch,225,600K_legacy/row_1213__branch_uid020315_idx225_r4_random__a312865008a2.data,184430,6c3b1c576d75f6ea607bd462cc78a20f1ed304656981f74f9833c2fbeeaf1570,502,2.2999999921835546e-06,-0.14803889,0.16733629
1214,600,600K_legacy,branch_uid018977_idx204_r2_random__20c83b21c196,branch,204,600K_legacy/row_1214__branch_uid018977_idx204_r2_random__20c83b21c196.data,235469,a00044e834d53f63f104954586a1870e0ebe2ea6468a6d2e06884b8381b585e2,636,-2.4699999974786557e-06,-0.26204879,0.16486462
1215,600,600K_legacy,branch_uid017452_idx179_r3_random__f07257996588,branch,179,600K_legacy/row_1215__branch_uid017452_idx179_r3_random__f07257996588.data,187348,173d69536164dff81eba72580d78b430555ace8a157f895db9c548b156f84c31,500,-1.179999992384495e-06,-0.26057193,0.16634148
1216,600,600K_legacy,branch_uid018871_idx202_r3_random__61b70a84723f,branch,202,600K_legacy/row_1216__branch_uid018871_idx202_r3_random__61b70a84723f.data,103971,190f22834c53989d7953192d4d68f80e4ba5876bfe96e83fc5ee061cb0bbff2a,272,7.999999996899376e-07,-0.26097301,0.1659404
1217,600,600K_legacy,branch_uid020545_idx229_r3_random__acf15006a4a4,branch,229,600K_legacy/row_1217__branch_uid020545_idx229_r3_random__acf15006a4a4.data,246375,8870e5b4c287a8c3623d03198d36166a0d97360c90217bd56f5fc894619257d5,659,-1.3300000029914383e-06,-0.26071349,0.16619992
1218,600,600K_legacy,branch_uid017807_idx185_r2_random__a1ee4fe5a48a,branch,185,600K_legacy/row_1218__branch_uid017807_idx185_r2_random__a1ee4fe5a48a.data,163397,b8d4b5a290e352f56d080df2f391ed4dde6f9654f04ffeadef3e6f2aceda2298,434,-4.899999966334612e-07,-0.26198661,0.1649268
1219,600,600K_legacy,branch_uid020455_idx228_r1_random__59b55e8a2398,branch,228,600K_legacy/row_1219__branch_uid020455_idx228_r1_random__59b55e8a2398.data,165998,6c7df7942f216eb2e1ea5a7dfaf39ce99ddbb58b0aede1e979c011916f50f668,447,1.8499999956955726e-06,-0.26306968,0.16384373
1220,600,600K_legacy,branch_uid023539_idx277_r4_random__a3300ab70c67,branch,277,600K_legacy/row_1220__branch_uid023539_idx277_r4_random__a3300ab70c67.data,140678,7d09905881fe3c85104a02e0d83f7fa26fc07af7eacc1d989feedbde4555efbb,382,1.2399999992362964e-06,-0.14811312,0.16726206
1221,600,600K_legacy,branch_uid022486_idx261_r0_random__a43f141980d9,branch,261,600K_legacy/row_1221__branch_uid022486_idx261_r0_random__a43f141980d9.data,110407,7bea33ec57b7053daee60c52516a206f631c09e2e44cbe74ffcb78352880bb52,311,3.0000000236785063e-07,-0.26485081,0.09701015
1222,600,600K_legacy,branch_uid017856_idx186_r1_random__a2ff827269b1,branch,186,600K_legacy/row_1222__branch_uid017856_idx186_r1_random__a2ff827269b1.data,201661,2339cda1f31e18d505b076dcfd37a9ffae8407abddb1f5bd213b8f5515bc3526,546,1.7699999947384804e-06,-0.26324464,0.16366877
1223,600,600K_legacy,branch_uid019385_idx210_r4_random__e86ad1109903,branch,210,600K_legacy/row_1223__branch_uid019385_idx210_r4_random__e86ad1109903.data,107864,a1edd16166acd8aae7379a5827634e1505040c8a1ba42d069e29a34dfe4758e9,292,7.199999991214234e-07,-0.14820883,0.16716635
1224,600,600K_legacy,branch_uid023420_idx276_r1_random__d238bc00f6ff,branch,276,600K_legacy/row_1224__branch_uid023420_idx276_r1_random__d238bc00f6ff.data,211123,57de7c65585697dcb12c3888d7b688b81ae996514584d9a4bc1a0c171bc423d9,576,-2.220000000996425e-06,-0.26339651,0.1635169
1225,600,600K_legacy,branch_uid017887_idx186_r3_random__a4fde9c7b982,branch,186,600K_legacy/row_1225__branch_uid017887_idx186_r3_random__a4fde9c7b982.data,224692,8b6abb3729d883bba86c1c10a5adae6860b83ab97cd83e1018b881816d890699,601,-2.7899999984482005e-06,-0.2604972,0.16641621
1226,600,600K_legacy,branch_uid021183_idx239_r4_random__f568f46fd3e7,branch,239,600K_legacy/row_1226__branch_uid021183_idx239_r4_random__f568f46fd3e7.data,155262,fd7ab79fd5d36466dd161f73c87b5d7d97f12be5f4464a81b34fd3dafd892356,422,-1.0000000211229931e-07,-0.14808369,0.16729149
1227,600,600K_legacy,branch_uid019132_idx206_r3_random__389b68d0189d,branch,206,600K_legacy/row_1227__branch_uid019132_idx206_r3_random__389b68d0189d.data,157520,24fe9c443c6c1a04afebea6d25bd877e2423e5ebcbe6aa0f94ec0cd45e6bb272,415,-1.9799999994574158e-06,-0.26096362,0.16594979
1228,600,600K_legacy,branch_uid022097_idx254_r3_random__a1cbc76427d0,branch,254,600K_legacy/row_1228__branch_uid022097_idx254_r3_random__a1cbc76427d0.data,237696,9731512ebe190373cab14215ee9e192b3f0b35d699509ac46270fe906ff96360,639,-8.999999964176553e-07,-0.26083699,0.16607642
1229,600,600K_legacy,branch_uid021308_idx242_r0_random__bba0280a40de,branch,242,600K_legacy/row_1229__branch_uid021308_idx242_r0_random__bba0280a40de.data,97843,e31cf3b8288d805d139f8365240c3607d76bb8768b97305379a6768ff0704d4d,275,9.599999976350748e-07,-0.26489061,0.09697035
1230,600,600K_legacy,branch_uid021700_idx248_r1_random__18979087db28,branch,248,600K_legacy/row_1230__branch_uid021700_idx248_r1_random__18979087db28.data,216211,90597471aefeb4d01b753b672a8a71990419586df1781c95cf8579be2afd532d,588,7.400000057167233e-07,-0.26347101,0.1634424
1231,600,600K_legacy,branch_uid022891_idx267_r2_random__911de953ffe0,branch,267,600K_legacy/row_1231__branch_uid022891_idx267_r2_random__911de953ffe0.data,217674,dbfe367ebc411f44f00d0af3c0adbcaa7c846dc940dbb3ccf09fb7497557376b,585,-8.599999981595552e-07,-0.26207478,0.16483863
1232,600,600K_legacy,branch_uid020976_idx236_r2_random__29e3e976d303,branch,236,600K_legacy/row_1232__branch_uid020976_idx236_r2_random__29e3e976d303.data,199283,32b59aa8ac9b4d1e129019c0fc4536b71c950976afff812c43f1edf661f58140,534,-1.7600000060680188e-06,-0.26225574,0.16465767
1233,600,600K_legacy,branch_uid023463_idx276_r3_random__e20de207deb4,branch,276,600K_legacy/row_1233__branch_uid023463_idx276_r3_random__e20de207deb4.data,232252,2c7829b9a5a66ea433edae0a6a44bc52720c82e71ff775628ea4fdfd4719d188,620,-2.029999992353426e-06,-0.26073197,0.16618144
1234,600,600K_legacy,branch_uid019689_idx215_r3_random__45e864c820c0,branch,215,600K_legacy/row_1234__branch_uid019689_idx215_r3_random__45e864c820c0.data,194905,448f80d578108dd61ed3aa74f7fcee90bf3ec2ec9b2c3bea99e623620eab8145,519,-2.4599999943475392e-06,-0.26082889,0.16608452
1235,600,600K_legacy,branch_uid020005_idx220_r4_random__831b92fe13c4,branch,220,600K_legacy/row_1235__branch_uid020005_idx220_r4_random__831b92fe13c4.data,228182,27f41e52b8b94e17fed25a92e4a0e18f60cba458dad9e2c5d1c1a71a750da357,622,-1.7399999817646616e-06,-0.14799331,0.16738187
1236,600,600K_legacy,branch_uid019987_idx220_r3_random__446e403980f5,branch,220,600K_legacy/row_1236__branch_uid019987_idx220_r3_random__446e403980f5.data,210764,5f7acf3cdf31ad88bf10de31eedf6fc077c19a4f08b0ccf72a34cae7b2c3eda4,570,-1.9999999334441299e-07,-0.2600407,0.16687271
1237,600,600K_legacy,branch_uid018955_idx204_r1_random__d5be3fcf8281,branch,204,600K_legacy/row_1237__branch_uid018955_idx204_r1_random__d5be3fcf8281.data,218334,997c00c40da080df4293ec8a14f988243ba437405c9e03683f5f5c6fdf23f01d,595,1.6899999990549475e-06,-0.26325118,0.16366223
1238,600,600K_legacy,branch_uid019563_idx213_r3_random__06ace117695f,branch,213,600K_legacy/row_1238__branch_uid019563_idx213_r3_random__06ace117695f.data,258362,91157acec43ee49ccf329421d14ab596bce7488d943026eeece634074e8713dc,697,3.1300000020439978e-06,-0.26082214,0.16609127
1239,600,600K_legacy,branch_uid019819_idx217_r4_random__70c07c5885ef,branch,217,600K_legacy/row_1239__branch_uid019819_idx217_r4_random__70c07c5885ef.data,147970,e0f99aa008e3115facf8dc8632ef4a9b8ecb41dc7158784bcda61a75657fc88a,402,1.7400000033584995e-06,-0.14809767,0.16727751
1240,600,600K_legacy,branch_uid021534_idx245_r2_random__986abdb974d5,branch,245,600K_legacy/row_1240__branch_uid021534_idx245_r2_random__986abdb974d5.data,259395,6016e86fb2caf06abf49d464853d5a1afbd134d361c8d886556a485ef33a2f24,703,-1.1000001404193327e-07,-0.26193769,0.16497572
1241,600,600K_legacy,branch_uid018083_idx189_r4_random__8b90d6938ffe,branch,189,600K_legacy/row_1241__branch_uid018083_idx189_r4_random__8b90d6938ffe.data,213598,c471cc82ca1031c24cc4c07a6f09f39420a5d8f341ce6f4ecce301841064a446,582,2.4599999861596444e-06,-0.14800641,0.16736877
1242,600,600K_legacy,branch_uid018448_idx195_r3_random__e64dac4d8bda,branch,195,600K_legacy/row_1242__branch_uid018448_idx195_r3_random__e64dac4d8bda.data,261576,b9c84d5a8740a85a3a4557d6a551c9604c0222d3330f56d8cba6784cbfb5f6af,711,-2.2899999782832747e-06,-0.25988024,0.16703317
1243,600,600K_legacy,branch_uid018145_idx190_r4_random__2fe731fe7560,branch,190,600K_legacy/row_1243__branch_uid018145_idx190_r4_random__2fe731fe7560.data,129740,201bf372c2cf979b3c3a5116ef9f3f7b5a95c146206dfa96a42ef7e4b9965bc7,352,-6.000000008499207e-07,-0.14813959,0.16723559
1244,600,600K_legacy,branch_uid023477_idx276_r4_random__127c562ee43a,branch,276,600K_legacy/row_1244__branch_uid023477_idx276_r4_random__127c562ee43a.data,235474,3873fd92db4d87fb01386f8cd037775fe8f665eb68a7a36a68683d026190881e,642,-2.460000021187181e-06,-0.14798737,0.16738781
1245,600,600K_legacy,branch_uid022361_idx258_r4_random__f7364de21116,branch,258,600K_legacy/row_1245__branch_uid022361_idx258_r4_random__f7364de21116.data,118802,ed8353166b8ad96cad1e755dadacc6cebca4f2ce1f689cbcfd9acd8464ad1276,322,1.5200000006987402e-06,-0.14817098,0.1672042
1246,600,600K_legacy,branch_uid018234_idx192_r2_random__bfaada657214,branch,192,600K_legacy/row_1246__branch_uid018234_idx192_r2_random__bfaada657214.data,139522,2a47bddcde22f8f6c28e8b9f5f715445ef2ca6191e2a657a22c9f8194cd32bec,370,-7.700000005383956e-07,-0.26185066,0.16506275
1247,600,600K_legacy,branch_uid021555_idx245_r4_random__a61f86b5a108,branch,245,600K_legacy/row_1247__branch_uid021555_idx245_r4_random__a61f86b5a108.data,275580,61681c5d3a77576d483fff9285d7d08ee9a169994115cf0518951c1853a317fa,752,-6.000000207229128e-07,-0.14796034,0.16741484
1248,600,600K_legacy,branch_uid020093_idx222_r2_random__9cd0b82c0fed,branch,222,600K_legacy/row_1248__branch_uid020093_idx222_r2_random__9cd0b82c0fed.data,181823,77daa848ff89dbc31ebc51de2d47451ac9e4abfdc8f92d4c8c6e6e52eae62733,487,-7.19999994180931e-07,-0.26200866,0.16490475
1249,600,600K_legacy,branch_uid021173_idx239_r3_random__9f6310fc379d,branch,239,600K_legacy/row_1249__branch_uid021173_idx239_r3_random__9f6310fc379d.data,148534,1d8dc19062f7356e7beee50183e8e3eb461bd690c86c50639c88064e22637ec6,397,-6.000000754569079e-08,-0.26031324,0.16660017
1250,600,600K_legacy,branch_uid023214_idx272_r3_random__2dd5ba323470,branch,272,600K_legacy/row_1250__branch_uid023214_idx272_r3_random__2dd5ba323470.data,226216,cdad49ffc97991b59daccf035db9fbeb08457806ffdca11ac01b3ffb8106f01c,603,1.0600000036609103e-06,-0.26078592,0.16612749
1251,600,600K_legacy,branch_uid020559_idx229_r3_random__1deb795e3b4a,branch,229,600K_legacy/row_1251__branch_uid020559_idx229_r3_random__1deb795e3b4a.data,246244,0771c77d5a0847a25b216cea404c98751f96ba1bca9da1405e26a2901ace3d3a,662,-9.999999658893977e-08,-0.26086299,0.16605042
1252,600,600K_legacy,branch_uid018766_idx201_r0_random__6ad52c20ca2f,branch,201,600K_legacy/row_1252__branch_uid018766_idx201_r0_random__6ad52c20ca2f.data,197247,4523a76c0fb9d8505d599682f5fbb4ad9462cdebc902783130277c93028ddd01,560,2.599999997049407e-06,-0.26479448,0.09706648
1253,600,600K_legacy,branch_uid023210_idx272_r3_random__f26fa80731a3,branch,272,600K_legacy/row_1253__branch_uid023210_idx272_r3_random__f26fa80731a3.data,226946,7cebf174bebc491d89a9f52abdb1b6c026b3b04de18fc63eeac4b6e534dcada5,609,1.470000000142191e-06,-0.26086382,0.16604959
1254,600,600K_legacy,branch_uid020786_idx233_r2_random__9987f7f756ed,branch,233,600K_legacy/row_1254__branch_uid020786_idx233_r2_random__9987f7f756ed.data,268367,d6c5f137d6f0a2a05a442b0e2d55c75e30fe318951797456ddd968d5e4cc3bed,726,2.7700000038155537e-06,-0.2619071,0.16500631
1255,600,600K_legacy,branch_uid022981_idx268_r4_random__b01533799656,branch,268,600K_legacy/row_1255__branch_uid022981_idx268_r4_random__b01533799656.data,206306,62c1fa12cca8d36e709982da20683389a88d812795a9d1ff57b71dd0c9a83ada,562,-1.4599999977882305e-06,-0.14801367,0.16736151
1256,600,600K_legacy,branch_uid021679_idx247_r4_random__09196a018e88,branch,247,600K_legacy/row_1256__branch_uid021679_idx247_r4_random__09196a018e88.data,224536,8d7f0fd55f4f94b37a37324aba3fdee5e7aa1ee39db99fe44515590e838e21a6,612,2.0400000038112154e-06,-0.14799642,0.16737876
1257,600,600K_legacy,branch_uid017533_idx181_r1_random__071950f34a9e,branch,181,600K_legacy/row_1257__branch_uid017533_idx181_r1_random__071950f34a9e.data,140398,20034e62a2cd03306dc3793236b4fec99624b002244671d493875d7cbda9f146,375,5.500000009317496e-07,-0.26346594,0.16344747
1258,600,600K_legacy,branch_uid017711_idx183_r4_random__5c6d704bb9b3,branch,183,600K_legacy/row_1258__branch_uid017711_idx183_r4_random__5c6d704bb9b3.data,173492,1a263410a20db3e4b38f8f73d0407feadec3cb7d5382432a345af42ca748c8e6,472,1.5599999916293683e-06,-0.14805391,0.16732127
1259,600,600K_legacy,branch_uid022609_idx262_r4_random__772433500f57,branch,262,600K_legacy/row_1259__branch_uid022609_idx262_r4_random__772433500f57.data,242766,193bac4cd71c6f2a16ce43beed9921cbaef04aee7b2e50318c78ad0db375d1c4,662,2.7199999778626527e-06,-0.14798178,0.1673934
1260,600,600K_legacy,branch_uid019428_idx211_r3_random__b768fe9b256c,branch,211,600K_legacy/row_1260__branch_uid019428_idx211_r3_random__b768fe9b256c.data,285194,e28dda6d00d3358d5e81ccebbf25e6591b9fc7c8650ec2a5ac6c2db53ce9375a,768,3.000000004610426e-06,-0.26087844,0.16603497
1261,600,600K_legacy,branch_uid019508_idx212_r3_random__cfeba82f43d6,branch,212,600K_legacy/row_1261__branch_uid019508_idx212_r3_random__cfeba82f43d6.data,145920,f55b27993cbc5a6dab1fdb03f06bf5b7f0d93ed3c16c2238435000937944e174,390,1.3800000067121232e-06,-0.2604499,0.16646351
1262,600,600K_legacy,branch_uid018827_idx201_r4_random__9bf8db74844c,branch,201,600K_legacy/row_1262__branch_uid018827_idx201_r4_random__9bf8db74844c.data,257350,2a653ac1f5c5507098f2fd24df31d41e5bb0903a3887d8f62ad14fa3526b66ab,702,2.940000018714084e-06,-0.14797157,0.16740361
1263,600,600K_legacy,branch_uid018285_idx193_r1_random__fa3af6f8825c,branch,193,600K_legacy/row_1263__branch_uid018285_idx193_r1_random__fa3af6f8825c.data,92248,c3426fd9202e4a237b7cd61b3f5aac5e1cca1b89c645f9d4326d274cd5a9b382,243,-6.900000017462382e-07,-0.26368896,0.16322445
1264,600,600K_legacy,branch_uid021184_idx240_r0_random__01bdfdfa8b57,branch,240,600K_legacy/row_1264__branch_uid021184_idx240_r0_random__01bdfdfa8b57.data,182650,356639aab81e303e33493964329e56286555bfb6977e5b266f8863eeb6866d23,518,1.2099999985304422e-06,-0.26479235,0.09706861
1265,600,600K_legacy,branch_uid020439_idx227_r4_random__111f5d97be87,branch,227,600K_legacy/row_1265__branch_uid020439_idx227_r4_random__111f5d97be87.data,228182,18381927b3065f155fd9ae7e034618da987c928e2c15c411e7351114933846ec,622,-1.7399999830414181e-06,-0.14799331,0.16738187
1266,600,600K_legacy,branch_uid018870_idx202_r3_random__64838b683957,branch,202,600K_legacy/row_1266__branch_uid018870_idx202_r3_random__64838b683957.data,106270,5f6ff8434aa314d4be29c57784a9476460c1a795f4c277062aafba6215ad8357,281,1.1700000009662315e-06,-0.261285,0.16562841
1267,600,600K_legacy,branch_uid021702_idx248_r2_random__139cf0728895,branch,248,600K_legacy/row_1267__branch_uid021702_idx248_r2_random__139cf0728895.data,225658,899fa10f5c1f79ba8f7ae178b8b0bad7edb0204bf6ef45996e66006b18d33e39,608,-9.70000008509997e-07,-0.26186524,0.16504817
1268,600,600K_legacy,branch_uid023023_idx269_r3_random__827f2e3e55c1,branch,269,600K_legacy/row_1268__branch_uid023023_idx269_r3_random__827f2e3e55c1.data,160000,b5f7239955742dc16a28ff7603e913285d1897e74c6b2440b55f6e6589c858c2,422,-6.499999968268e-07,-0.260641,0.16627241
1269,600,600K_legacy,branch_uid021838_idx250_r2_random__a0b28c0264d0,branch,250,600K_legacy/row_1269__branch_uid021838_idx250_r2_random__a0b28c0264d0.data,222994,dcf4c03fd13ca8b09c6e3e3bdab87ed6b718eedc2af1b38b82659395795b6e54,603,-1.7200000001771354e-06,-0.26146691,0.1654465
1270,600,600K_legacy,branch_uid021970_idx252_r3_random__0e8d3cec31e9,branch,252,600K_legacy/row_1270__branch_uid021970_idx252_r3_random__0e8d3cec31e9.data,256694,a8ca9eb7b6ee2aa5f307ba6f65dfe99cfafc03ff4d4f052e5d5595836344e6cd,695,-2.7599999982419465e-06,-0.26066529,0.16624812
1271,600,600K_legacy,branch_uid020811_idx233_r4_random__fec93e88504c,branch,233,600K_legacy/row_1271__branch_uid020811_idx233_r4_random__fec93e88504c.data,290164,51f8c7306f08d99ce7cc8ee325ad94ee16649ad41feb72df4f6005fc6588f000,792,2.039999969505324e-06,-0.14795237,0.16742281
1272,600,600K_legacy,branch_uid023004_idx269_r2_random__649abba13f8e,branch,269,600K_legacy/row_1272__branch_uid023004_idx269_r2_random__649abba13f8e.data,153970,87f32d83a9f55da029552c180e6db2197b205de3e6fe525eadd9aee22e17a854,408,5.899999975800263e-07,-0.26207506,0.16483835
1273,600,600K_legacy,branch_uid021606_idx246_r3_random__aedfb5cdb33e,branch,246,600K_legacy/row_1273__branch_uid021606_idx246_r3_random__aedfb5cdb33e.data,103616,6eb2a11623e51e69b73ce53e58077d6daef461076b97de351e8c9f30d887eb4d,269,7.89999998723756e-07,-0.26081747,0.16609594
1274,600,600K_legacy,branch_uid020067_idx221_r4_random__35e7282eed50,branch,221,600K_legacy/row_1274__branch_uid020067_idx221_r4_random__35e7282eed50.data,290164,e86eb570a488394110ac18bb4f2cc853f75c2335561dfce6b4e74edb11a5d0b5,792,2.0399999803299984e-06,-0.14795237,0.16742281
1275,600,600K_legacy,branch_uid017773_idx184_r4_random__d7717f0c3381,branch,184,600K_legacy/row_1275__branch_uid017773_idx184_r4_random__d7717f0c3381.data,137032,e0d479c9c9c0cb3ecdd2cbe3f07e8e11b7762ca347cf5b270ee3e24efb7e5ce4,372,2.400000010949199e-07,-0.14812147,0.16725371
1276,600,600K_legacy,branch_uid019041_idx205_r2_random__b3c7d3e032d1,branch,205,600K_legacy/row_1276__branch_uid019041_idx205_r2_random__b3c7d3e032d1.data,200814,4683dc73c20f18de03f9eba4f89b48bcd81ccf7ac90150f63027bd67306febc6,538,2.58000000216696e-06,-0.26205119,0.16486222
1277,600,600K_legacy,branch_uid018042_idx189_r1_random__ca5973597350,branch,189,600K_legacy/row_1277__branch_uid018042_idx189_r1_random__ca5973597350.data,185729,4a2b73bb4ce27a93ee87a7abad9fdf0b694bb3ea7b4bde082010fc41d7dce2d8,505,4.800000003024607e-07,-0.2632425,0.16367091
1278,600,600K_legacy,branch_uid018533_idx197_r1_random__e1ba9cb95eb4,branch,197,600K_legacy/row_1278__branch_uid018533_idx197_r1_random__e1ba9cb95eb4.data,98698,876e7d1217ae4ea469bff20535dbb7ebcbeeb20ab85bb92c5aaff3d55948cdfc,261,5.499999991276372e-07,-0.2638922,0.16302121
1279,600,600K_legacy,branch_uid017587_idx181_r4_random__b3649bb1995e,branch,181,600K_legacy/row_1279__branch_uid017587_idx181_r4_random__b3649bb1995e.data,155262,1c3cb93e63cdcd32348ff5ed06a00c1c4493efcddd7402b1dd674b64a6fe3d4b,422,-1.0000000211229931e-07,-0.14808369,0.16729149
1280,600,600K_legacy,branch_uid020006_idx221_r0_random__10f80cfd2536,branch,221,600K_legacy/row_1280__branch_uid020006_idx221_r0_random__10f80cfd2536.data,229765,9dbb850e537d4c1e986286557d785d1ac7d185dd7e44c11af2f6508cc1fd14ed,653,2.29999999798447e-06,-0.26477329,0.09708767
1281,600,600K_legacy,branch_uid019446_idx211_r3_random__527c19f54bd4,branch,211,600K_legacy/row_1281__branch_uid019446_idx211_r3_random__527c19f54bd4.data,286718,753c0a674227bb95a80411a597bc6d66b32e54a4ba023c1883e7001f152f6929,771,-3.00000002145806e-07,-0.26096756,0.16594585
1282,600,600K_legacy,branch_uid017401_idx178_r4_random__45ccd18187bc,branch,178,600K_legacy/row_1282__branch_uid017401_idx178_r4_random__45ccd18187bc.data,213598,0fddc88751920ec3fe78a9c5e1c529b56250d5dd66001addcd5c85a3f054f55d,582,2.459999985660044e-06,-0.14800641,0.16736877
1283,600,600K_legacy,branch_uid017572_idx181_r3_random__f4776644524d,branch,181,600K_legacy/row_1283__branch_uid017572_idx181_r3_random__f4776644524d.data,146743,359d3332ccfd60cffa3feffa5ceedff3bd812eb29c3d7c7930b8a569ba94e1d0,391,-1.3799999972752275e-06,-0.26018403,0.16672938
1284,600,600K_legacy,branch_uid018250_idx192_r3_random__213eec655a00,branch,192,600K_legacy/row_1284__branch_uid018250_idx192_r3_random__213eec655a00.data,153777,806b7007c50fe3ad11fe2251c2b02c43376b4825a692243773f3389eb4b5786b,404,-8.000000301100485e-08,-0.2612357,0.16567771
1285,600,600K_legacy,branch_uid022929_idx268_r1_random__873fd7d66397,branch,268,600K_legacy/row_1285__branch_uid022929_idx268_r1_random__873fd7d66397.data,175820,071bc4a98bb38794c2df6a0a1d193e8570a10234873e9887b41ef1447a7853b5,475,1.0200000003235399e-06,-0.26311341,0.1638
1286,600,600K_legacy,branch_uid019262_idx209_r0_random__b39d5db2dc8f,branch,209,600K_legacy/row_1286__branch_uid019262_idx209_r0_random__b39d5db2dc8f.data,100923,8877ceb3e7b5dde8c8c3f83f912c79dff785547068c79acc5aca470cc76265a4,284,5.599999997885075e-07,-0.26488191,0.09697905
1287,600,600K_legacy,branch_uid018394_idx195_r0_random__97c83d2dcce4,branch,195,600K_legacy/row_1287__branch_uid018394_idx195_r0_random__97c83d2dcce4.data,222436,42d10b29fb9b95fa90a0f72e83d32b30765d5fcf5d41b3b14346450212b91d4f,632,2.4099999938742567e-06,-0.26478215,0.09707881
1288,600,600K_legacy,branch_uid023044_idx270_r0_random__55232286d73a,branch,270,600K_legacy/row_1288__branch_uid023044_idx270_r0_random__55232286d73a.data,200449,66aaa8c8def7a6e0478edefe7ec38926facb4baab76b7573fe6951759afeb3fc,569,1.5699999961482636e-06,-0.26476628,0.09709468
1289,600,600K_legacy,branch_uid018030_idx189_r1_random__6d2ead5cd9c1,branch,189,600K_legacy/row_1289__branch_uid018030_idx189_r1_random__6d2ead5cd9c1.data,194325,c735bc2e595a9d6fd9f16644f2f5bae8c0b77a33d256fd89872933cbcd2c6774,532,-3.999999689807687e-08,-0.26365233,0.16326108
1290,600,600K_legacy,branch_uid022143_idx255_r2_random__36e243b3a638,branch,255,600K_legacy/row_1290__branch_uid022143_idx255_r2_random__36e243b3a638.data,202389,bc96d6fcb4c265760d12428f7637960218271485352bd4a14f3f7deb37773c67,545,-7.899999962257542e-07,-0.26180495,0.16510846
1291,600,600K_legacy,branch_uid023405_idx275_r3_random__f71ee90e1d12,branch,275,600K_legacy/row_1291__branch_uid023405_idx275_r3_random__f71ee90e1d12.data,241167,af7b7d3542695c8d4b4ff63926cc64b62736ba3472243dc373a52324f0e6c21c,646,1.6800000001426785e-06,-0.26080664,0.16610677
1292,600,600K_legacy,branch_uid021417_idx243_r3_random__2b9b0f81a162,branch,243,600K_legacy/row_1292__branch_uid021417_idx243_r3_random__2b9b0f81a162.data,236045,1f23efd66e1100b4b25362a0e6728df2ea7ed029c7376f0de9b06ee82bd5d5ad,634,-1.6599999940192234e-06,-0.26043187,0.16648154
1293,600,600K_legacy,branch_uid021121_idx238_r4_random__5f4d27578849,branch,238,600K_legacy/row_1293__branch_uid021121_idx238_r4_random__5f4d27578849.data,199014,5d851dc8a9cdb4522db1b76d2a82b9cf9553e3767ff7dee0beef1e545393bce2,542,-2.2400000000422082e-06,-0.14802146,0.16735372
1294,600,600K_legacy,branch_uid020683_idx231_r3_random__b610b921a936,branch,231,600K_legacy/row_1294__branch_uid020683_idx231_r3_random__b610b921a936.data,187732,e1b2bafdcd3c85d8ccf9400c0cea5de204a7ef6d7f262a9fa975c4cc026507ce,505,1.3000000484431062e-07,-0.26014548,0.16676793
1295,600,600K_legacy,branch_uid019224_idx208_r2_random__8f7966c2ad6c,branch,208,600K_legacy/row_1295__branch_uid019224_idx208_r2_random__8f7966c2ad6c.data,194632,62a02c6aff12274606dd0dd8880a10352a9ab0d508700213ab7b61bf8f089900,523,1.5099999980949796e-06,-0.26151111,0.1654023
1296,600,600K_legacy,branch_uid022265_idx257_r2_random__9e81d562eae5,branch,257,600K_legacy/row_1296__branch_uid022265_idx257_r2_random__9e81d562eae5.data,168264,bb7dde293d8dafd4ec10602fd6217de9d78f91d4056a5b015af78d703db8c08d,446,1.2999999438045862e-07,-0.26193956,0.16497385
1297,600,600K_legacy,branch_uid017526_idx181_r0_random__5dccde57dedd,branch,181,600K_legacy/row_1297__branch_uid017526_idx181_r0_random__5dccde57dedd.data,121924,a87c1747c06a8ea867e2ceebfcb5840dc4e29fcb6de4703d626ac96119f01ce2,344,8.200000006508557e-07,-0.2648405,0.09702046
1298,600,600K_legacy,branch_uid021715_idx248_r2_random__11af479b2562,branch,248,600K_legacy/row_1298__branch_uid021715_idx248_r2_random__11af479b2562.data,231814,a6d404d305369b481715351e3d111ffcfe30620450f334af24e3b61f9655d2ca,623,1.7500000035197694e-06,-0.26216343,0.16474998
1299,600,600K_legacy,branch_uid018077_idx189_r3_random__6b3b80b3a852,branch,189,600K_legacy/row_1299__branch_uid018077_idx189_r3_random__6b3b80b3a852.data,213444,e9957d9c361876d34d21e075a44baefc9c4c51932c955b96dbdaf85884b31437,571,6.999999986601058e-07,-0.26089804,0.16601537
1300,600,600K_legacy,branch_uid020782_idx233_r2_random__0f7751aec46e,branch,233,600K_legacy/row_1300__branch_uid020782_idx233_r2_random__0f7751aec46e.data,267417,fbff94c348c55203a4251805396d273306ab6fa0bbc711d562467b965430f7e5,723,-2.419999992120392e-06,-0.26185379,0.16505962
1301,600,600K_legacy,branch_uid018518_idx197_r0_random__e19d54f31ec5,branch,197,600K_legacy/row_1301__branch_uid018518_idx197_r0_random__e19d54f31ec5.data,83063,7f15c291ca134328ae3a8781c28a1d7f0fedc6a437b82ff744463b0ac3723513,233,7.299999989218708e-07,-0.2649463,0.09691466
1302,600,600K_legacy,branch_uid019323_idx209_r4_random__9eba7842b1cb,branch,209,600K_legacy/row_1302__branch_uid019323_idx209_r4_random__9eba7842b1cb.data,126094,8b46c18fe4db6c210bb6d7733910c4369b110183cc4b8c5131da1dfbdf69d3f3,342,6.00000004624679e-07,-0.14814944,0.16722574
1303,600,600K_legacy,branch_uid020780_idx233_r2_random__48e472bbc043,branch,233,600K_legacy/row_1303__branch_uid020780_idx233_r2_random__48e472bbc043.data,272125,7c1e962de270f011d4f506d14c6206f8ae006064ad9315d36f97c6ebcb1cd068,735,2.1299999993229513e-06,-0.26207728,0.16483613
1304,600,600K_legacy,branch_uid023167_idx271_r4_random__59b0a2b78959,branch,271,600K_legacy/row_1304__branch_uid023167_idx271_r4_random__59b0a2b78959.data,169846,939803aba998e97bd978150bae08e1336c4ff28a695be72be731988205c4d877,462,1.3799999933339357e-06,-0.14805935,0.16731583
1305,600,600K_legacy,branch_uid017819_idx185_r3_random__b4992c8e7806,branch,185,600K_legacy/row_1305__branch_uid017819_idx185_r3_random__b4992c8e7806.data,169552,2063ac664520aac1a8b8d649c1b86a5f1ff6f59f0dd5ad6fb91cc3ba8b2e923d,451,-2.3000000112793906e-07,-0.26065015,0.16626326
1306,600,600K_legacy,branch_uid021982_idx252_r3_random__84eabf29822b,branch,252,600K_legacy/row_1306__branch_uid021982_idx252_r3_random__84eabf29822b.data,255206,f1e67ca289fd04f4310899e72f2b2fa2610bcd56bb40167039a36d6d6b907687,686,2.5499999959932573e-06,-0.26043809,0.16647532
1307,600,600K_legacy,branch_uid020116_idx222_r3_random__d2baaaa6b09e,branch,222,600K_legacy/row_1307__branch_uid020116_idx222_r3_random__d2baaaa6b09e.data,193421,49369f0b41fd769b232040cfd9d013fe7a9214ea868cc70f981238cfed464b19,519,2.0899999990942053e-06,-0.26083124,0.16608217
1308,600,600K_legacy,branch_uid022229_idx256_r3_random__837a4b782b7e,branch,256,600K_legacy/row_1308__branch_uid022229_idx256_r3_random__837a4b782b7e.data,206574,77f146da4f859de7d171a793fd76e19f9a5ba9408badc3cef2a65e3dffd2159d,553,4.4000000201660505e-07,-0.260429,0.16648441
1309,600,600K_legacy,branch_uid019092_idx206_r1_random__14d680975b97,branch,206,600K_legacy/row_1309__branch_uid019092_idx206_r1_random__14d680975b97.data,133648,07ce7c5e12e27eab4de8f9f339c94bea6f9d554aabf1bf161296167f783dda63,357,-1.640000000857622e-06,-0.26320652,0.16370689
1310,600,600K_legacy,branch_uid017873_idx186_r2_random__99bc0c009fef,branch,186,600K_legacy/row_1310__branch_uid017873_idx186_r2_random__99bc0c009fef.data,218256,b7302c8101ecef3cf1b7e9592ee61934949efb068c3647d65b58bc2bc739e782,589,1.2999999961516018e-06,-0.26191373,0.16499968
1311,600,600K_legacy,branch_uid023378_idx275_r2_random__334d6433e805,branch,275,600K_legacy/row_1311__branch_uid023378_idx275_r2_random__334d6433e805.data,234267,d059eac7485df6200936203a4af9f40d544ce17a2fbfeb91718228d2237975c0,632,5.300000057717469e-07,-0.26228481,0.1646286
1312,600,600K_legacy,branch_uid019830_idx218_r1_random__b1e36eacdbe3,branch,218,600K_legacy/row_1312__branch_uid019830_idx218_r1_random__b1e36eacdbe3.data,135527,00479f2056869ba8c47176283d8bfc4b303afff6254a0c5dabea737bef208ead,364,1.1999999999789956e-06,-0.26292805,0.16398536
1313,600,600K_legacy,branch_uid023408_idx275_r3_random__2b0756be096b,branch,275,600K_legacy/row_1313__branch_uid023408_idx275_r3_random__2b0756be096b.data,242353,410c3df0e08182285361df853f302510bc0155fb2519f0d76c35977da71c0815,649,5.099999965119117e-07,-0.26081318,0.16610023
1314,600,600K_legacy,branch_uid022702_idx264_r2_random__dd17936fa8e3,branch,264,600K_legacy/row_1314__branch_uid022702_idx264_r2_random__dd17936fa8e3.data,75126,a3f3ebd128f1f8b4c9c60e0fe1ddb40d737684c5bcad9a1317342c9e74d91864,193,-6.599999987366711e-07,-0.26136516,0.16554825
1315,600,600K_legacy,branch_uid018365_idx194_r2_random__5e4e10c76b5c,branch,194,600K_legacy/row_1315__branch_uid018365_idx194_r2_random__5e4e10c76b5c.data,138623,3b9d5bd65c38abe02e7dcbb509428bcf9d636255885f57ec00868fda79d3f46e,367,1.429999997554221e-06,-0.26198652,0.16492689
1316,600,600K_legacy,branch_uid018794_idx201_r2_random__537b082b7e97,branch,201,600K_legacy/row_1316__branch_uid018794_idx201_r2_random__537b082b7e97.data,241430,ae3bfe1d74ccf7b3ce45bf5979b6dcb62a40b33b42dc7eaef205572b4d266bb9,652,-1.8599999891677488e-06,-0.26198272,0.16493069
1317,600,600K_legacy,branch_uid022362_idx259_r0_random__e77722b17388,branch,259,600K_legacy/row_1317__branch_uid022362_idx259_r0_random__e77722b17388.data,220342,c4e7c13aed7c2056f3171f22d7113afc28ac220ef4351d0d603c16e3c785aea1,626,-2.890000000088655e-06,-0.26479109,0.09706987
1318,600,600K_legacy,branch_uid020606_idx230_r3_random__182dcf3062e1,branch,230,600K_legacy/row_1318__branch_uid020606_idx230_r3_random__182dcf3062e1.data,88568,37d4fc5ef682a9cd68bf26fc606ed445b31600e5a40159994bffcc4db8673755,226,-9.19999999293708e-07,-0.26128033,0.16563308
1319,600,600K_legacy,branch_uid020564_idx230_r0_random__e20889b10c54,branch,230,600K_legacy/row_1319__branch_uid020564_idx230_r0_random__e20889b10c54.data,68405,654b89aa1a039a74e6c151306ff71386eee767d39c6ee8a71b42099a63ed68f4,191,-3.00000001035583e-07,-0.26500346,0.0968575
1320,600,600K_legacy,branch_uid020852_idx234_r2_random__a4e75b4382fa,branch,234,600K_legacy/row_1320__branch_uid020852_idx234_r2_random__a4e75b4382fa.data,111504,5904302a4d2674e37215ffc0f6ca603cab7392e8f367f1fafa8d860a312e0119,291,-9.600000021869892e-07,-0.2616503,0.16526311
1321,600,600K_legacy,branch_uid021803_idx249_r4_random__85c885ad94c1,branch,249,600K_legacy/row_1321__branch_uid021803_idx249_r4_random__85c885ad94c1.data,162554,5436f8b8f04113700dbad3916bf61541fe8998aae0d6d88801f02c84841d2996,442,3.399999926601005e-07,-0.14807097,0.16730421
1322,600,600K_legacy,branch_uid020136_idx223_r1_random__33e089d8ccd3,branch,223,600K_legacy/row_1322__branch_uid020136_idx223_r1_random__33e089d8ccd3.data,148805,1354bb959b35e1d41346eda683d50876b3d0733bce76897c83f60e9bb6062a27,401,-5.100000026181384e-07,-0.26342725,0.16348616
1323,600,600K_legacy,branch_uid020129_idx222_r4_random__32d58d6b00d9,branch,222,600K_legacy/row_1323__branch_uid020129_idx222_r4_random__32d58d6b00d9.data,195368,4ad46b57e3cb37e181e0845024a14ccffc8779480574742baed521c6ed55abad,532,-1.5999998659310677e-07,-0.14802557,0.16734961
1324,600,600K_legacy,branch_uid017836_idx186_r0_random__c79df93ff077,branch,186,600K_legacy/row_1324__branch_uid017836_idx186_r0_random__c79df93ff077.data,180556,b2446bb0c3c2f7c3d870abf19d6f798770ed2df2e4da1d44cfe40eeb53752a51,512,1.2099999941173056e-06,-0.26476416,0.0970968
1325,600,600K_legacy,branch_uid023443_idx276_r2_random__0cd5244132bf,branch,276,600K_legacy/row_1325__branch_uid023443_idx276_r2_random__0cd5244132bf.data,210528,2d9dc4b35ef4846a815d6710a2f8fa2d546d076282f1ec09c51d3d9193f5e8b7,568,2.109999998972656e-06,-0.26139962,0.16551379
1326,600,600K_legacy,branch_uid018301_idx193_r2_random__0a7391959e32,branch,193,600K_legacy/row_1326__branch_uid018301_idx193_r2_random__0a7391959e32.data,101909,2e7374444fe2aa59d34309174ff4839c50e4cd102239618c2fa289792aef5fc5,265,8.800000018127641e-07,-0.26267032,0.16424309
1327,600,600K_legacy,branch_uid017995_idx188_r2_random__f86e81a28b3f,branch,188,600K_legacy/row_1327__branch_uid017995_idx188_r2_random__f86e81a28b3f.data,265585,f721af233bd4b8a0f51b924bd1f85cc9135c3e7dc777f3eb525244afb5d3429d,723,-2.8899999927334274e-06,-0.26155793,0.16535548
1328,600,600K_legacy,branch_uid018393_idx194_r4_random__a4d8c84a7b2a,branch,194,600K_legacy/row_1328__branch_uid018393_idx194_r4_random__a4d8c84a7b2a.data,144324,6b8d13d813aa8bf672cb9c2c1c295e90dde10d03d37931a06dd0786f9db2ba3b,392,6.800000070250611e-07,-0.1481052,0.16726998
1329,600,600K_legacy,branch_uid018332_idx194_r0_random__4689ef1a0c90,branch,194,600K_legacy/row_1329__branch_uid018332_idx194_r0_random__4689ef1a0c90.data,110346,34c82299abb5ba3fb9603d50ff222e96bc87c266a78feae0ec013b63331edbb1,311,7.500000002436114e-07,-0.26486495,0.09699601
1330,600,600K_legacy,branch_uid018311_idx193_r3_random__9d21c1c15b3f,branch,193,600K_legacy/row_1330__branch_uid018311_idx193_r3_random__9d21c1c15b3f.data,94628,584b8fbb7177354b10622395ad805380379bda488af2993c1cf0d8c684521b74,250,-6.699999992587635e-07,-0.26040903,0.16650438
1331,600,600K_legacy,branch_uid021068_idx238_r1_random__889892e68fb5,branch,238,600K_legacy/row_1331__branch_uid021068_idx238_r1_random__889892e68fb5.data,176725,32f6a1f0c96d191c285d71639b9c15190cbfc081e43dac45d1adbd4b660f9b78,478,1.0899999982050268e-06,-0.2633421,0.16357131
1332,600,600K_legacy,cyclic_uid010324_idx91_r1_block__b7fd35824324,cyclic,91,600K_legacy/row_1332__cyclic_uid010324_idx91_r1_block__b7fd35824324.data,126796,1bb44af622ee362043ee606899167ef796278f4ca30c1ccfba1d36182abd855b,348,-7.199999989826456e-07,-0.19226103,0.16400101
1333,600,600K_legacy,branch_uid018084_idx190_r0_random__92a10055e673,branch,190,600K_legacy/row_1333__branch_uid018084_idx190_r0_random__92a10055e673.data,100923,87e82b95c447d73ea53a1df82b6a1ce05c9beefafc2538ff803450be2d3c59b5,284,1.0899999987878939e-06,-0.26482667,0.09703429
1334,600,600K_legacy,branch_uid022403_idx259_r3_random__e4d0f7f2f7b9,branch,259,600K_legacy/row_1334__branch_uid022403_idx259_r3_random__e4d0f7f2f7b9.data,280245,4437c0e2fb4f1df70efee8ba0b7e1b170b0c991bf3c4765fcd445ea2b6fba52e,752,-2.3000000023976064e-06,-0.26100337,0.16591004
1335,600,600K_legacy,branch_uid021041_idx237_r3_random__8828289dbb14,branch,237,600K_legacy/row_1335__branch_uid021041_idx237_r3_random__8828289dbb14.data,135233,640e4761c9e677843f7abee89b4d0992fcd82dde18944245586ecef50a3d5e0d,362,-1.2200000024109592e-06,-0.26012178,0.16679163
1336,600,600K_legacy,branch_uid019566_idx213_r3_random__e6adfd15b801,branch,213,600K_legacy/row_1336__branch_uid019566_idx213_r3_random__e6adfd15b801.data,261032,0a348c02b6ddbc9a4c0dce3f77945bdafaa8ba1c207742241951c62023e804ae,700,-2.7999999499539463e-07,-0.26094627,0.16596714
1337,600,600K_legacy,branch_uid019448_idx212_r0_random__7b11170d6ff7,branch,212,600K_legacy/row_1337__branch_uid019448_idx212_r0_random__7b11170d6ff7.data,116628,699b556ebd73fda82a16d25facf653c82059f0ae8a07ac66b3cdfd84d775a744,329,1.2900000022353364e-06,-0.26484754,0.09701342
1338,600,600K_legacy,branch_uid022945_idx268_r2_random__6e57af6f4574,branch,268,600K_legacy/row_1338__branch_uid022945_idx268_r2_random__6e57af6f4574.data,190842,71cb8c00431072f1ba425ecbf1a2cb91e12a54c6aee65e06bc3a2df70eecee35,510,4.799999994697934e-07,-0.26191487,0.16499854
1339,600,600K_legacy,branch_uid017956_idx187_r3_random__271ba06a179a,branch,187,600K_legacy/row_1339__branch_uid017956_idx187_r3_random__271ba06a179a.data,132465,d6cac224229a4da906e28ccbdc99e3fe63f846e3d21f4036ed6e0c991bdddaf8,351,1.7200000012318473e-06,-0.26042464,0.16648877
1340,600,600K_legacy,branch_uid019758_idx217_r0_random__67380d41fc4b,branch,217,600K_legacy/row_1340__branch_uid019758_idx217_r0_random__67380d41fc4b.data,116689,b00b6f9a84e898e66a781c6814aeb5c6523486d8c2181e295a6bb8d827941b0c,329,-1.2600000004747702e-06,-0.26483418,0.09702678
1341,600,600K_legacy,branch_uid023353_idx274_r4_random__697fd1ea7fac,branch,274,600K_legacy/row_1341__branch_uid023353_idx274_r4_random__697fd1ea7fac.data,115156,c9b73e156989c0ab1efde7d7c4e53124d84d6561a86d5bac7fc94b086c8f5602,312,5.999999970751624e-07,-0.14818279,0.16719239
1342,600,600K_legacy,branch_uid022485_idx260_r4_random__253c7f6f1bef,branch,260,600K_legacy/row_1342__branch_uid022485_idx260_r4_random__253c7f6f1bef.data,264642,c7a080221bca98037a309592dcb3a286ff7f0add7cefd3085c7e3dcd9822af20,722,2.500000010952075e-06,-0.14796689,0.16740829
1343,600,600K_legacy,branch_uid018104_idx190_r1_random__6296965e54c0,branch,190,600K_legacy/row_1343__branch_uid018104_idx190_r1_random__6296965e54c0.data,115610,deae166b3459fe954ec09258d7cdc2b14e31081a588110ecdae28e427ccc0208,308,-4.1000000303159645e-07,-0.26344281,0.1634706
1344,600,600K_legacy,branch_uid017545_idx181_r1_random__5be4396535af,branch,181,600K_legacy/row_1344__branch_uid017545_idx181_r1_random__5be4396535af.data,130306,796b33c504404580715c1b5af016a7bfa46f24c51ec03d5825e839dafd0ab9be,348,-2.1000000027804333e-07,-0.26285324,0.16406017
1345,600,600K_legacy,branch_uid019235_idx208_r2_random__47fa428c1659,branch,208,600K_legacy/row_1345__branch_uid019235_idx208_r2_random__47fa428c1659.data,203651,d24829ace3b71c65b087048b47d8ec8cb5dc74fa5ba7ed2e8d1e7672d19f087d,547,2.2599999977834795e-06,-0.26224501,0.1646684
1346,600,600K_legacy,branch_uid019510_idx213_r0_random__f650ded48c7a,branch,213,600K_legacy/row_1346__branch_uid019510_idx213_r0_random__f650ded48c7a.data,207717,9eb02035f1d0a1ba834616c6f6df3742ceda4573549cadd4eb8f224240fb5948,590,-1.6499999958841105e-06,-0.26478152,0.09707944
1347,600,600K_legacy,branch_uid018316_idx193_r3_random__50cf3ab4eefa,branch,193,600K_legacy/row_1347__branch_uid018316_idx193_r3_random__50cf3ab4eefa.data,104513,e45c8ce5dce00c33556e5e855a81bcdcf59c102bd90b142d5bd8e1af44b5917c,271,-9.300000007872455e-07,-0.26131969,0.16559372
1348,600,600K_legacy,branch_uid017841_idx186_r1_random__46dcba1b3e72,branch,186,600K_legacy/row_1348__branch_uid017841_idx186_r1_random__46dcba1b3e72.data,201505,cd3753c6933a8405966ee952d0a49ad87bcaa2e8fad670f9c93a035e660160d3,549,-1.750000001521368e-06,-0.2631605,0.16375291
1349,600,600K_legacy,branch_uid019137_idx206_r4_random__9552252a44ea,branch,206,600K_legacy/row_1349__branch_uid019137_idx206_r4_random__9552252a44ea.data,155262,9f2d669675094160a0417b4e9db910e510b7a6e08f87ceef9f17f27a7cbe9ca3,422,-1.0000000211229931e-07,-0.14808369,0.16729149
1350,600,600K_legacy,branch_uid020677_idx231_r3_random__742d19430daf,branch,231,600K_legacy/row_1350__branch_uid020677_idx231_r3_random__742d19430daf.data,197077,d67b5de71d8498284a3107404a1902e95346a9cd112db5d50ff4ef8287c82ecf,526,-1.2999999981222476e-06,-0.26062565,0.16628776
1351,600,600K_legacy,branch_uid018189_idx191_r3_random__60fa011f1e50,branch,191,600K_legacy/row_1351__branch_uid018189_idx191_r3_random__60fa011f1e50.data,90652,c29343aaa636b5e3eac53e921cb1554961efbe8c78b2b81629f9104957a8ce95,237,6.699999987869187e-07,-0.26064314,0.16627027
1352,600,600K_legacy,branch_uid018908_idx203_r1_random__64c18e3177fd,branch,203,600K_legacy/row_1352__branch_uid018908_idx203_r1_random__64c18e3177fd.data,106827,9739fab5a2a79b86e030db6cc08b8bde00c56f61da590779efebf9cf525fb133,286,-4.299999991907999e-07,-0.2631017,0.16381171
1353,600,600K_legacy,branch_uid021994_idx253_r1_random__4ae51dc2483c,branch,253,600K_legacy/row_1353__branch_uid021994_idx253_r1_random__4ae51dc2483c.data,187464,0f8f48eeef8039644ec70050859645b3140d40dcba3ac8a30a26266533f13c9c,511,-1.9599999983022087e-06,-0.26334437,0.16356904
1354,600,600K_legacy,branch_uid022078_idx254_r2_random__ab888e9c1239,branch,254,600K_legacy/row_1354__branch_uid022078_idx254_r2_random__ab888e9c1239.data,223206,230b462a92a11b48d30930d422852db79eeb89058e5efd873e1da2cf90018d89,601,-7.199999953466651e-07,-0.26201827,0.16489514
1355,600,600K_legacy,branch_uid022833_idx266_r2_random__a9ad387bbfe9,branch,266,600K_legacy/row_1355__branch_uid022833_idx266_r2_random__a9ad387bbfe9.data,209071,0202f1fb0cfe743fca83cc6798567f618561ef6d9fcb9c9ee1e8ebed6094e1e9,560,-1.5700000046414697e-06,-0.2620276,0.16488581
1356,600,600K_legacy,branch_uid021640_idx247_r2_random__fe5b18ea01e0,branch,247,600K_legacy/row_1356__branch_uid021640_idx247_r2_random__fe5b18ea01e0.data,204542,a67dd1567f3134328593349e64890ebdddd9d48ff14749a368d3a4f1ab1dd18b,551,-1.7600000037365504e-06,-0.26167139,0.16524202
1357,600,600K_legacy,branch_uid018178_idx191_r2_random__481076055b28,branch,191,600K_legacy/row_1357__branch_uid018178_idx191_r2_random__481076055b28.data,87152,b3ff873550a3334a76503dc0d478a60ce63885281a140f12a8f08aa45a4f94cc,227,-7.799999974800187e-07,-0.26213047,0.16478294
1358,600,600K_legacy,cyclic_uid010431_idx92_r0_random__3af52ac43888,cyclic,92,600K_legacy/row_1358__cyclic_uid010431_idx92_r0_random__3af52ac43888.data,107758,bc00cfceb20feb6198228c77c67363526040846fe7cf377b8031b8febcb32322,306,-1.0199999994908726e-06,-0.19413973,0.09706986
1359,600,600K_legacy,branch_uid022299_idx257_r4_random__b497a2d72da5,branch,257,600K_legacy/row_1359__branch_uid022299_idx257_r4_random__b497a2d72da5.data,180784,0f8007e2f1359ffd230d39a2b58ae4a0a5ca952cd600f55a727e64733c9fa775,492,-1.3199999998048106e-06,-0.1480437,0.16733148
1360,600,600K_legacy,cyclic_uid008553_idx75_r1_random__2191ef422598,cyclic,75,600K_legacy/row_1360__cyclic_uid008553_idx75_r1_random__2191ef422598.data,86372,7f98ea84227f59bdc29d1656d2fb605fe525a31d7b7b327cfabfbace7fe8381c,236,-3.9999999912332385e-07,-0.19230048,0.16396156
1361,600,600K_legacy,branch_uid020085_idx222_r1_random__b626b55ed353,branch,222,600K_legacy/row_1361__branch_uid020085_idx222_r1_random__b626b55ed353.data,170693,839e6aec67b703883099098b6bb226f5bcb056bdd2f24e2686bb8ce51152d527,462,-7.79999998701264e-07,-0.26330009,0.16361332
1362,600,600K_legacy,cyclic_uid007352_idx63_r2_block__a176bd2d4656,cyclic,63,600K_legacy/row_1362__cyclic_uid007352_idx63_r2_block__a176bd2d4656.data,66612,0039bfd11cfc1af5a5a5af2f29584755cb933b7532ccc1b7d72c580d9124db03,176,1.9999999953390635e-07,-0.1907347,0.16552734
1363,600,600K_legacy,cyclic_uid007336_idx63_r2_block__77b03c34718c,cyclic,63,600K_legacy/row_1363__cyclic_uid007336_idx63_r2_block__77b03c34718c.data,66612,e5500ce6928343521672b9837ad5bdf01f8b8a4d4b35aed08e8cf8344fdd02eb,176,1.9999999917308386e-07,-0.1907347,0.16552734
1364,600,600K_legacy,branch_uid022186_idx256_r1_random__34d49842695a,branch,256,600K_legacy/row_1364__branch_uid022186_idx256_r1_random__34d49842695a.data,184275,b1e1c2d65f5c2a1050ef6da84ee65da1384e8d0bada02d54942d2ef2e4704cd7,499,3.299999997707914e-07,-0.26303285,0.16388056
1365,600,600K_legacy,branch_uid020998_idx237_r0_random__09646fdf1049,branch,237,600K_legacy/row_1365__branch_uid020998_idx237_r0_random__09646fdf1049.data,110346,4fb023a46b95b841e357c27f57354f9f0742d5d9df8b8c4b131b11add77b247a,311,1.2000000015055523e-06,-0.26487909,0.09698187
1366,600,600K_legacy,cyclic_uid009874_idx87_r0_random__73fbb9623153,cyclic,87,600K_legacy/row_1366__cyclic_uid009874_idx87_r0_random__73fbb9623153.data,97288,9383fdc3a74122bd57b175efa89826dcf5f082ae8d8f352e6ff65291da9709ab,276,-9.199999995435082e-07,-0.19413973,0.09706986
1367,600,600K_legacy,branch_uid018331_idx193_r4_random__5c031ca0f108,branch,193,600K_legacy/row_1367__branch_uid018331_idx193_r4_random__5c031ca0f108.data,100572,9055fcf71c09049dfba4dc9892028639cd11afcea347b1f60c871f6a83d25a4d,272,6.800000023066133e-07,-0.1482387,0.16713648
1368,600,600K_legacy,branch_uid019540_idx213_r2_random__4963e1aeeb21,branch,213,600K_legacy/row_1368__branch_uid019540_idx213_r2_random__4963e1aeeb21.data,240500,cba08966f3cde943ded79f6249f7bc38e9bc779adfe6beb50ca4684ea642f560,650,-1.2199999790407645e-06,-0.26165008,0.16526333
1369,600,600K_legacy,branch_uid019044_idx205_r2_random__2cce2c3e4b9d,branch,205,600K_legacy/row_1369__branch_uid019044_idx205_r2_random__2cce2c3e4b9d.data,199269,85f0549f38ebf979780e3f1dc972c7b4b470e4180eda5e35f063380f177bc080,535,-2.34999999834673e-06,-0.26199598,0.16491743
1370,600,600K_legacy,branch_uid023352_idx274_r3_random__ec1fba31de36,branch,274,600K_legacy/row_1370__branch_uid023352_idx274_r3_random__ec1fba31de36.data,115741,554a78299c1aeb6b036e3d30e08d293112580ed30ac2eaa34632e4f8026320e1,304,-2.3000000035078294e-07,-0.26100188,0.16591153
1371,600,600K_legacy,branch_uid020625_idx230_r4_random__06b021f6258a,branch,230,600K_legacy/row_1371__branch_uid020625_idx230_r4_random__06b021f6258a.data,85988,d3208ce78c1f7c6a7119fadc4ebe91332f6b4bc4b3d0b5b801ba67cf7c913219,232,6.000000012940099e-07,-0.14831389,0.16706129
1372,600,600K_legacy,branch_uid020068_idx222_r0_random__8d37dc6d4f0a,branch,222,600K_legacy/row_1372__branch_uid020068_idx222_r0_random__8d37dc6d4f0a.data,150193,9de3b2d3df657df4a53c22a8c012a424dc4eb4b457371ecf4522c673be17e47f,425,3.299999994377245e-07,-0.26481703,0.09704393
1373,600,600K_legacy,branch_uid017857_idx186_r2_random__401a4b89ff7c,branch,186,600K_legacy/row_1373__branch_uid017857_idx186_r2_random__401a4b89ff7c.data,217258,e9bd03a95b1853a563b71114b6d046eba1deeeac1d413d10712acb962a4e0d0d,586,-2.749999995582675e-06,-0.26184966,0.16506375
1374,600,600K_legacy,branch_uid022060_idx254_r1_random__5670cb418f0a,branch,254,600K_legacy/row_1374__branch_uid022060_idx254_r1_random__5670cb418f0a.data,206202,5700faeb191d0488cf34c1d6ca2929b1b59a9d0c7d6d08916fcf48cfa1a7c754,561,-1.2400000014567425e-06,-0.2633098,0.16360361
1375,600,600K_legacy,branch_uid022920_idx268_r0_random__d54109cb0c6b,branch,268,600K_legacy/row_1375__branch_uid022920_idx268_r0_random__d54109cb0c6b.data,157461,55890f586da9ea84ccfa9a5ec01ad256174202fb0f977c7bfbd13e3ac510148e,446,-9.20000002763155e-07,-0.26482214,0.09703882
1376,600,600K_legacy,branch_uid017449_idx179_r3_random__79c6423c01ad,branch,179,600K_legacy/row_1376__branch_uid017449_idx179_r3_random__79c6423c01ad.data,199868,53514d441847aa3a5bd52c87a646db1d23ed573dcd8692d8e7c3b0d6febd7e4f,530,1.920000002625377e-06,-0.26135843,0.16555498
1377,600,600K_legacy,branch_uid020326_idx226_r1_random__ead8a0e47c59,branch,226,600K_legacy/row_1377__branch_uid020326_idx226_r1_random__ead8a0e47c59.data,99959,c18db3072a0aec47c219e48518729928d98a2d3b2b3258fb295413aa7b7a702a,262,-1.1399999975125752e-06,-0.26304646,0.16386695
1378,600,600K_legacy,branch_uid018862_idx202_r2_random__73e3ccefacd8,branch,202,600K_legacy/row_1378__branch_uid018862_idx202_r2_random__73e3ccefacd8.data,97161,820e70c8a6da7fc59b30957a0fbc43ac9867af06d9e66c1abca374fe83954036,250,-9.699999983514562e-07,-0.26192402,0.16498939
1379,600,600K_legacy,cyclic_uid010761_idx95_r0_random__42b2653b3efc,cyclic,95,600K_legacy/row_1379__cyclic_uid010761_idx95_r0_random__42b2653b3efc.data,114040,6fcb0a5d57950ec1e0e58333d96c6616f9c032980682cfe4ddf9184a709edcfa,324,-1.0799999994592913e-06,-0.19413973,0.09706986
1380,600,600K_legacy,branch_uid021963_idx252_r2_random__4716e3a09070,branch,252,600K_legacy/row_1380__branch_uid021963_idx252_r2_random__4716e3a09070.data,236626,eac9af880a91db0973b2ff8e6dff33ccdf88e69899cd1c8dc403e8d52761d1a9,638,1.4600000018405446e-06,-0.26159632,0.16531709
1381,600,600K_legacy,branch_uid022487_idx261_r1_random__4aa94c2f2f7e,branch,261,600K_legacy/row_1381__branch_uid022487_idx261_r1_random__4aa94c2f2f7e.data,123501,c9eb60bfc35d6da531f1fd406f5face30a445a00bf0fec5ca2d760d7e1e1bd66,327,-8.400000025277077e-07,-0.26295884,0.16395457
1382,600,600K_legacy,branch_uid023354_idx275_r0_random__d0fb06adc3d9,branch,275,600K_legacy/row_1382__branch_uid023354_idx275_r0_random__d0fb06adc3d9.data,188871,31de5077aae373080948e3e4d97b471bc977117accc69f9543918a8ea8b5a857,536,-1.9599999980524085e-06,-0.26479464,0.09706632
1383,600,600K_legacy,branch_uid021419_idx243_r3_random__5b43b743b8d7,branch,243,600K_legacy/row_1383__branch_uid021419_idx243_r3_random__5b43b743b8d7.data,238851,c766bd8c1b8be3f2b6538cf981e565e4cfa4e937f03d9cd80db61667dd616c07,643,4.100000018103511e-07,-0.26053368,0.16637973
1384,600,600K_legacy,branch_uid023177_idx272_r1_random__7a207b2ffb98,branch,272,600K_legacy/row_1384__branch_uid023177_idx272_r1_random__7a207b2ffb98.data,196404,ca0e022606a9041682148e9f82be2ba4b002cc3fb31b623a71d556c04ed1314c,534,-6.299999997794181e-07,-0.2629309,0.16398251
1385,600,600K_legacy,branch_uid018703_idx199_r4_random__fd892b62e840,branch,199,600K_legacy/row_1385__branch_uid018703_idx199_r4_random__fd892b62e840.data,129740,d79d0f1751e63336751c7ac0e03a47c9e2ba0836129ecf85796493d617abaf29,352,-6.000000009054318e-07,-0.14813959,0.16723559
1386,600,600K_legacy,branch_uid020930_idx235_r3_random__1f88b2f8bc7d,branch,235,600K_legacy/row_1386__branch_uid020930_idx235_r3_random__1f88b2f8bc7d.data,210227,46307a53fdbc8b53c7db5b23ebd9fdf594395d116d75b3edd48dd6f060b8812b,563,1.4999999967124644e-06,-0.26031913,0.16659428
1387,600,600K_legacy,branch_uid020410_idx227_r2_random__7ecc8c67fcbc,branch,227,600K_legacy/row_1387__branch_uid020410_idx227_r2_random__7ecc8c67fcbc.data,218669,6bd2da7eadd7c29a632e5024d36d837151c710424544fcc9d93285ef3a4d7877,588,-7.400000011092978e-07,-0.26223282,0.16468059
1388,600,600K_legacy,branch_uid019797_idx217_r2_random__d94666cb5832,branch,217,600K_legacy/row_1388__branch_uid019797_idx217_r2_random__d94666cb5832.data,139415,50fbf1afda71e8628d4ba649a2314a2869e43364c4aef6898fa9e39a5a5cce06,367,9.999997968579422e-09,-0.26184763,0.16506578
1389,600,600K_legacy,branch_uid018231_idx192_r2_random__b8c8d9eea898,branch,192,600K_legacy/row_1389__branch_uid018231_idx192_r2_random__b8c8d9eea898.data,133932,6481514e5aa8a6b36894436d6e9b35af2a2035cb7de594d3ef905bf522daa621,355,9.699999991841235e-07,-0.26143818,0.16547523
1390,600,600K_legacy,branch_uid019888_idx219_r1_random__bdb556d15c5b,branch,219,600K_legacy/row_1390__branch_uid019888_idx219_r1_random__bdb556d15c5b.data,238391,58d14342535df54def2296ad88311889263a780ec8e1c3b4b2abe22f2caf19dd,653,2.430000001413246e-06,-0.26335052,0.16356289
1391,600,600K_legacy,branch_uid022538_idx261_r3_random__e00931e746d3,branch,261,600K_legacy/row_1391__branch_uid022538_idx261_r3_random__e00931e746d3.data,130893,33e21c312b6a7c7b769c38dbeee4789c98f3aa514f9435b4b88957377cbbab9d,351,1.249999996150164e-06,-0.26020298,0.16671043
1392,600,600K_legacy,branch_uid021060_idx238_r0_random__b325f36e5831,branch,238,600K_legacy/row_1392__branch_uid021060_idx238_r0_random__b325f36e5831.data,154381,4d66492c17280ba6f7eddda5565510ffdf46a0fb8ea2cea63055373c82d8c107,437,1.9999999988640216e-06,-0.26480625,0.09705471
1393,600,600K_legacy,branch_uid018692_idx199_r3_random__83805afc2327,branch,199,600K_legacy/row_1393__branch_uid018692_idx199_r3_random__83805afc2327.data,134177,e7a1b7add6c7a63bfa3a79f1f1829ef565711e69f30616e27b0f59b9492c081c,349,6.499999996301131e-07,-0.2612256,0.16568781
1394,600,600K_legacy,cyclic_uid009760_idx86_r0_random__56973b616099,cyclic,86,600K_legacy/row_1394__cyclic_uid009760_idx86_r0_random__56973b616099.data,95194,fb49e08dd39c7b5262fa35719d9b878cea310f2f2ec7992a8c89cd1bcda7b5e3,270,-8.999999995540353e-07,-0.19413973,0.09706986
1395,600,600K_legacy,branch_uid017746_idx184_r2_random__03a0441c7fc7,branch,184,600K_legacy/row_1395__branch_uid017746_idx184_r2_random__03a0441c7fc7.data,133944,a27e7b648382b92967dd13573d10e752824faa9c0168396ddf2dcee93692e5f0,350,2.5999999980763633e-07,-0.26245263,0.16446078
1396,600,600K_legacy,branch_uid020620_idx230_r3_random__0862c2af02a6,branch,230,600K_legacy/row_1396__branch_uid020620_idx230_r3_random__0862c2af02a6.data,78388,1853149993998a95cc9fdd3c821faeee34c49df0309856526b7af3cd046ee5fb,208,4.4000000190558275e-07,-0.26006639,0.16684702
1397,600,600K_legacy,cyclic_uid012132_idx107_r1_block__19b1da7492fd,cyclic,107,600K_legacy/row_1397__cyclic_uid012132_idx107_r1_block__19b1da7492fd.data,166508,7fb6507ea6d5a0e45a213ce6b47fe2954cf0a49197a6dbbe0da11192a0a3838d,460,1.8399999992257943e-06,-0.19224451,0.16401753
1398,600,600K_legacy,branch_uid022930_idx268_r1_random__147f7be554d3,branch,268,600K_legacy/row_1398__branch_uid022930_idx268_r1_random__147f7be554d3.data,172913,8ca618bf37508353f85d360dff3f931469fc81e19a24c33afbcbe4c906ef6d3d,466,1.929999999122911e-06,-0.26304784,0.16386557
1399,600,600K_legacy,branch_uid018493_idx196_r2_random__fe32455eb21e,branch,196,600K_legacy/row_1399__branch_uid018493_idx196_r2_random__fe32455eb21e.data,162554,70f128525d5dfdfa6159f5589a9c9077f844a1635e85a818bd5d73daa7404877,430,-2.99999999009426e-07,-0.26233288,0.16458053
1400,600,600K_legacy,branch_uid021990_idx253_r0_random__44c460d63bb3,branch,253,600K_legacy/row_1400__branch_uid021990_idx253_r0_random__44c460d63bb3.data,167992,3dc7058d9143df3940089399cb952923af367534c0a35f4f19c6deb6ea18f32a,476,7.000000001866624e-07,-0.26481356,0.0970474
1401,600,600K_legacy,branch_uid020812_idx234_r0_random__0bf6da28e635,branch,234,600K_legacy/row_1401__branch_uid020812_idx234_r0_random__0bf6da28e635.data,97843,4cf5e9495b3263e1b2c45f0205f2830bfc6c10d9f0c5e823d052d7bcf5e57e51,275,2.2000000188260316e-07,-0.26487462,0.09698634
1402,600,600K_legacy,branch_uid020846_idx234_r2_random__8afde7365b3d,branch,234,600K_legacy/row_1402__branch_uid020846_idx234_r2_random__8afde7365b3d.data,117564,23b71e02745b5945174e5c77a6c74d06f1e5066ed32364d576c1f3252fa673cf,306,1.2600000023343938e-06,-0.26214264,0.16477077
1403,600,600K_legacy,branch_uid022033_idx253_r3_random__e696d835e6a7,branch,253,600K_legacy/row_1403__branch_uid022033_idx253_r3_random__e696d835e6a7.data,211709,1f14bec9a53b4886c47ec8033a8e118dabe7aa577be44080a9c147759a4102e4,565,2.459999994625095e-06,-0.26071769,0.16619572
1404,600,600K_legacy,branch_uid017659_idx183_r1_random__89ef657142bf,branch,183,600K_legacy/row_1404__branch_uid017659_idx183_r1_random__89ef657142bf.data,154980,5b726f4f85677d9a3ff777961c367b4bdf1a3fd8ef5e04eb56aa5baeec6426cb,416,-1.2400000000689637e-06,-0.26338283,0.16353058
1405,600,600K_legacy,branch_uid018951_idx203_r4_random__72c1c64591b0,branch,203,600K_legacy/row_1405__branch_uid018951_idx203_r4_random__72c1c64591b0.data,122448,2f25f0b5445988d21f3c4550bea9d484da2306329ec83135505ee7a383076982,332,-3.999999964587886e-07,-0.14815989,0.16721529
1406,600,600K_legacy,cyclic_uid008763_idx77_r0_random__0eeee52fddaf,cyclic,77,600K_legacy/row_1406__cyclic_uid008763_idx77_r0_random__0eeee52fddaf.data,76348,57258f72b4d57840d87b68385a354cfeba3cfe97652286bcbf0c19d692bbd65a,216,-7.199999996487794e-07,-0.19413973,0.09706986
1407,600,600K_legacy,branch_uid018115_idx190_r2_random__f7ae50cfa52a,branch,190,600K_legacy/row_1407__branch_uid018115_idx190_r2_random__f7ae50cfa52a.data,122409,1f5b4eb9d208ebbda9e7e25a48bb58010d58bbbcd9b7f50ae56091dbdacfcb11,323,7.199999998430684e-07,-0.26185124,0.16506217
1408,600,600K_legacy,branch_uid018513_idx196_r3_random__cf5c6f57cf45,branch,196,600K_legacy/row_1408__branch_uid018513_idx196_r3_random__cf5c6f57cf45.data,168496,8866591568770ab1040ce12804a67ae782705e304dc39981bf2b8dc921afb425,447,-1.3500000007604651e-06,-0.26087153,0.16604188
1409,600,600K_legacy,branch_uid017421_idx179_r1_random__e827201b8e2c,branch,179,600K_legacy/row_1409__branch_uid017421_idx179_r1_random__e827201b8e2c.data,173888,930c96bf42cfdc7650be66e91c27d17936f922ad7bc39d0aace55d854532b17f,468,2.2499999978720098e-06,-0.26355588,0.16335753
1410,600,600K_legacy,cyclic_uid007621_idx66_r1_random__a96ff366111d,cyclic,66,600K_legacy/row_1410__cyclic_uid007621_idx66_r1_random__a96ff366111d.data,65336,acaa2a119a5e1345a1188b12a8f42e9c77a964e096740747c80ec33243777db3,174,2.858824288409778e-15,-0.19226736,0.16399468
1411,600,600K_legacy,branch_uid023122_idx271_r1_random__6196a0fb67f8,branch,271,600K_legacy/row_1411__branch_uid023122_idx271_r1_random__6196a0fb67f8.data,148040,ce550153d55962f2a9ee2625487fafce16a2f9826345a617a8a4a2365b163a08,395,3.3000000154714826e-07,-0.26313978,0.16377363
1412,600,600K_legacy,branch_uid020330_idx226_r1_random__9af2b9e172ac,branch,226,600K_legacy/row_1412__branch_uid020330_idx226_r1_random__9af2b9e172ac.data,104089,a2f58bdbb2d282fabd29bf097853011efdd774fd0c7fb0c01b1318b9e695168c,274,4.59999997814986e-07,-0.26338987,0.16352354
1413,600,600K_legacy,branch_uid022053_idx254_r1_random__508df1d2dc0c,branch,254,600K_legacy/row_1413__branch_uid022053_idx254_r1_random__508df1d2dc0c.data,208003,7d4b0a6987ff5ba1a0409e1e8b5512b06e37a635c8d3f0041aa53a42d4b3831a,567,2.070000000631289e-06,-0.26346312,0.16345029
1414,600,600K_legacy,branch_uid020434_idx227_r3_random__c25441e5cfa6,branch,227,600K_legacy/row_1414__branch_uid020434_idx227_r3_random__c25441e5cfa6.data,230536,169d5b82233b8a3c390fefed78a86385361f0188327fa2d9e2b3d29b655cc302,618,-2.2799999969957963e-06,-0.26105267,0.16586074
1415,600,600K_legacy,branch_uid020109_idx222_r3_random__b96add148bbb,branch,222,600K_legacy/row_1415__branch_uid020109_idx222_r3_random__b96add148bbb.data,191397,cc4d2d5677aa45f884a0cdfbb5685c20df5416b7c66e0c7d4ab236db5c60e718,510,4.799999957783019e-07,-0.2606554,0.16625801
1416,600,600K_legacy,branch_uid019274_idx209_r1_random__ff0984679778,branch,209,600K_legacy/row_1416__branch_uid019274_idx209_r1_random__ff0984679778.data,110744,4060a9ec506c840a7ae396324c8171a7044ecb7d0b7e2ccb1073c0a90d84688f,292,6.300000006675965e-07,-0.26313641,0.163777
1417,600,600K_legacy,branch_uid018923_idx203_r2_random__2df46ab69bf5,branch,203,600K_legacy/row_1417__branch_uid018923_idx203_r2_random__2df46ab69bf5.data,120336,1ddd7d26aabc05809423c019f20bba43a629a3bc52481809be33d4893e9b34ec,315,-5.399999969957214e-07,-0.26247427,0.16443914
1418,600,600K_legacy,branch_uid018146_idx191_r0_random__eb4de8f9eb4c,branch,191,600K_legacy/row_1418__branch_uid018146_idx191_r0_random__eb4de8f9eb4c.data,71607,43d8f55a707d10b2d822876a65f1df90580eee84c3a2610df11864f76d2e569c,200,2.0000000627851122e-08,-0.26497979,0.09688117
1419,600,600K_legacy,branch_uid019020_idx205_r1_random__78bbf6bd93db,branch,205,600K_legacy/row_1419__branch_uid019020_idx205_r1_random__78bbf6bd93db.data,186318,2a7112687b4e201803c3f63fc0b6491361781c1170eaa96682786fbde35d3ebf,505,-4.5999999959134286e-07,-0.26347829,0.16343512
1420,600,600K_legacy,branch_uid019897_idx219_r1_random__21f5ff8dfce9,branch,219,600K_legacy/row_1420__branch_uid019897_idx219_r1_random__21f5ff8dfce9.data,235079,f5365e95336af3741a957f05d9309c85c96ab66f87b479eeb75ee4ab2d713044,641,-2.470000006415951e-06,-0.26323523,0.16367818
1421,600,600K_legacy,branch_uid022061_idx254_r1_random__06677c4e3d8e,branch,254,600K_legacy/row_1421__branch_uid022061_idx254_r1_random__06677c4e3d8e.data,212385,a9d60df704a9d8cc8be36111f8ec6caea5a5ed898adb0eb36b84a3c8800ff38e,582,-2.2300000052932756e-06,-0.26358181,0.1633316
1422,600,600K_legacy,branch_uid023416_idx276_r0_random__c9857ee3be96,branch,276,600K_legacy/row_1422__branch_uid023416_idx276_r0_random__c9857ee3be96.data,188932,64f3c5ba8879c3e35ef472e60250e1b7b791d06b3312165aff10e072e86aa7b8,536,1.3500000002608648e-06,-0.26479696,0.097064
1423,600,600K_legacy,branch_uid018269_idx192_r4_random__e2c5541738d9,branch,192,600K_legacy/row_1423__branch_uid018269_idx192_r4_random__e2c5541738d9.data,147970,dc4f283c12be4fc135a919cecc4d12d393607ddb54348b40be5d0811acc3b796,402,1.7400000039691221e-06,-0.14809767,0.16727751
1424,600,600K_legacy,branch_uid020124_idx222_r3_random__d9f4645744e9,branch,222,600K_legacy/row_1424__branch_uid020124_idx222_r3_random__d9f4645744e9.data,190901,599656132fe5d39027a65407a78c9b8c6b6b22a1b5e99fa7232e2885ff8c8dda,510,-8.199999983193873e-07,-0.26054731,0.1663661
1425,600,600K_legacy,branch_uid022312_idx258_r1_random__d9eee834af00,branch,258,600K_legacy/row_1425__branch_uid022312_idx258_r1_random__d9eee834af00.data,110683,c08df7dc6b429f2d0ffe3f16400a777eee56605b646e881519204569fe98636a,298,-1.0900000020908074e-06,-0.26389419,0.16301922
1426,600,600K_legacy,branch_uid023428_idx276_r1_random__7135f1bb4bd3,branch,276,600K_legacy/row_1426__branch_uid023428_idx276_r1_random__7135f1bb4bd3.data,205663,f07b54f99b412c3f13cb39da7de81524e214ea004c713d4f8ea187d85620cceb,558,-3.999999867443371e-07,-0.26315914,0.16375427
1427,600,600K_legacy,branch_uid023371_idx275_r1_random__56ff30d88dfc,branch,275,600K_legacy/row_1427__branch_uid023371_idx275_r1_random__56ff30d88dfc.data,203673,829de08891b443c6eace588752fe637e1ece82c57b9daae377212d08bf90797d,555,1.510000003035472e-06,-0.26299752,0.16391589
1428,600,600K_legacy,cyclic_uid007719_idx67_r1_block__a62839a355d5,cyclic,67,600K_legacy/row_1428__cyclic_uid007719_idx67_r1_block__a62839a355d5.data,67228,2bed90275d59ef9b9f88310b7f83994de7f00dd598dbc8057c5ffaa373ea1cdd,180,2.4000000081736417e-07,-0.19232433,0.16393771
1429,600,600K_legacy,cyclic_uid008116_idx71_r0_random__c4073b8c4f66,cyclic,71,600K_legacy/row_1429__cyclic_uid008116_idx71_r0_random__c4073b8c4f66.data,63784,2ce1cc730b14b101e5abf2685ac9dc98acbf8cc748a3366b36988cf97190fcb6,180,-5.999999997119421e-07,-0.19413973,0.09706986
1430,600,600K_legacy,branch_uid020750_idx233_r0_random__3d6c2100233c,branch,233,600K_legacy/row_1430__branch_uid020750_idx233_r0_random__3d6c2100233c.data,222436,98802c7a7ae7e58ff0892574948962362b908fd5cc88d978e82859140ac662e1,632,1.679999997422632e-06,-0.26478911,0.09707185
1431,600,600K_legacy,branch_uid020088_idx222_r1_random__f2bd6a7b6917,branch,222,600K_legacy/row_1431__branch_uid020088_idx222_r1_random__f2bd6a7b6917.data,171018,4522ca9b7aab81008cdd4188aed1618d67e0a5ff84a308a7d97aa0ee9cb91ed0,462,1.3399999976293486e-06,-0.26347695,0.16343646
1432,600,600K_legacy,cyclic_uid007295_idx62_r4_random__a9abe7b66dbf,cyclic,62,600K_legacy/row_1432__cyclic_uid007295_idx62_r4_random__a9abe7b66dbf.data,78096,70b20be98b10d00a8efcc8e8169bcaebb3c94bb4838e8d170b0c1c11875a41ce,210,-5.551115123125783e-17,-0.1478026,0.16757258
1433,600,600K_legacy,cyclic_uid008009_idx70_r0_random__211a5603eeb9,cyclic,70,600K_legacy/row_1433__cyclic_uid008009_idx70_r0_random__211a5603eeb9.data,61690,b6df28baea675939de42ac8566c57e65740cde66e5eb1457a407a196f43ff5ff,174,-5.799999997224692e-07,-0.19413973,0.09706986
1434,600,600K_legacy,branch_uid019856_idx218_r2_random__1dc811fe4022,branch,218,600K_legacy/row_1434__branch_uid019856_idx218_r2_random__1dc811fe4022.data,147476,4b29390c8420b4a374c2008bff3f0d99d435e7efa3e930d11977d872714c5ac6,390,3.7999999996651823e-07,-0.26166506,0.16524835
1435,600,600K_legacy,branch_uid022048_idx253_r3_random__173a96bd5f01,branch,253,600K_legacy/row_1435__branch_uid022048_idx253_r3_random__173a96bd5f01.data,212296,164c9a8e3fa764e3966d60980437303a66e27258386ea1a7f528c29e8dd1e9db,568,2.1699999974977846e-06,-0.26084166,0.16607175
1436,600,600K_legacy,branch_uid022243_idx257_r1_random__a553b41c4834,branch,257,600K_legacy/row_1436__branch_uid022243_idx257_r1_random__a553b41c4834.data,151845,73f85d2bff816d434a97263cf71adebda8f22aad46bcb0c5e5fea77d8a9a121d,407,2.1000000671733687e-07,-0.26299911,0.1639143
1437,600,600K_legacy,branch_uid019278_idx209_r1_random__81a92acea39d,branch,209,600K_legacy/row_1437__branch_uid019278_idx209_r1_random__81a92acea39d.data,116179,6c4dac16b21a6fa465db600198ea2617574db0dd42ec6532b56a63ed8b024bfc,307,1.3300000002436363e-06,-0.26355454,0.16335887
1438,600,600K_legacy,branch_uid018319_idx193_r3_random__43177c7b1121,branch,193,600K_legacy/row_1438__branch_uid018319_idx193_r3_random__43177c7b1121.data,99578,49e5e23501c0ce19eab17b63b7012c16359e0327d498cb5f129408bed1d04dc4,259,7.799999979796191e-07,-0.26076806,0.16614535
1439,600,600K_legacy,branch_uid023168_idx272_r0_random__24c03b8296d1,branch,272,600K_legacy/row_1439__branch_uid023168_idx272_r0_random__24c03b8296d1.data,180556,4c719d2c4d5a654d3152bcab451f215cac5da3098a4dd504673ebf0fcf27f40f,512,1.16000000169314e-06,-0.2647948,0.09706616
1440,600,600K_legacy,branch_uid022238_idx257_r0_random__4b44786ce656,branch,257,600K_legacy/row_1440__branch_uid022238_idx257_r0_random__4b44786ce656.data,139723,2705495b532ffb9ec22ce4ba680cb9f35cce4892e2485713849698ce0f32f2fd,395,1.8200000011237005e-06,-0.26483013,0.09703083
1441,600,600K_legacy,branch_uid018665_idx199_r2_random__019e9d46313d,branch,199,600K_legacy/row_1441__branch_uid018665_idx199_r2_random__019e9d46313d.data,126703,fc19b0f15cc2bbca945ca14cd6f6affaf7e84d156d3ae26b7fdebff3f69f7837,335,-1.0900000008418065e-06,-0.26236948,0.16454393
1442,600,600K_legacy,branch_uid018890_idx203_r0_random__b78fa83a93e0,branch,203,600K_legacy/row_1442__branch_uid018890_idx203_r0_random__b78fa83a93e0.data,99937,0b5f38b2de971f9eea195ce7906b9c781fe9b64c9cfeaf84d0ef1883ca7e3a5f,281,-1.0800000005140031e-06,-0.26485719,0.09700377
1443,600,600K_legacy,branch_uid020253_idx224_r4_random__ebdae24840c8,branch,224,600K_legacy/row_1443__branch_uid020253_idx224_r4_random__ebdae24840c8.data,162554,0d94b401da2eb41552d0b64c2a7159e64850996073bcd150667aa906198e4b33,442,3.399999915498775e-07,-0.14807097,0.16730421
1444,600,600K_legacy,branch_uid018670_idx199_r2_random__ad8027c0b944,branch,199,600K_legacy/row_1444__branch_uid018670_idx199_r2_random__ad8027c0b944.data,121990,8ed670664b55b6cf149c3846776f982afc96279e25b9e4888897d374b266d0c5,320,4.3000000002346717e-07,-0.26193391,0.1649795
1445,600,600K_legacy,branch_uid022257_idx257_r1_random__7a9eeaf9d11f,branch,257,600K_legacy/row_1445__branch_uid022257_idx257_r1_random__7a9eeaf9d11f.data,150415,d673cb2c3134aef844bf37788d603275a0de840bed8be9c95b49cffb65b3181c,404,-7.999999960262016e-07,-0.26284176,0.16407165
1446,600,600K_legacy,branch_uid021209_idx240_r2_random__e78fdbae1099,branch,240,600K_legacy/row_1446__branch_uid021209_idx240_r2_random__e78fdbae1099.data,221356,77ec75b9fd614e818d27421a903613d6f384ffafe60ad1ee0cc12d290124cc60,595,4.3999999996269246e-07,-0.26213544,0.16477797
1447,600,600K_legacy,cyclic_uid009424_idx83_r0_random__dc269767f4ce,cyclic,83,600K_legacy/row_1447__cyclic_uid009424_idx83_r0_random__dc269767f4ce.data,88912,c5ab17ce71f445138c0250f75c57bfb6c726dcb0edcce7d645565e4d712c3a1e,252,-8.399999995856167e-07,-0.19413973,0.09706986
1448,600,600K_legacy,branch_uid019572_idx214_r0_random__f788ab8d72af,branch,214,600K_legacy/row_1448__branch_uid019572_idx214_r0_random__f788ab8d72af.data,96735,75f6e51560311ea23edba89c127d5d8630a34ed0059e129e2648a91202b02a25,272,-1.2199999986639565e-06,-0.26486517,0.09699579
1449,600,600K_legacy,branch_uid022114_idx255_r0_random__b6523784c70d,branch,255,600K_legacy/row_1449__branch_uid022114_idx255_r0_random__b6523784c70d.data,170025,e7945c95919aa4b6df9c148dd31e7a3f6c7e44dfcfe1778caafae990907d4292,482,2.79999995494995e-07,-0.26480157,0.09705939
1450,600,600K_legacy,cyclic_uid009314_idx82_r0_random__85563ebac18c,cyclic,82,600K_legacy/row_1450__cyclic_uid009314_idx82_r0_random__85563ebac18c.data,86818,d32db9a8b6c440c2c5fe003bf6828bf4b991ba943976cc1a7f6ea6e89724cf8c,246,-8.199999995961438e-07,-0.19413973,0.09706986
1451,600,600K_legacy,cyclic_uid008657_idx76_r0_random__d7f3457e9754,cyclic,76,600K_legacy/row_1451__cyclic_uid008657_idx76_r0_random__d7f3457e9754.data,74254,d6999ecc1632ca4bc4cb572b167276b04a36ddd3257d4f27764ff36460ce503e,210,-6.999999996593065e-07,-0.19413973,0.09706986
1452,600,600K_legacy,branch_uid019454_idx212_r1_random__0a609dcac545,branch,212,600K_legacy/row_1452__branch_uid019454_idx212_r1_random__0a609dcac545.data,128986,8d099cd059ffe795a722f79e0bd8016572fb60b18d890dfa3ed4af19ab313bbd,345,-7.799999982294192e-07,-0.26313504,0.16377837
1453,600,600K_legacy,branch_uid018949_idx203_r3_random__8384da28f49b,branch,203,600K_legacy/row_1453__branch_uid018949_idx203_r3_random__8384da28f49b.data,119644,00caa8dd346458344943d4be531fb6f6e6c0eba35bc51fcbe170d364ab00a237,315,3.40000001652907e-07,-0.26053142,0.16638199
1454,600,600K_legacy,cyclic_uid013059_idx115_r0_random__73c1d1515090,cyclic,115,600K_legacy/row_1454__cyclic_uid013059_idx115_r0_random__73c1d1515090.data,155920,5e1ca1a33e3018ba104a4edd9524dae034ccd563f6aa895df9fa64ffbdd8126b,444,-1.479999999248749e-06,-0.19413973,0.09706986
1455,600,600K_legacy,cyclic_uid007376_idx63_r3_random__c52c42c051dc,cyclic,63,600K_legacy/row_1455__cyclic_uid007376_idx63_r3_random__c52c42c051dc.data,74739,702cd29ccf4eb6603e239d45130f6414111a1db0e84b9e40843ca3f62cb571b7,196,-5.999999998784755e-07,-0.18969428,0.16656776
1456,600,600K_legacy,branch_uid018161_idx191_r1_random__0264ac035282,branch,191,600K_legacy/row_1456__branch_uid018161_idx191_r1_random__0264ac035282.data,84654,064a071413466e0e280c83b736d919bfd160de9c3b2279f9c9398b359c6bafee,224,1.0200000002402732e-06,-0.26387211,0.1630413
1457,600,600K_legacy,branch_uid023478_idx277_r0_random__b2a4b2ae69e4,branch,277,600K_legacy/row_1457__branch_uid023478_idx277_r0_random__b2a4b2ae69e4.data,109360,4fb4fce3ed61786cd09d4aa618091b97da6169efb7e6f6428c895d7f54d165d2,308,-1.4000000007341473e-06,-0.26487484,0.09698612
1458,600,600K_legacy,branch_uid019944_idx220_r0_random__673ca95af1e2,branch,220,600K_legacy/row_1458__branch_uid019944_idx220_r0_random__673ca95af1e2.data,179509,6935d995f16a53ce6dcabac77074f304615feaba407d4f3c1c090bda5441dac6,509,-7.000000028234421e-07,-0.26476955,0.09709141
1459,600,600K_legacy,branch_uid019904_idx219_r2_random__5cc04ce8e262,branch,219,600K_legacy/row_1459__branch_uid019904_idx219_r2_random__5cc04ce8e262.data,248569,aa83c65ff485564d6b638b725470bc9dee5f47e07d0d566e539b3a2292516160,672,-3.0000000005581118e-06,-0.26171319,0.16520022
1460,600,600K_legacy,cyclic_uid010538_idx93_r0_random__050ec92edc6c,cyclic,93,600K_legacy/row_1460__cyclic_uid010538_idx93_r0_random__050ec92edc6c.data,109852,59570b44da491203c7df2f6fa59a4ba416a5bd0923d0fdcf698b562d77ac0fa1,312,-1.0399999994803455e-06,-0.19413973,0.09706986
1461,600,600K_legacy,cyclic_uid007599_idx66_r0_random__7295d71ab8c6,cyclic,66,600K_legacy/row_1461__cyclic_uid007599_idx66_r0_random__7295d71ab8c6.data,53314,2ac4ac1b4ef7b31a1f41a6f33e7fe6cbc0c234f1d680b4ea7da81edc38ecdf89,150,-4.999999997645777e-07,-0.19413973,0.09706986
1462,600,600K_legacy,branch_uid020192_idx224_r0_random__194d5d457db4,branch,224,600K_legacy/row_1462__branch_uid020192_idx224_r0_random__194d5d457db4.data,128145,12aab523758f9e946e255fd25c897d872a64f8ad70edb7964217a23823560e45,362,-3.0000000064700494e-07,-0.26485364,0.09700732
1463,600,600K_legacy,cyclic_uid012476_idx110_r0_random__14bdc21eed91,cyclic,110,600K_legacy/row_1463__cyclic_uid012476_idx110_r0_random__14bdc21eed91.data,145450,2fd3a6c1263fafed91044e7b0d4d80cabc20736bc1b0e4ed4edda5cf973480e1,414,-1.3799999993013845e-06,-0.19413973,0.09706986
1464,600,600K_legacy,branch_uid022734_idx265_r0_random__3a01659da30f,branch,265,600K_legacy/row_1464__branch_uid022734_idx265_r0_random__3a01659da30f.data,113548,cf1f4abdf5e9f8e895770fff6733417aefb13620dec2154f172616db2cd5c639,320,4.899999995755522e-07,-0.26485795,0.09700301
1465,600,600K_legacy,branch_uid020316_idx226_r0_random__79625355a709,branch,226,600K_legacy/row_1465__branch_uid020316_idx226_r0_random__79625355a709.data,89467,216f67b2478c8aea0b90ae633f02b7b0bcaad0a0d6d5e7dd1c54ab5e37e49efb,251,-7.000000187828981e-08,-0.26487764,0.09698332
1466,600,600K_legacy,cyclic_uid008221_idx72_r0_random__a5551aa1ad56,cyclic,72,600K_legacy/row_1466__cyclic_uid008221_idx72_r0_random__a5551aa1ad56.data,65878,cbea9544052986216f643412870418d43e54360cf326f8c8312b7e8800c26079,186,-6.19999999701415e-07,-0.19413973,0.09706986
1467,600,600K_legacy,cyclic_uid008873_idx78_r0_random__0bb35857af09,cyclic,78,600K_legacy/row_1467__cyclic_uid008873_idx78_r0_random__0bb35857af09.data,78442,c4fcd2bfa2da008c144cbbb3255421db7b8b684b8df18b247bedc0dc015e6707,222,-7.399999996382522e-07,-0.19413973,0.09706986
1468,600,600K_legacy,star_uid013992_idx124_r0_random__085a7c0ae7f3,star,124,600K_legacy/row_1468__star_uid013992_idx124_r0_random__085a7c0ae7f3.data,52076,07b0911ed30b0809a2c8ecc4e0c11c49b62c2872e777dec4a1d67c9c4d7bc172,146,9.000000011916143e-08,-0.26512287,0.09673809
1469,600,600K_legacy,cyclic_uid007702_idx67_r0_random__81ee8b382b1b,cyclic,67,600K_legacy/row_1469__cyclic_uid007702_idx67_r0_random__81ee8b382b1b.data,55408,ab8bedad6ee1df09079050274619387978fd69633d8be29aed55de14138e8a1d,156,-5.199999997540505e-07,-0.19413973,0.09706986
1470,600,600K_legacy,branch_uid017464_idx180_r0_random__e5a01c192644,branch,180,600K_legacy/row_1470__branch_uid017464_idx180_r0_random__e5a01c192644.data,217201,28b66a2367fa11d7312668928ff52d136203f784210fdc6f70ec71234439571d,617,5.000000093124957e-07,-0.26478651,0.09707445
1471,600,600K_legacy,branch_uid020569_idx230_r1_random__b2d044f2af4c,branch,230,600K_legacy/row_1471__branch_uid020569_idx230_r1_random__b2d044f2af4c.data,80788,b406e37deb7cd713f5db0954c787d3f7fb43d4e29acf23e77be79a15ae0454fb,215,-6.400000001627326e-07,-0.26397384,0.16293957
1472,600,600K_legacy,branch_uid019757_idx216_r4_random__e7fb02befb21,branch,216,600K_legacy/row_1472__branch_uid019757_idx216_r4_random__e7fb02befb21.data,118802,332be0b048f857e920fbff58697fafeaa72e9a306de018f43a2045b79a10584c,322,1.5200000009207848e-06,-0.14817098,0.1672042
1473,600,600K_legacy,branch_uid021522_idx245_r2_random__50e11f05b463,branch,245,600K_legacy/row_1473__branch_uid021522_idx245_r2_random__50e11f05b463.data,259988,d5bb296900e89c982ec44594f829e1d056a714e7b49085d89f63c214e5c74595,706,1.599999944201791e-07,-0.26191373,0.16499968
1474,600,600K_legacy,branch_uid021866_idx251_r0_random__dd2871e526e8,branch,251,600K_legacy/row_1474__branch_uid021866_idx251_r0_random__dd2871e526e8.data,140770,5b2c79a504d849a56dc7751f6faeab0e336bff5e471d860f7c52083ce8ef7c62,398,7.29999998255737e-07,-0.26483693,0.09702403
1475,600,600K_legacy,branch_uid020626_idx231_r0_random__4f3b1865bdfe,branch,231,600K_legacy/row_1475__branch_uid020626_idx231_r0_random__4f3b1865bdfe.data,160663,36f218369f740ee286cb3a61719f8021b60d3536e188dbe10442eaf5af61e9ca,455,-2.1800000016558574e-06,-0.2648084,0.09705256
1476,600,600K_legacy,branch_uid022300_idx258_r0_random__97e1f3e21d31,branch,258,600K_legacy/row_1476__branch_uid022300_idx258_r0_random__97e1f3e21d31.data,96735,b62494fb131a7b0ffe1ec3c3d92af3accf35f11ff4b5e9d1326b5e0f25b2a94f,272,-3.9999999937312403e-07,-0.26488592,0.09697504
1477,600,600K_legacy,cyclic_uid007416_idx64_r1_random__3a95261857e8,cyclic,64,600K_legacy/row_1477__cyclic_uid007416_idx64_r1_random__3a95261857e8.data,61148,8ae6bfad59688dce3774fd01b203ee48a0274788b1e264dba916dc422b8aabf0,162,-6.199999980360804e-07,-0.19212867,0.16413337
1478,600,600K_legacy,branch_uid022056_idx254_r1_random__34c41c324e46,branch,254,600K_legacy/row_1478__branch_uid022056_idx254_r1_random__34c41c324e46.data,205852,54048e128ba77c511f5899ec9588e70cc3cb9136c755dfd991224064ac22301c,561,1.0000000072452053e-07,-0.2634085,0.16350491
1479,600,600K_legacy,branch_uid020558_idx229_r3_random__8f2bcf73ec4d,branch,229,600K_legacy/row_1479__branch_uid020558_idx229_r3_random__8f2bcf73ec4d.data,256159,beaefd4743cae2d117c8f28fc7cb0169dcf889623cdd638ec4cb82365969b05e,686,-1.3300000067661966e-06,-0.26118853,0.16572488
1480,600,600K_legacy,branch_uid019016_idx205_r1_random__6fc48b09b2f9,branch,205,600K_legacy/row_1480__branch_uid019016_idx205_r1_random__6fc48b09b2f9.data,183112,7c71ff3b7bd04e8e9d84fd5af611033107deb3ce4968855deb698cd4d02b0006,499,1.3700000036642734e-06,-0.26336133,0.16355208
1481,600,600K_legacy,branch_uid020892_idx235_r1_random__7f7c9cbd63d8,branch,235,600K_legacy/row_1481__branch_uid020892_idx235_r1_random__7f7c9cbd63d8.data,197697,5dc0e422f6a8789f788a81369d66e71826ff7af713f5045798f4783c39e0bb29,536,-2.249999993597651e-06,-0.26349373,0.16341968
1482,600,600K_legacy,cyclic_uid011552_idx102_r0_random__f23557542370,cyclic,102,600K_legacy/row_1482__cyclic_uid011552_idx102_r0_random__f23557542370.data,128698,d8bbff6f82ed8df00ab28ff78e18eb7ca0a0ec13e81ed43d142d66a2d4405810,366,-1.2199999993856014e-06,-0.19413973,0.09706986
1483,600,600K_legacy,branch_uid022672_idx264_r0_random__61b6f4c4519f,branch,264,600K_legacy/row_1483__branch_uid022672_idx264_r0_random__61b6f4c4519f.data,66433,2b50cbbce6fceb0d789a866ec413e00265eb1b75f89586e22bdb08159f969dda,185,7.000000054602218e-08,-0.26495606,0.0969049
1484,600,600K_legacy,branch_uid020688_idx232_r0_random__0259eb5b1372,branch,232,600K_legacy/row_1484__branch_uid020688_idx232_r0_random__0259eb5b1372.data,189979,b7369e8dac34bf97002622f27304c071ac0e80a4a96df41d13d27c1c122481bf,539,-1.0999999891514456e-07,-0.26479754,0.09706342
1485,600,600K_legacy,cyclic_uid009096_idx80_r0_random__9181d2c4fa75,cyclic,80,600K_legacy/row_1485__cyclic_uid009096_idx80_r0_random__9181d2c4fa75.data,82630,3c8f528daa24cbdc6d091a989a9e4b0b6d4aecf11b43825ea5c865d2b531d5a9,234,-7.79999999617198e-07,-0.19413973,0.09706986
1486,600,600K_legacy,branch_uid017898_idx187_r0_random__e0c80905d078,branch,187,600K_legacy/row_1486__branch_uid017898_idx187_r0_random__e0c80905d078.data,112501,f4a44757e926118ecdf33d45b53704f04e1cafd7d68a92a9c78a7bd2c3ab2e3b,317,1.2500000004245226e-06,-0.26485361,0.09700735
1487,600,600K_legacy,branch_uid023006_idx269_r2_random__53d59a7ff1ab,branch,269,600K_legacy/row_1487__branch_uid023006_idx269_r2_random__53d59a7ff1ab.data,145297,31b572ffb787c3b754847652d8df4f3ac1e8e5bed3da03e25284370249345692,384,8.600000000469343e-07,-0.26142378,0.16548963
1488,600,600K_legacy,branch_uid021695_idx248_r1_random__b086ce6fa8ca,branch,248,600K_legacy/row_1488__branch_uid021695_idx248_r1_random__b086ce6fa8ca.data,217290,d8ce16287654867bcc5fd93299bd420ace1c23d3bead51ce1350e35636627178,594,1.649999996439222e-06,-0.2636145,0.16329891
1489,600,600K_legacy,branch_uid017712_idx184_r0_random__c8b3ebaeac0d,branch,184,600K_legacy/row_1489__branch_uid017712_idx184_r0_random__c8b3ebaeac0d.data,108313,189dc2418153b461c67424898a6661e1686529c03c673e4d8fd2444152b8769a,305,-4.799999989979487e-07,-0.26481906,0.0970419
1490,600,600K_legacy,comb_uid026020_idx320_r0_random__d7bfee6ca5e8,comb,320,600K_legacy/row_1490__comb_uid026020_idx320_r0_random__d7bfee6ca5e8.data,77204,4dfb0127cbb0ff5980d278203ff9daa45a62573725d54f780fa11fa6178c96ba,218,-8.000000137342589e-08,-0.26499312,0.09686784
1491,600,600K_legacy,cyclic_uid009985_idx88_r0_random__66a159007807,cyclic,88,600K_legacy/row_1491__cyclic_uid009985_idx88_r0_random__66a159007807.data,99382,94ab49acecaab4a4fa8883cf45c7a93758a47a3a93d31f82048551e8683520aa,282,-9.399999995329811e-07,-0.19413973,0.09706986
1492,600,600K_legacy,branch_uid022052_idx254_r0_random__227c0185967a,branch,254,600K_legacy/row_1492__branch_uid022052_idx254_r0_random__227c0185967a.data,182650,5df3b20a103a59de6db928cf0bce9beb31c1b0cfd3b8de308d0a9dbcdb1fb0e4,518,1.209999998863509e-06,-0.26479235,0.09706861
1493,600,600K_legacy,cyclic_uid008981_idx79_r0_random__9303850fe9e9,cyclic,79,600K_legacy/row_1493__cyclic_uid008981_idx79_r0_random__9303850fe9e9.data,80536,9f8adcee80fd689098a7d7362dbcac3328232709f34024de4bb9b2b4a13b9f84,228,-7.599999996277251e-07,-0.19413973,0.09706986
1494,600,600K_legacy,branch_uid022424_idx260_r0_random__412417f29a77,branch,260,600K_legacy/row_1494__branch_uid022424_idx260_r0_random__412417f29a77.data,209872,fb9b4d0a8a1b3141be331ff69970110f730c472471e7efd057a366e9492e3d3c,596,1.959999991946182e-06,-0.26476476,0.0970962
1495,600,600K_legacy,branch_uid019820_idx218_r0_random__1b51e147288a,branch,218,600K_legacy/row_1495__branch_uid019820_idx218_r0_random__1b51e147288a.data,122971,e5a8c045401b92f12b26b28c132c8976daeaf3ad0fb8d024d28728835d542e82,347,5.200000000871174e-07,-0.26483194,0.09702902
1496,600,600K_legacy,branch_uid023241_idx273_r1_random__4972c83ea656,branch,273,600K_legacy/row_1496__branch_uid023241_idx273_r1_random__4972c83ea656.data,67520,0506df545a546e101f0cdf758da791998daa24212566745299dec0219a5b060b,175,7.500000006877006e-07,-0.26374548,0.16316793
1497,600,600K_legacy,branch_uid020595_idx230_r2_random__24897573f111,branch,230,600K_legacy/row_1497__branch_uid020595_idx230_r2_random__24897573f111.data,79219,49530ccb41c3ee16f1a3acc37249198505942a559077ac0edcd4f96b856d4742,206,1.8000000062690091e-07,-0.2615969,0.16531651
1498,600,600K_legacy,branch_uid019542_idx213_r2_random__1e15254aa739,branch,213,600K_legacy/row_1498__branch_uid019542_idx213_r2_random__1e15254aa739.data,244273,3ad0188991c81ade29460f1b8af980b8257498c704248ed19328006bdb45eed9,659,1.3999999837199795e-07,-0.26189823,0.16501518
1499,600,600K_legacy,branch_uid019696_idx216_r0_random__5c38b3845b9f,branch,216,600K_legacy/row_1499__branch_uid019696_idx216_r0_random__5c38b3845b9f.data,91500,f13be66d1a79ff01fc9996edc139e067554813455035c02a2fa983b0a27aac93,257,-1.899999975962796e-07,-0.26487562,0.09698534
1500,600,600K_legacy,branch_uid019581_idx214_r1_random__c221271597cd,branch,214,600K_legacy/row_1500__branch_uid019581_idx214_r1_random__c221271597cd.data,109292,eb0a89a690ce4df4e4a5549e47f90189714e902e0f57bc5260aaa03cd438daec,292,4.000000047854613e-08,-0.26349558,0.16341783
1501,600,600K_legacy,branch_uid020936_idx236_r0_random__47d5088e6201,branch,236,600K_legacy/row_1501__branch_uid020936_idx236_r0_random__47d5088e6201.data,163804,bbae7b2f2c49e1c069b3ce0cd5fce306e8613e12d204931d6393c6ea4dbaac23,464,1.1399999971517527e-06,-0.26481414,0.09704682
1502,600,600K_legacy,cyclic_uid007907_idx69_r0_random__aa6e59e7208a,cyclic,69,600K_legacy/row_1502__cyclic_uid007907_idx69_r0_random__aa6e59e7208a.data,59596,e00ee241980eb544c3f41d17bf81ffd5fdf27980c4371c9b37789154e6fea419,168,-5.599999997329963e-07,-0.19413973,0.09706986
1503,600,600K_legacy,branch_uid020378_idx227_r0_random__7fd90278bb4a,branch,227,600K_legacy/row_1503__branch_uid020378_idx227_r0_random__7fd90278bb4a.data,175321,09515d38f66d23a25ec2667b211fefaec189467bc1145071d1fcd2a953fe0b89,497,1.6700000020353212e-06,-0.26480693,0.09705403
1504,600,600K_legacy,branch_uid021760_idx249_r1_random__320bf5c69ee8,branch,249,600K_legacy/row_1504__branch_uid021760_idx249_r1_random__320bf5c69ee8.data,142269,87ab6c71b9028b05390bc234e5b6f232ff6ed645edb6c9ae0473880e5b11dab8,379,-4.0000000173234795e-07,-0.26333154,0.16358187
1505,600,600K_legacy,branch_uid021370_idx243_r0_random__ce3957047e5c,branch,243,600K_legacy/row_1505__branch_uid021370_idx243_r0_random__ce3957047e5c.data,191026,2f093b5a5256bc5f06a5c1da3783153152d4c8c07ae15e4f81f498edf544c67f,542,-1.5399999948872978e-06,-0.2647946,0.09706636
1506,600,600K_legacy,branch_uid020346_idx226_r2_random__896652dec474,branch,226,600K_legacy/row_1506__branch_uid020346_idx226_r2_random__896652dec474.data,104977,5175dd0349a0c8ce69cc0011f76f50d05aa11fb70d168f182a69c0e972e5a663,273,7.999999901420196e-08,-0.26145663,0.16545678
1507,600,600K_legacy,cyclic_uid007198_idx62_r1_random__5d8e7dec8c31,cyclic,62,600K_legacy/row_1507__cyclic_uid007198_idx62_r1_random__5d8e7dec8c31.data,55111,2beb8399301249b8231a687ba4e8670411952a8154f1d47d6d4b52a514cff048,146,7.200000002871576e-07,-0.1922799,0.16398214
1508,600,600K_legacy,cyclic_uid008554_idx75_r1_block__11dd2d33028b,cyclic,75,600K_legacy/row_1508__cyclic_uid008554_idx75_r1_block__11dd2d33028b.data,87084,d5ee070ae97f407bedd81d4abe37fc3cad8ddab866dfca934ee10731f812f973,236,-9.199999987941077e-07,-0.19229322,0.16396882
1509,600,600K_legacy,cyclic_uid007305_idx63_r1_random__aaf6d8ca61a7,cyclic,63,600K_legacy/row_1509__cyclic_uid007305_idx63_r1_random__aaf6d8ca61a7.data,58809,4dd4e20eed6873162fecc915e8214e4ce507b34f0937f49d1c74393e3b7d9c24,156,-1.999999988955281e-07,-0.19204818,0.16421386
1510,600,600K_legacy,branch_uid017960_idx188_r0_random__fbc8075a4000,branch,188,600K_legacy/row_1510__branch_uid017960_idx188_r0_random__fbc8075a4000.data,231859,799a339bf7efbde34edaa432b48b2c7323589f56f67defc3ea120bdee9743064,659,-2.8900000054177255e-06,-0.26477346,0.0970875
1511,600,600K_legacy,branch_uid017774_idx185_r0_random__dd851263565b,branch,185,600K_legacy/row_1511__branch_uid017774_idx185_r0_random__dd851263565b.data,132394,a9e235faa5e9da298dbbf4250b425c252642789765156b82f2c088b79733c7a4,374,-2.40000000761853e-07,-0.26483654,0.09702442
1512,600,600K_legacy,cyclic_uid007106_idx61_r1_random__d8479eb3d881,cyclic,61,600K_legacy/row_1512__cyclic_uid007106_idx61_r1_random__d8479eb3d881.data,52556,39dfa476184d602f9adc87af1183c5d4e75f7126fe4643da4763b2706404bf63,140,-4.000000004555915e-07,-0.19220195,0.16406009
1513,600,600K_legacy,branch_uid018899_idx203_r1_random__976963c9a749,branch,203,600K_legacy/row_1513__branch_uid018899_idx203_r1_random__976963c9a749.data,111728,12621dc36298a14e696370f30ed2734d45a73995f8b99dcfa00f2fa3dbe3cf3c,295,-8.800000014519416e-07,-0.26329907,0.16361434
1514,600,600K_legacy,branch_uid020130_idx223_r0_random__b83fc513b867,branch,223,600K_legacy/row_1514__branch_uid020130_idx223_r0_random__b83fc513b867.data,129253,fcc062fdebc70cb9b2b61b32cfcf4ab59125c72796f11ef6095b367ac25afc2c,365,-1.0099999971091567e-06,-0.26482993,0.09703103
1515,600,600K_legacy,branch_uid017803_idx185_r2_random__ad0610ec12f5,branch,185,600K_legacy/row_1515__branch_uid017803_idx185_r2_random__ad0610ec12f5.data,162837,44575a0e1699946215afff2fcd0782f4be86d53965b7be56dfc38845af900cec,431,4.800000006910388e-07,-0.26189829,0.16501512
1516,600,600K_legacy,cyclic_uid008550_idx75_r0_random__10071c3006e3,cyclic,75,600K_legacy/row_1516__cyclic_uid008550_idx75_r0_random__10071c3006e3.data,72160,3c77d8ba010cfe0274a3e789e7bded97d3a38d04d25d21b3ddc108c7b907e5de,204,-6.799999996698336e-07,-0.19413973,0.09706986
1517,600,600K_legacy,branch_uid021722_idx248_r3_random__4c5ab5004b1e,branch,248,600K_legacy/row_1517__branch_uid021722_idx248_r3_random__4c5ab5004b1e.data,240564,cfab415cdee9d9f5d75bc00d3b3856592d999617e62fc88d4ea52102b2937ebf,643,5.400000022970364e-07,-0.26078252,0.16613089
1518,600,600K_legacy,branch_uid020582_idx230_r1_random__d8955c64ce3d,branch,230,600K_legacy/row_1518__branch_uid020582_idx230_r1_random__d8955c64ce3d.data,79021,b5d3fef6f64cee984aeeb50eb11c0d6a5f6ce249dd0a36286897e234f25d52f5,206,-9.499999999995623e-07,-0.26354675,0.16336666
1519,600,600K_legacy,branch_uid019636_idx215_r1_random__ab86b988c94b,branch,215,600K_legacy/row_1519__branch_uid019636_idx215_r1_random__ab86b988c94b.data,165679,805ec4ae433a159e08b35ec1322ab535a5e66de0d52d737fbd856d461a113a21,447,-6.599999953782465e-07,-0.26308062,0.16383279
1520,600,600K_legacy,cyclic_uid007184_idx61_r3_random__79082c6bbee0,cyclic,61,600K_legacy/row_1520__cyclic_uid007184_idx61_r3_random__79082c6bbee0.data,68877,7e88813f5a7dc48a68f20137d00a7494c880ba1f12515e8c9e74c9f936b5cb1f,180,-2.8000000112937684e-07,-0.18960192,0.16666012
1521,600,600K_legacy,branch_uid019167_idx207_r2_random__b00d623d8bfa,branch,207,600K_legacy/row_1521__branch_uid019167_idx207_r2_random__b00d623d8bfa.data,98879,219f75a5842842151252c5aedb5ff67d59ca058c1ec737274766ee02b19fa6e6,259,-2.0000000008901786e-07,-0.26189218,0.16502123
1522,600,600K_legacy,branch_uid018642_idx199_r0_random__354272695a70,branch,199,600K_legacy/row_1522__branch_uid018642_idx199_r0_random__354272695a70.data,97721,a063b5d4ca4a535da754afcf39af6254f687b24e58fb0c190e62b45c8d35f525,275,-8.599999999914232e-07,-0.26487009,0.09699087
1523,600,600K_legacy,branch_uid023332_idx274_r2_random__69e2679ce937,branch,274,600K_legacy/row_1523__branch_uid023332_idx274_r2_random__69e2679ce937.data,110637,2862942440d85b4e0de30afa3d1cbb398372ebad97886d5cd80e5c5402a44b40,288,-1.3000000056995198e-07,-0.26189583,0.16501758
1524,600,600K_legacy,branch_uid023263_idx273_r2_random__e4958d76d8b5,branch,273,600K_legacy/row_1524__branch_uid023263_idx273_r2_random__e4958d76d8b5.data,67743,96349f00ca44e8e21bff3a73feb6edc35f8cb814cdff5270ee4133af86882a35,174,7.200000008422691e-07,-0.26144648,0.16546693
1525,600,600K_legacy,branch_uid020023_idx221_r1_random__be23763b7267,branch,221,600K_legacy/row_1525__branch_uid020023_idx221_r1_random__be23763b7267.data,256875,f67e30661b778aaeb7e44118f71fadedc05e283d63366c6f364d586c739cd978,703,-2.1500000004781583e-06,-0.26332358,0.16358983
1526,600,600K_legacy,branch_uid022707_idx264_r2_random__87752febb0fb,branch,264,600K_legacy/row_1526__branch_uid022707_idx264_r2_random__87752febb0fb.data,81194,6a8683e6c8ecbb718263ba5ba236603d9df1185d32aa352ed842898f01c421ab,211,1.60000001359073e-07,-0.26242396,0.16448945
1527,600,600K_legacy,branch_uid019089_idx206_r1_random__72da020db235,branch,206,600K_legacy/row_1527__branch_uid019089_idx206_r1_random__72da020db235.data,136530,d68a9ffd5bc2eb14e0b810e90ee2e90b033f4c4709e804bbfacce3e086094042,372,-8.800000034780986e-07,-0.2636222,0.16329121
1528,600,600K_legacy,branch_uid021494_idx245_r0_random__be8a37e86499,branch,245,600K_legacy/row_1528__branch_uid021494_idx245_r0_random__be8a37e86499.data,220342,078fdd036e753d78c65f6b34fa7806532aa37d173074981de39a994c39fa7358,626,8.499999973876626e-07,-0.26473593,0.09712503
1529,600,600K_legacy,branch_uid017340_idx178_r0_random__8063429a77a0,branch,178,600K_legacy/row_1529__branch_uid017340_idx178_r0_random__8063429a77a0.data,172180,4ee25b9f962d336f8cbbbef2207ffb77e1cefac2723bd3f698114497b29e0ce8,488,2.1999999978428164e-06,-0.26479498,0.09706598
1530,600,600K_legacy,branch_uid021556_idx246_r0_random__a5ca44390e64,branch,246,600K_legacy/row_1530__branch_uid021556_idx246_r0_random__a5ca44390e64.data,81091,c038cd416040822879904a2e7898c3420c6f80261d71cc3b60b32a7804c029c4,227,9.199999992659524e-07,-0.26490616,0.0969548
1531,600,600K_legacy,branch_uid022572_idx262_r2_random__028ab9426a59,branch,262,600K_legacy/row_1531__branch_uid022572_idx262_r2_random__028ab9426a59.data,233792,c1c6df0797976640309d041c5d7b6489b3ec748eedd5a738549f3c35634f460b,632,-4.299999993295778e-07,-0.26232765,0.16458576
1532,600,600K_legacy,branch_uid021258_idx241_r1_random__5612278aadd4,branch,241,600K_legacy/row_1532__branch_uid021258_idx241_r1_random__5612278aadd4.data,90024,1f21c8914335a58f51a3fccb32977411eb97d9d43c6cf52ca67e3c3ea883f857,237,-1.099999995535228e-07,-0.26323606,0.16367735
1533,600,600K_legacy,branch_uid018022_idx189_r0_random__c91066b152c2,branch,189,600K_legacy/row_1533__branch_uid018022_idx189_r0_random__c91066b152c2.data,167992,bb92c4cc1605c2344561187626a6fb8db3c254e687cd0aefce3bf042233344b3,476,2.279999998577864e-06,-0.26477136,0.0970896
1534,600,600K_legacy,branch_uid021497_idx245_r1_random__d951d1ad766d,branch,245,600K_legacy/row_1534__branch_uid021497_idx245_r1_random__d951d1ad766d.data,244703,e99c9cf60827da2faf6c01e6c61398f75b3f544aceb6ea37bdd859b795a3e754,669,-8.400000008346176e-07,-0.26326618,0.16364723
1535,600,600K_legacy,branch_uid020453_idx228_r1_random__b8d351cfe534,branch,228,600K_legacy/row_1535__branch_uid020453_idx228_r1_random__b8d351cfe534.data,167965,6c698deeabb89fe3bce4864ec3a1fb7a8dcca2470f90e104f167203e854141d8,456,1.430000000107734e-06,-0.26324097,0.16367244
1536,600,600K_legacy,branch_uid023232_idx273_r1_random__f65da48e1b20,branch,273,600K_legacy/row_1536__branch_uid023232_idx273_r1_random__f65da48e1b20.data,65542,0f6bfcd48b7bbfad72dc6d023ac00d2421ece03d183fe93a1a37c21aa2007cb6,169,5.999999880268447e-08,-0.26340674,0.16350667
1537,600,600K_legacy,branch_uid021928_idx252_r0_random__75acc1b6b848,branch,252,600K_legacy/row_1537__branch_uid021928_idx252_r0_random__75acc1b6b848.data,204637,84167219215e20e0192c683a367d40bc9f27c56e8ef1983e3e28c92500eafe57,581,2.00000001976397e-07,-0.26479165,0.09706931
1538,600,600K_legacy,cyclic_uid007804_idx68_r0_random__56cbb6ec2a72,cyclic,68,600K_legacy/row_1538__cyclic_uid007804_idx68_r0_random__56cbb6ec2a72.data,57502,7c0ff238824d06997279345555305f2101dc56dd6765aef36c962c8644ec798c,162,-5.399999997435234e-07,-0.19413973,0.09706986
1539,600,600K_legacy,cyclic_uid007497_idx65_r0_random__a37030f796ee,cyclic,65,600K_legacy/row_1539__cyclic_uid007497_idx65_r0_random__a37030f796ee.data,51220,97cc73fcc542e4f12837a0c5248ef724d56b900a3a8b3a1a62e1d07bfa8b7afa,144,-4.799999997751048e-07,-0.19413973,0.09706986
1540,600,600K_legacy,branch_uid019014_idx205_r0_random__c4aeae80b88f,branch,205,600K_legacy/row_1540__branch_uid019014_idx205_r0_random__c4aeae80b88f.data,161649,08b1455f9f19ba651eccd3c21dd4f3816266bdd2a3a23ed6b77830077942f9a0,458,2.1199999963583682e-06,-0.26482132,0.09703964
1541,600,600K_legacy,branch_uid017713_idx184_r1_random__1e217e35af33,branch,184,600K_legacy/row_1541__branch_uid017713_idx184_r1_random__1e217e35af33.data,118555,63d9967ecdf9ec4ed016a0efa8fae6466a5a03b704017b23da4735538e49f257,314,-1.1399999994554655e-06,-0.26304757,0.16386584
1542,600,600K_legacy,cyclic_uid008352_idx73_r1_random__8c201c451ae4,cyclic,73,600K_legacy/row_1542__cyclic_uid008352_idx73_r1_random__8c201c451ae4.data,82985,bdc8709aabd9e0c1cc05193a88f6dc638e6a822a47f201eedf0441fd8c869e71,224,2.399999988744739e-07,-0.19219976,0.16406228
1543,600,600K_legacy,branch_uid020579_idx230_r1_random__bf2b736bc5c8,branch,230,600K_legacy/row_1543__branch_uid020579_idx230_r1_random__bf2b736bc5c8.data,80171,d99ee70d15af85948ec4ff85399f4dc598b5ff5af49600d1bcb11b4a0ac3a8bf,206,4.5000000115091865e-07,-0.26367817,0.16323524
1544,600,600K_legacy,branch_uid021813_idx250_r1_random__ac62fad300e5,branch,250,600K_legacy/row_1544__branch_uid021813_idx250_r1_random__ac62fad300e5.data,214327,bebe4c7a41283c921baf2b6656298023f8e99548b245c26405d1925067c845e4,583,1.4299999873124136e-06,-0.26313205,0.16378136
1545,600,600K_legacy,branch_uid019882_idx219_r0_random__cbb40d19a54e,branch,219,600K_legacy/row_1545__branch_uid019882_idx219_r0_random__cbb40d19a54e.data,215107,d20f81ca32d94b3acbd1932484d4a2a8b8a868d7457edb42be33ce11dc376032,611,-2.5799999976705568e-06,-0.26478647,0.09707449
1546,600,600K_legacy,cyclic_uid007394_idx64_r0_random__31e80a760304,cyclic,64,600K_legacy/row_1546__cyclic_uid007394_idx64_r0_random__31e80a760304.data,49126,feb5b934b419d8bc4c1de1645069d718eac17360c83f9ba5c68ce4663d7fecbe,138,-4.599999997856319e-07,-0.19413973,0.09706986
1547,600,600K_legacy,branch_uid019324_idx210_r0_random__89b0a955f046,branch,210,600K_legacy/row_1547__branch_uid019324_idx210_r0_random__89b0a955f046.data,86326,0793180fc5af88eed76e099a2988225a4a5a53a1f4e70a19360724db62056440,242,2.6999999960808374e-07,-0.26489252,0.09696844
1548,600,600K_legacy,star_uid014364_idx130_r0_random__4a3f78b144fa,star,130,600K_legacy/row_1548__star_uid014364_idx130_r0_random__4a3f78b144fa.data,69683,511772df6a8717c8822d86a7c6152ad35ea950707683b7441d8867706426d2dd,197,-6.200000001455042e-07,-0.26505131,0.09680965
1549,600,600K_legacy,branch_uid022858_idx267_r0_random__a54ceead36db,branch,267,600K_legacy/row_1549__branch_uid022858_idx267_r0_random__a54ceead36db.data,179448,b5562b76de726dc40b34e5e48e37411af527af595b6699394e6a47047c7462e3,509,-4.600000046428576e-07,-0.26478928,0.09707168
1550,600,600K_legacy,cyclic_uid008443_idx74_r0_random__fcaea7487ed9,cyclic,74,600K_legacy/row_1550__cyclic_uid008443_idx74_r0_random__fcaea7487ed9.data,70066,051553fb6220ea456b7c7a79c71b0b6ea58b85f3db745f7c30c4851e92005d32,198,-6.599999996803607e-07,-0.19413973,0.09706986
1551,600,600K_legacy,branch_uid019076_idx206_r0_random__ae3d35cbc1a1,branch,206,600K_legacy/row_1551__branch_uid019076_idx206_r0_random__ae3d35cbc1a1.data,117675,1dbc730571a94916e00b5326a77c6eece79cea1700ec9ac6b5ecf5c576a075d3,332,6.799999973383652e-07,-0.26486878,0.09699218
1552,600,600K_legacy,branch_uid018828_idx202_r0_random__9e394a293017,branch,202,600K_legacy/row_1552__branch_uid018828_idx202_r0_random__9e394a293017.data,78997,bc2287ff88996e64a884905cf251744209aa3bf8d3559e2dcb571fa1b548013d,221,-3.3999999962675e-07,-0.26492919,0.09693177
1553,600,600K_legacy,branch_uid019066_idx205_r3_random__9532aa25955a,branch,205,600K_legacy/row_1553__branch_uid019066_idx205_r3_random__9532aa25955a.data,205707,4e7d41faa7d4be1015af7f01db127246a403903c6b3aa533f21144a516faa63f,553,2.520000002753653e-06,-0.26047884,0.16643457
1554,600,600K_legacy,branch_uid018580_idx198_r0_random__4b2eff7e3720,branch,198,600K_legacy/row_1554__branch_uid018580_idx198_r0_random__4b2eff7e3720.data,228718,89b0cb77d1c5129bd3a4d503fad6133e1d40ca1786d192753174ad7a2e3957af,650,-8.4000000263873e-07,-0.26475342,0.09710754
1555,600,600K_legacy,branch_uid023106_idx271_r0_random__24014e06f588,branch,271,600K_legacy/row_1555__branch_uid023106_idx271_r0_random__24014e06f588.data,130300,9ed5419100a406a67c9c7f8cc7f315eeb6272e2260e472bdb121ec0e9e806a8b,368,1.0000000216781046e-07,-0.26483728,0.09702368
1556,600,600K_legacy,branch_uid020502_idx229_r0_random__f9bab959db41,branch,229,600K_legacy/row_1556__branch_uid020502_idx229_r0_random__f9bab959db41.data,193120,67ec516eb1b809ef2ed0511d85bc83d71d0da506fc9f436744db953d1446a860,548,-6.400000027717567e-07,-0.26479456,0.0970664
1557,600,600K_legacy,cyclic_uid011100_idx98_r0_random__327abc4b3369,cyclic,98,600K_legacy/row_1557__cyclic_uid011100_idx98_r0_random__327abc4b3369.data,120322,dde68f9c33dde010c137bc67bb2be92715d7e670c75a536c1d0d739014e8ec31,342,-1.13999999942771e-06,-0.19413973,0.09706986
1558,600,600K_legacy,branch_uid020919_idx235_r3_random__627a2da679c8,branch,235,600K_legacy/row_1558__branch_uid020919_idx235_r3_random__627a2da679c8.data,223092,7aba103caa75b80c952360867d5122a223bd401bf68d6cd84236f6e191be1dc4,596,-9.8000000231524e-07,-0.26094999,0.16596342
1559,600,600K_legacy,branch_uid019763_idx217_r1_random__822407832ad0,branch,217,600K_legacy/row_1559__branch_uid019763_idx217_r1_random__822407832ad0.data,128316,9b586105ea486bef282c8b71108646f12a11f477eebd81b72aa6ac70d138d255,342,-1.4199999958663945e-06,-0.26312662,0.16378679
1560,600,600K_legacy,branch_uid022201_idx256_r2_random__e1111e0c5400,branch,256,600K_legacy/row_1560__branch_uid022201_idx256_r2_random__e1111e0c5400.data,193464,1d662c2c194d5389a5a6f6007b965f68161f39ce128a2f04573de65ed8af5b91,520,-6.099999977082771e-07,-0.2615572,0.16535621
1561,600,600K_legacy,branch_uid018649_idx199_r1_random__e267b3d08ace,branch,199,600K_legacy/row_1561__branch_uid018649_idx199_r1_random__e267b3d08ace.data,115797,cb4b4fa7229b88776f7af9f760da6a17cb8c2d9ea58cf6cc0b968ee7cfd2a29a,311,3.6000000075420147e-07,-0.26381783,0.16309558
1562,600,600K_legacy,star_uid014612_idx134_r0_random__51a8af5669a4,star,134,600K_legacy/row_1562__star_uid014612_idx134_r0_random__51a8af5669a4.data,80153,e9d5a2647da0e215d90a3283e16d90c30712fe48daeecb05cd19478694ce4de8,227,-4.899999981600178e-07,-0.26501692,0.09684404
1563,600,600K_legacy,branch_uid022176_idx256_r0_random__091339bd2963,branch,256,600K_legacy/row_1563__branch_uid022176_idx256_r0_random__091339bd2963.data,171072,f367259b068db4c41d0fbbcc74208e05d8b84399b1d9a5b68f27a0f6534c8ae3,485,-1.9500000032757203e-06,-0.2648099,0.09705106
1564,600,600K_legacy,branch_uid019200_idx208_r0_random__b42306e68595,branch,208,600K_legacy/row_1564__branch_uid019200_idx208_r0_random__b42306e68595.data,169039,061be961b32da189984cb98da9e711dab712b4b60a983010cdb93e3ac4d03282,479,3.200000034953021e-07,-0.26477738,0.09708358
1565,600,600K_legacy,branch_uid021743_idx249_r1_random__41917896eb09,branch,249,600K_legacy/row_1565__branch_uid021743_idx249_r1_random__41917896eb09.data,142025,8e6a2f83ccf28ecc469ede13f3aca04e9c64f7f1c0fe831951d62ecb1b0fa7a0,382,6.40000000662333e-07,-0.26320864,0.16370477
1566,600,600K_legacy,branch_uid021822_idx250_r1_random__5efb2e79e7c0,branch,250,600K_legacy/row_1566__branch_uid021822_idx250_r1_random__5efb2e79e7c0.data,217637,4f01939f3883a9a717d78aca5d54780a485a405c81d139b237f8aedac4eaf85f,595,5.699999952035739e-07,-0.2632582,0.16365521
1567,600,600K_legacy,branch_uid022796_idx266_r0_random__823663fedf50,branch,266,600K_legacy/row_1567__branch_uid022796_idx266_r0_random__823663fedf50.data,173227,56833a35c18763fa54cfa644531086dded81e974e3a799d36bac27e74103ca5b,491,-1.5300000008322545e-06,-0.26480713,0.09705383
1568,600,600K_legacy,branch_uid019632_idx214_r3_random__1d8fbcff0fb0,branch,214,600K_legacy/row_1568__branch_uid019632_idx214_r3_random__1d8fbcff0fb0.data,122658,0b9db1587fc4b33c71e68c16eb7a76da3f152edcf010cb611c662388f9d24617,324,3.3000000018712505e-07,-0.2609001,0.16601331
1569,600,600K_legacy,branch_uid021867_idx251_r1_random__ec7091b7fa19,branch,251,600K_legacy/row_1569__branch_uid021867_idx251_r1_random__ec7091b7fa19.data,147812,d810b86e510bd73f42aa50d3f1b85b2178fff750419a6b38388c7d6abbe536a4,398,5.499999986002813e-07,-0.26268737,0.16422604
1570,600,600K_legacy,branch_uid018782_idx201_r1_random__6f71ecf0b1b1,branch,201,600K_legacy/row_1570__branch_uid018782_idx201_r1_random__6f71ecf0b1b1.data,225916,36ed1e977dff704005faff2f51937420123a9029061516155300b74b5e2079ec,614,-1.779999999618198e-06,-0.26338468,0.16352873
1571,600,600K_legacy,branch_uid022190_idx256_r1_random__5665ab007ed6,branch,256,600K_legacy/row_1571__branch_uid022190_idx256_r1_random__5665ab007ed6.data,189965,781531056444ce2c08822712ef7cff4d08715253bcc0967e9bcf6d80c2fa521a,514,-6.999999984658167e-07,-0.26344411,0.1634693
1572,600,600K_legacy,cyclic_uid008331_idx73_r0_random__5e8749edb380,cyclic,73,600K_legacy/row_1572__cyclic_uid008331_idx73_r0_random__5e8749edb380.data,67972,b613ec5d6961dac0111592d3c9f22e8389abefa67adebe5af4921e10b01a3d6e,192,-6.399999996908878e-07,-0.19413973,0.09706986
1573,600,600K_legacy,branch_uid021122_idx239_r0_random__e7423edb0584,branch,239,600K_legacy/row_1573__branch_uid021122_idx239_r0_random__e7423edb0584.data,122971,1041b6939d95d22115b11f009d5c1ce768facae78bd0aa0f9e1a22ef481ab8b5,347,-3.500000027301109e-07,-0.26484821,0.09701275
1574,600,600K_legacy,branch_uid021680_idx248_r0_random__77eda022e313,branch,248,600K_legacy/row_1574__branch_uid021680_idx248_r0_random__77eda022e313.data,189918,05f1c810a1ec382eaf6710e8577f398b19420f67a68bc41495ad5f5e4b0eefaa,539,1.6300000030833317e-06,-0.26479985,0.09706111
1575,600,600K_legacy,branch_uid019948_idx220_r1_random__fde44e6f545f,branch,220,600K_legacy/row_1575__branch_uid019948_idx220_r1_random__fde44e6f545f.data,202855,6378fe786cc489a9e268a8e199bf5b66a63be19ff3f4594f76c358b2b024d9ed,552,-1.6600000011246507e-06,-0.26341396,0.16349945
1576,600,600K_legacy,branch_uid022498_idx261_r1_random__ba9c12e0be84,branch,261,600K_legacy/row_1576__branch_uid022498_idx261_r1_random__ba9c12e0be84.data,129349,7352e767db013d0f5bb8a1d2ce232ef68abd16d9cc6ed4cc5940f3f5907e41be,342,2.7999999882566406e-07,-0.26358232,0.16333109
1577,600,600K_legacy,cyclic_uid007721_idx67_r1_random__a883ed5c557a,cyclic,67,600K_legacy/row_1577__cyclic_uid007721_idx67_r1_random__a883ed5c557a.data,67430,48166cb020e42ad3f6aaafe5c7ed2c5d91f57da1022eea302c87f4cac0a11686,180,3.9999999978945766e-07,-0.19232977,0.16393227
1578,600,600K_legacy,branch_uid019759_idx217_r1_random__25f4f97cfa41,branch,217,600K_legacy/row_1578__branch_uid019759_idx217_r1_random__25f4f97cfa41.data,131927,4439152544160af4255d818c5ea69270da24cb97f00d8ea92d19359f5c507166,354,-6.7999999781021e-07,-0.26331392,0.16359949
1579,600,600K_legacy,branch_uid021246_idx241_r0_random__234c8cc17fc3,branch,241,600K_legacy/row_1579__branch_uid021246_idx241_r0_random__234c8cc17fc3.data,81030,0bea67efa6d91def58754b269c2f8235152141686cf1283d9b5cb73933773b9e,227,9.199999990439078e-07,-0.26490616,0.0969548
1580,600,600K_legacy,cyclic_uid007097_idx61_r0_random__602c363e9bae,cyclic,61,600K_legacy/row_1580__cyclic_uid007097_idx61_r0_random__602c363e9bae.data,42844,9d7f24f88608ba4635d1ef20aedf75c455972de4eae5169cb60b2a50a34d13d0,120,-3.9999999981721324e-07,-0.19413973,0.09706986
1581,600,600K_legacy,branch_uid018270_idx193_r0_random__13fa88c926a4,branch,193,600K_legacy/row_1581__branch_uid018270_idx193_r0_random__13fa88c926a4.data,78997,e9217e18c5bea34d987a8d7a6d042d546ebec4425cfe9da0c57ac1263fe46892,221,-4.3000000013448947e-07,-0.26490929,0.09695167
1582,600,600K_legacy,branch_uid020874_idx235_r0_random__d82bbea02796,branch,235,600K_legacy/row_1582__branch_uid020874_idx235_r0_random__d82bbea02796.data,175321,d17bcc48e20e8dfa12314fd20971d16837b5b7c9c06f154f504df25ea2e66e26,497,-2.380000000329341e-06,-0.26478924,0.09707172
1583,600,600K_legacy,comb_uid025462_idx310_r0_random__4b2ccbd11cf9,comb,310,600K_legacy/row_1583__comb_uid025462_idx310_r0_random__4b2ccbd11cf9.data,62546,36a418b0a5a5324f5f4db99923acf0debd519128274aad5ac22edee384fee7ea,176,-5.999999994066307e-08,-0.26504133,0.09681963
1584,600,600K_legacy,comb_uid025276_idx306_r0_random__34367afa6847,comb,306,600K_legacy/row_1584__comb_uid025276_idx306_r0_random__34367afa6847.data,52076,b79af1517dcf237227e7dadf73f807e56ec106a90d3c786ede6ece1fe36be6e1,146,-3.800000001052961e-07,-0.26509275,0.09676821
1585,600,600K_legacy,branch_uid021128_idx239_r1_random__29523b49d841,branch,239,600K_legacy/row_1585__branch_uid021128_idx239_r1_random__29523b49d841.data,135258,566b0f7aa3bfb45f787321bdb77480e66f856a204a1f7f674b79ab73d7e12265,363,1.7999999979423364e-06,-0.26329517,0.16361824
1586,600,600K_legacy,branch_uid017477_idx180_r1_random__27766c4a7e84,branch,180,600K_legacy/row_1586__branch_uid017477_idx180_r1_random__27766c4a7e84.data,247257,f7e210f4a4018bdc12409bedb3daa0e067947a08869914548bc371d1d7722aa7,678,1.3700000068839202e-06,-0.26355584,0.16335757
1587,600,600K_legacy,branch_uid017588_idx182_r0_random__72527912415e,branch,182,600K_legacy/row_1587__branch_uid017588_idx182_r0_random__72527912415e.data,57010,0acaff3b334856b6ea49358c52ac070a0704081254f1600380c28cb7f063fcd2,158,-3.499999997602643e-07,-0.26502206,0.0968389
1588,600,600K_legacy,branch_uid023292_idx274_r0_random__12185accf5bf,branch,274,600K_legacy/row_1588__branch_uid023292_idx274_r0_random__12185accf5bf.data,92608,5eab690aae16943ef1ca89e273b65831ac42c388f9239ca443aa6e098db2b624,260,1.0599999992477738e-06,-0.26486858,0.09699238
1589,600,600K_legacy,branch_uid018865_idx202_r2_random__aa561d128630,branch,202,600K_legacy/row_1589__branch_uid018865_idx202_r2_random__aa561d128630.data,100561,9bb9b4a94fb9419202dc053f411aeb1ed8cc7a8ee00cfb6a1a7bd75ac70b98f7,259,1.2699999985821275e-06,-0.26208804,0.16482537
1590,600,600K_legacy,comb_uid028190_idx359_r0_random__719fcad66bd0,comb,359,600K_legacy/row_1590__comb_uid028190_idx359_r0_random__719fcad66bd0.data,62546,a3dcf4a89502e5da005d82e6cb57105ddd8c3762ece019a790df6669c2327093,176,-5.999999994066307e-08,-0.26504133,0.09681963
1591,600,600K_legacy,branch_uid022396_idx259_r2_random__6bbe2519b943,branch,259,600K_legacy/row_1591__branch_uid022396_idx259_r2_random__6bbe2519b943.data,252373,88f125ee8eef618e66d5eba67134fad5d1b9acfbe3fbe1f00b5e7542badf7324,685,-2.200000110419431e-07,-0.26160672,0.16530669
1592,600,600K_legacy,branch_uid022931_idx268_r1_random__7ef019d43d19,branch,268,600K_legacy/row_1592__branch_uid022931_idx268_r1_random__7ef019d43d19.data,175014,97e5685ab98dde9ad0f6a4313644cd62649e61eb555d76bb52d6b8daeb3e1e6e,472,1.1999999998124622e-06,-0.26317696,0.16373645
1593,600,600K_legacy,star_uid014240_idx128_r0_random__00abfb33c335,star,128,600K_legacy/row_1593__star_uid014240_idx128_r0_random__00abfb33c335.data,65495,0b7decc8082bb6a076eb94b349df03cb79b4615b48ac53b1c97179f3cd0d849a,185,-8.599999995750895e-07,-0.26506819,0.09679277
1594,600,600K_legacy,branch_uid017402_idx179_r0_random__7bb13b7d0927,branch,179,600K_legacy/row_1594__branch_uid017402_idx179_r0_random__7bb13b7d0927.data,154320,e7d8212762cc6703b1784a7efca216677b9707a857731af02ded0d17639fe38f,437,-9.900000005336196e-07,-0.26480911,0.09705185
1595,600,600K_legacy,cyclic_uid009646_idx85_r0_random__2af7ececf21d,cyclic,85,600K_legacy/row_1595__cyclic_uid009646_idx85_r0_random__2af7ececf21d.data,93100,c68370f182e722993b50e174837ce80447eacdd9a66123fe96311cbefe8a0448,264,-8.799999995645624e-07,-0.19413973,0.09706986
1596,600,600K_legacy,branch_uid018952_idx204_r0_random__fb84c8d567ee,branch,204,600K_legacy/row_1596__branch_uid018952_idx204_r0_random__fb84c8d567ee.data,193120,8035e0cc7c6f1de20161138d2f0c8515f060350d8c70ded41e8e291ef5088f3b,548,-1.059999996361194e-06,-0.26478426,0.0970767
1597,600,600K_legacy,branch_uid021618_idx247_r0_random__dd2c1de3d2a0,branch,247,600K_legacy/row_1597__branch_uid021618_idx247_r0_random__dd2c1de3d2a0.data,172180,386bf9be2c9c4c7ec2bbe614b6495bac03ddb4f666f4c770070ab459b0b9d057,488,8.799999973996275e-07,-0.26480144,0.09705952
1598,600,600K_legacy,branch_uid022610_idx263_r0_random__77680b2ab9ec,branch,263,600K_legacy/row_1598__branch_uid022610_idx263_r0_random__77680b2ab9ec.data,56888,693cdeca4fb74f448809dc61f84ffbca20e6fd7f31bf09bd76c4fdb5de2b62f8,158,-3.499999997602643e-07,-0.26502206,0.0968389
1599,600,600K_legacy,branch_uid020459_idx228_r1_random__f4903541cb8a,branch,228,600K_legacy/row_1599__branch_uid020459_idx228_r1_random__f4903541cb8a.data,174012,6db17d2bc69d0cb3c0882d3fd1e04246a659c8bd8af8ea57f1ee83ad94797475,474,-7.999999568353289e-08,-0.26344594,0.16346747
1600,600,600K_legacy,branch_uid022489_idx261_r1_random__e4d6efabb1e2,branch,261,600K_legacy/row_1600__branch_uid022489_idx261_r1_random__e4d6efabb1e2.data,123801,d752cb284ff7d25b9e310b570a7cfea01650114b997a6bb1ee1d2099de421368,330,4.600000026999673e-07,-0.26323314,0.16368027
1601,600,600K_legacy,cyclic_uid007195_idx62_r0_random__cb4142c7f781,cyclic,62,600K_legacy/row_1601__cyclic_uid007195_idx62_r0_random__cb4142c7f781.data,44938,7346787a335bed6828435fd58781ac108c1be07aedf10e0c80b99c96d6bfe851,126,-4.199999998066861e-07,-0.19413973,0.09706986
1602,600,600K_legacy,cyclic_uid007296_idx63_r0_random__cd2dc59fa00f,cyclic,63,600K_legacy/row_1602__cyclic_uid007296_idx63_r0_random__cd2dc59fa00f.data,47032,d77b6c9af5bde7b7cf263940b7c998ae88834559c815210cc1a47aa111a15ccb,132,-4.39999999796159e-07,-0.19413973,0.09706986
1603,600,600K_legacy,branch_uid020254_idx225_r0_random__aafde22d8383,branch,225,600K_legacy/row_1603__branch_uid020254_idx225_r0_random__aafde22d8383.data,138676,54275ec65289d7007208d8e1f0083bd7984fd34539777fe97324f11c7bd97afe,392,1.060000000413508e-06,-0.26483445,0.09702651
1604,600,600K_legacy,branch_uid019138_idx207_r0_random__466b0c471162,branch,207,600K_legacy/row_1604__branch_uid019138_idx207_r0_random__466b0c471162.data,80969,9ab5b4c11140cd834b62b301dc26d7ae95711d649f79a676263e0be7666b677b,227,-6.799999993922778e-07,-0.2648813,0.09697966
1605,600,600K_legacy,branch_uid022560_idx262_r1_random__9f2ab67b5204,branch,262,600K_legacy/row_1605__branch_uid022560_idx262_r1_random__9f2ab67b5204.data,211186,2098a8b2345295e47d55a8f5d86378b06c2e32ccbbc026632ea15ddca1a4099f,573,-1.760000002459794e-06,-0.26318969,0.16372372
1606,600,600K_legacy,branch_uid021137_idx239_r1_random__cc536062892b,branch,239,600K_legacy/row_1606__branch_uid021137_idx239_r1_random__cc536062892b.data,137162,bcb61426e8775b6760e6cc28374b001c6b38a7a5fb6bcb06199b3908d367ef02,369,1.7699999982356829e-06,-0.26338161,0.1635318
1607,600,600K_legacy,branch_uid018841_idx202_r1_random__d30a8aaa9442,branch,202,600K_legacy/row_1607__branch_uid018841_idx202_r1_random__d30a8aaa9442.data,90583,27b38b33ad04ca987823c661de33a7f8f3f3fa9cf6ef97242349610e86c38c16,234,2.4999999895247704e-07,-0.26308836,0.16382505
1608,600,600K_legacy,branch_uid021742_idx249_r0_random__54d63e57ef5d,branch,249,600K_legacy/row_1608__branch_uid021742_idx249_r0_random__54d63e57ef5d.data,125004,f6934debf5e12ae89eab04a286450b816c5050bf5e90c9e0244746a2385ba9a7,353,-9.699999996282127e-07,-0.26483125,0.09702971
1609,600,600K_legacy,branch_uid020294_idx225_r2_random__0128c6d0bda7,branch,225,600K_legacy/row_1609__branch_uid020294_idx225_r2_random__0128c6d0bda7.data,170489,b96b45b42bc2856eca0587d667f4d85d19831a498d2e51e95d56fe4dbe0a7af1,453,9.200000005704645e-07,-0.26179677,0.16511664
1610,600,600K_legacy,branch_uid019000_idx204_r3_random__27d6d81a9eac,branch,204,600K_legacy/row_1610__branch_uid019000_idx204_r3_random__27d6d81a9eac.data,245099,d9ad8819538eaf2f35db77933ff766c16ca4e3fa29b528927a7f628f698fe817,660,-3.049999997978281e-06,-0.26047391,0.1664395
1611,600,600K_legacy,branch_uid020259_idx225_r1_random__1ac6d80ce710,branch,225,600K_legacy/row_1611__branch_uid020259_idx225_r1_random__1ac6d80ce710.data,161409,e4c448bf598488b89d994be3d82461067d1d4c8a9737c4b4ad630a273a218d67,440,1.1399999993444432e-06,-0.26372249,0.16319092
1612,600,600K_legacy,comb_uid027446_idx343_r0_random__c32b340c7dce,comb,343,600K_legacy/row_1612__comb_uid027446_idx343_r0_random__c32b340c7dce.data,47888,25175fb50d98790eb5ee46d13b8f0619cdba3c3a6fad678b32718084c64d323e,134,1.2000000013112633e-07,-0.26511976,0.0967412
1613,600,600K_legacy,branch_uid019154_idx207_r1_random__5c300544416d,branch,207,600K_legacy/row_1613__branch_uid019154_idx207_r1_random__5c300544416d.data,91764,0a52034bf2b903a1c633c7b7c4dc15a3cba3cd1ec1034b92060b7204924b852a,243,5.400000004374128e-07,-0.26323514,0.16367827
1614,600,600K_legacy,branch_uid018456_idx196_r0_random__1926a1f99698,branch,196,600K_legacy/row_1614__branch_uid018456_idx196_r0_random__1926a1f99698.data,129253,fbfaf2cae38603166d66624db92e47a33048f6a58ebcfad86d5199558c12a86b,365,6.500000000186912e-07,-0.26485744,0.09700352
1615,600,600K_legacy,branch_uid022677_idx264_r1_random__a74dce4f5afe,branch,264,600K_legacy/row_1615__branch_uid022677_idx264_r1_random__a74dce4f5afe.data,77305,6b2a8b590f09f619111b1785f187f2e6293b4d509308d5a297062cc08f227806,200,-6.799999985040994e-07,-0.26345798,0.16345543
1616,600,600K_legacy,branch_uid021595_idx246_r2_random__f76cca393353,branch,246,600K_legacy/row_1616__branch_uid021595_idx246_r2_random__f76cca393353.data,100231,8d335c23a2ee9fa4ba0fdf4fc58fc961508a8cb29f0526e924f62be5f63cc98e,259,5.400000024358143e-07,-0.26219163,0.16472178
1617,600,600K_legacy,branch_uid020468_idx228_r2_random__df371a9664a4,branch,228,600K_legacy/row_1617__branch_uid020468_idx228_r2_random__df371a9664a4.data,180189,05537196977d7d76de8d7b0d6c07c87f82c0a517ae5649a9fe2d91163bab4a09,481,-2.1299999954371707e-06,-0.26189628,0.16501713
1618,600,600K_legacy,branch_uid018224_idx192_r1_random__43d01d17491d,branch,192,600K_legacy/row_1618__branch_uid018224_idx192_r1_random__43d01d17491d.data,134859,3d54482ce8ab3f1f31beecad21ae890e335f15634e369d82727dd38f481b7b53,360,6.699999978709847e-07,-0.26347741,0.163436
1619,600,600K_legacy,branch_uid019386_idx211_r0_random__3a8a04c596eb,branch,211,600K_legacy/row_1619__branch_uid019386_idx211_r0_random__3a8a04c596eb.data,224530,07036eb31204bb7ed458193298e0266f3f3ef209c9bb821ce9bf2c8206301c2a,638,1.4999999925213725e-06,-0.26474386,0.0971171
1620,600,600K_legacy,branch_uid022982_idx269_r0_random__a34e27500c29,branch,269,600K_legacy/row_1620__branch_uid022982_idx269_r0_random__a34e27500c29.data,121863,9915dc1f936d3b5e0616e7c7a72572927fd0f56753d1c96ad5b4b4c99e09047e,344,7.200000019524921e-07,-0.26486607,0.09699489
1621,600,600K_legacy,branch_uid022745_idx265_r1_random__994dbb739664,branch,265,600K_legacy/row_1621__branch_uid022745_idx265_r1_random__994dbb739664.data,124199,9dfe53bc3cf037f6c4c31d564a8b2a9059b71c4bae5baa363ddba2c8e354e2f6,330,1.4300000008016234e-06,-0.26299737,0.16391604
1622,600,600K_legacy,branch_uid017650_idx183_r0_random__44b485408612,branch,183,600K_legacy/row_1622__branch_uid017650_idx183_r0_random__44b485408612.data,135535,fc66e5f5b8757814de2e0f705d3971e356eb35353c0509ed3f193fc361c6d6cd,383,-1.4199999982811295e-06,-0.26480514,0.09705582
1623,600,600K_legacy,branch_uid022548_idx262_r0_random__0bcbbd0edf38,branch,262,600K_legacy/row_1623__branch_uid022548_idx262_r0_random__0bcbbd0edf38.data,193120,f0b4918a4f9b9a7cb5fbe1227bbbdf758e66dd36e7a490f391e5f6ab9789afcc,548,-1.219999997775778e-06,-0.26477851,0.09708245
1624,600,600K_legacy,branch_uid018421_idx195_r2_random__d4392d923927,branch,195,600K_legacy/row_1624__branch_uid018421_idx195_r2_random__d4392d923927.data,264818,26710c6c04e0dc64593454833b67814bd6ae93e7e4b412699c62964db76b8d27,716,-2.8199999929090502e-06,-0.26185193,0.16506148
1625,600,600K_legacy,branch_uid018686_idx199_r3_random__3a3fc882d044,branch,199,600K_legacy/row_1625__branch_uid018686_idx199_r3_random__3a3fc882d044.data,131611,6447b64813e578d16c47d9ea4f576e4344b8e6ce892474542c34fb1927377e84,346,-1.439999996799557e-06,-0.26105694,0.16585647
1626,600,600K_legacy,branch_uid018208_idx192_r0_random__af9da5a4b289,branch,192,600K_legacy/row_1626__branch_uid018208_idx192_r0_random__af9da5a4b289.data,120877,8efb46b96da6865d317da74caff81791021eb309eedf06e5492fd169816a5db8,341,-1.5300000034412786e-06,-0.26480687,0.09705409
1627,600,600K_legacy,star_uid013930_idx123_r0_random__f82afbba27d8,star,123,600K_legacy/row_1627__star_uid013930_idx123_r0_random__f82afbba27d8.data,49982,b722d2e33849679d3403a2c912946227a4e5cec3aa815641fe6c9194142a3873,140,-6.999999999091067e-08,-0.26513709,0.09672387
1628,600,600K_legacy,branch_uid017716_idx184_r1_random__cb504664410d,branch,184,600K_legacy/row_1628__branch_uid017716_idx184_r1_random__cb504664410d.data,119870,e63f41ee2f1108bf94c7d59c1c317916e4cf16920c3d8a8207d75bf766a2bbce,323,1.4099999983974154e-06,-0.263345,0.16356841
1629,600,600K_legacy,branch_uid022382_idx259_r1_random__fa870eaadc09,branch,259,600K_legacy/row_1629__branch_uid022382_idx259_r1_random__fa870eaadc09.data,239121,b11bda545cbd26a030462e5dfa062a3e800d626f62bb4537a1cbc318b69885e6,654,1.499999941478869e-07,-0.26302602,0.16388739
1630,600,600K_legacy,branch_uid019144_idx207_r1_random__1ce357d684e1,branch,207,600K_legacy/row_1630__branch_uid019144_idx207_r1_random__1ce357d684e1.data,92014,f6626c54327bd481a7eca1523eb0eb8c1bbcf20b4613884adb240d42c481a985,246,5.000000261046189e-08,-0.26322178,0.16369163
1631,600,600K_legacy,branch_uid019634_idx215_r0_random__c04e3b16f511,branch,215,600K_legacy/row_1631__branch_uid019634_idx215_r0_random__c04e3b16f511.data,151240,2d989a87e86c261fc3c67028fce2c472973dd476ebd5ef2715c188bfdf5d67ae,428,1.4599999989262091e-06,-0.26482344,0.09703752
1632,600,600K_legacy,branch_uid023311_idx274_r1_random__50f3495f35e9,branch,274,600K_legacy/row_1632__branch_uid023311_idx274_r1_random__50f3495f35e9.data,100440,9bc5b0f3c70bb5bf5ae647ceae3e629a727e0e05c18b963ba0fcc7f5f5e114be,262,-9.199999982389961e-07,-0.26283605,0.16407736
1633,600,600K_legacy,branch_uid018085_idx190_r1_random__4cf5768ebc65,branch,190,600K_legacy/row_1633__branch_uid018085_idx190_r1_random__4cf5768ebc65.data,112848,5a94fa9e01efcccf9716157ebc88291bc8f387d5dfbe49a029ddfb4301044672,299,6.999999996037953e-07,-0.26322312,0.16369029
1634,600,600K_legacy,branch_uid018704_idx200_r0_random__ec2a10f82e20,branch,200,600K_legacy/row_1634__branch_uid018704_idx200_r0_random__ec2a10f82e20.data,115642,2301cd0524f5103f7bdf71010cca978fef61c8fad44efd2f34521691b309e599,326,1.3500000016486435e-06,-0.26481242,0.09704854
1635,600,600K_legacy,branch_uid023230_idx273_r0_random__c963bc1773fa,branch,273,600K_legacy/row_1635__branch_uid023230_idx273_r0_random__c963bc1773fa.data,55902,f9ceab77ea0f822011c561ecf3400ff14e667047147994c14dc3e8ad35b4019e,155,-1.7000000004929738e-07,-0.26500832,0.09685264
1636,600,600K_legacy,branch_uid021432_idx244_r0_random__e56ddec73210,branch,244,600K_legacy/row_1636__branch_uid021432_idx244_r0_random__e56ddec73210.data,94641,879fc7d38c681df6c92c736170e9e4b2e5b638edb99e7ae45e894310c3607130,266,1.3199999994162326e-06,-0.26492112,0.09693984
1637,600,600K_legacy,branch_uid021087_idx238_r2_random__1d0ecb11a47e,branch,238,600K_legacy/row_1637__branch_uid021087_idx238_r2_random__1d0ecb11a47e.data,191292,2cc446e1fe785f97dba1e60febc38b6e011bbceb3e15f95270e55d7d03cf3a52,512,-3.3000000293492704e-07,-0.26211398,0.16479943
1638,600,600K_legacy,branch_uid019601_idx214_r2_random__dc18020d653a,branch,214,600K_legacy/row_1638__branch_uid019601_idx214_r2_random__dc18020d653a.data,120406,fcf42658ad2d2f6f69a1928036db41e2e3176a546073cf3af61015028cba152c,318,2.3000000193285075e-07,-0.26250423,0.16440918
1639,600,600K_legacy,branch_uid021355_idx242_r3_random__b6b36bb1e4d3,branch,242,600K_legacy/row_1639__branch_uid021355_idx242_r3_random__b6b36bb1e4d3.data,129507,f87515282425d06abdfc87709b6cdff428c234135f95113a03d6c14f7b646b96,340,-6.600000000411832e-07,-0.26107067,0.16584274
