match_type,glob_feat0,chain_len,row_i,row_j,overlap,topology_i,topology_j,ordering_i,ordering_j
chemistry_matched_structure_variation,300.0,30,7,37,1.0,cyclic,cyclic,alternating,random
chemistry_matched_structure_variation,300.0,30,7,239,1.0,cyclic,cyclic,alternating,block
chemistry_matched_structure_variation,300.0,30,8,37,1.0,cyclic,cyclic,alternating,random
chemistry_matched_structure_variation,300.0,30,8,239,1.0,cyclic,cyclic,alternating,block
chemistry_matched_structure_variation,300.0,30,9,1018,0.9666666388511658,star,star,random,block
chemistry_matched_structure_variation,300.0,30,14,903,0.9666666984558105,star,star,alternating,random
chemistry_matched_structure_variation,300.0,30,15,236,0.9666666388511658,branch,branch,alternating,block
chemistry_matched_structure_variation,300.0,30,16,33,0.9666666388511658,star,star,random,alternating
chemistry_matched_structure_variation,300.0,30,19,330,1.0,cyclic,cyclic,alternating,random
chemistry_matched_structure_variation,300.0,30,19,453,1.0,cyclic,cyclic,alternating,block
chemistry_matched_structure_variation,300.0,30,19,609,1.0,cyclic,cyclic,alternating,block
chemistry_matched_structure_variation,300.0,30,19,633,1.0,cyclic,cyclic,alternating,random
chemistry_matched_structure_variation,300.0,30,19,764,1.0,cyclic,cyclic,alternating,block
chemistry_matched_structure_variation,300.0,30,24,567,1.0,cyclic,cyclic,alternating,block
chemistry_matched_structure_variation,300.0,30,30,227,1.0,linear,linear,alternating,block
chemistry_matched_structure_variation,300.0,30,30,973,1.0,linear,linear,alternating,random
chemistry_matched_structure_variation,300.0,30,31,51,1.0,linear,linear,alternating,block
chemistry_matched_structure_variation,300.0,30,31,637,1.0,linear,linear,alternating,random
chemistry_matched_structure_variation,300.0,30,31,760,1.0,linear,linear,alternating,random
chemistry_matched_structure_variation,300.0,30,35,66,1.0,star,star,block,alternating
chemistry_matched_structure_variation,300.0,30,35,164,0.9666666984558105,star,star,block,random
chemistry_matched_structure_variation,300.0,30,37,239,1.0,cyclic,cyclic,random,block
chemistry_matched_structure_variation,300.0,30,39,178,1.0,linear,linear,random,alternating
chemistry_matched_structure_variation,300.0,30,40,77,0.9666666388511658,star,star,random,block
chemistry_matched_structure_variation,300.0,30,51,637,1.0,linear,linear,block,random
chemistry_matched_structure_variation,300.0,30,51,760,1.0,linear,linear,block,random
chemistry_matched_structure_variation,300.0,30,53,652,0.9666666388511658,branch,branch,alternating,random
chemistry_matched_structure_variation,300.0,30,64,662,1.0,branch,branch,block,alternating
chemistry_matched_structure_variation,300.0,30,64,768,0.9666666388511658,branch,branch,block,random
chemistry_matched_structure_variation,300.0,30,66,164,0.9666666984558105,star,star,alternating,random
chemistry_matched_structure_variation,300.0,30,66,1025,0.9666666388511658,star,star,alternating,block
chemistry_matched_structure_variation,300.0,30,86,932,1.0,star,star,block,alternating
chemistry_matched_structure_variation,300.0,30,94,332,1.0,cyclic,cyclic,block,random
chemistry_matched_structure_variation,300.0,30,103,354,0.9666666388511658,branch,branch,random,alternating
chemistry_matched_structure_variation,300.0,30,122,190,1.0,cyclic,cyclic,random,alternating
chemistry_matched_structure_variation,300.0,30,122,289,1.0,cyclic,cyclic,random,block
chemistry_matched_structure_variation,300.0,30,122,362,1.0,cyclic,cyclic,random,block
chemistry_matched_structure_variation,300.0,30,122,588,1.0,cyclic,cyclic,random,block
chemistry_matched_structure_variation,300.0,30,142,216,1.0,linear,linear,alternating,random
chemistry_matched_structure_variation,300.0,30,148,332,1.0,cyclic,cyclic,block,random
chemistry_matched_structure_variation,300.0,30,167,397,0.9666666388511658,star,star,random,alternating
chemistry_matched_structure_variation,300.0,30,167,548,0.9666666388511658,star,star,random,alternating
chemistry_matched_structure_variation,300.0,30,181,190,1.0,cyclic,cyclic,random,alternating
chemistry_matched_structure_variation,300.0,30,181,289,1.0,cyclic,cyclic,random,block
chemistry_matched_structure_variation,300.0,30,181,362,1.0,cyclic,cyclic,random,block
chemistry_matched_structure_variation,300.0,30,181,588,1.0,cyclic,cyclic,random,block
chemistry_matched_structure_variation,300.0,30,190,230,1.0,cyclic,cyclic,alternating,random
chemistry_matched_structure_variation,300.0,30,190,289,1.0,cyclic,cyclic,alternating,block
chemistry_matched_structure_variation,300.0,30,190,362,1.0,cyclic,cyclic,alternating,block
chemistry_matched_structure_variation,300.0,30,190,588,1.0,cyclic,cyclic,alternating,block
chemistry_matched_structure_variation,300.0,30,209,669,0.9666666388511658,star,star,random,alternating
chemistry_matched_structure_variation,300.0,30,209,832,0.9666666388511658,star,star,random,alternating
chemistry_matched_structure_variation,300.0,30,209,1047,0.9666666388511658,star,star,random,block
chemistry_matched_structure_variation,300.0,30,227,691,1.0,linear,linear,block,alternating
chemistry_matched_structure_variation,300.0,30,227,973,1.0,linear,linear,block,random
chemistry_matched_structure_variation,300.0,30,230,289,1.0,cyclic,cyclic,random,block
chemistry_matched_structure_variation,300.0,30,230,362,1.0,cyclic,cyclic,random,block
chemistry_matched_structure_variation,300.0,30,230,588,1.0,cyclic,cyclic,random,block
chemistry_matched_structure_variation,300.0,30,233,798,1.0,linear,linear,random,block
chemistry_matched_structure_variation,300.0,30,237,247,0.9666666388511658,branch,branch,block,alternating
chemistry_matched_structure_variation,300.0,30,237,342,0.9666666388511658,branch,branch,block,alternating
chemistry_matched_structure_variation,300.0,30,237,750,0.9666666388511658,branch,branch,block,random
chemistry_matched_structure_variation,300.0,30,247,750,0.9666666388511658,branch,branch,alternating,random
chemistry_matched_structure_variation,300.0,30,251,825,1.0,cyclic,cyclic,block,alternating
chemistry_matched_structure_variation,300.0,30,251,930,1.0,cyclic,cyclic,block,alternating
chemistry_matched_structure_variation,300.0,30,312,789,0.9666666388511658,star,star,alternating,random
chemistry_matched_structure_variation,300.0,30,314,888,0.9666666984558105,star,star,alternating,random
chemistry_matched_structure_variation,300.0,30,330,453,1.0,cyclic,cyclic,random,block
chemistry_matched_structure_variation,300.0,30,330,609,1.0,cyclic,cyclic,random,block
chemistry_matched_structure_variation,300.0,30,330,764,1.0,cyclic,cyclic,random,block
chemistry_matched_structure_variation,300.0,30,336,768,0.9666666984558105,branch,branch,alternating,random
chemistry_matched_structure_variation,300.0,30,342,750,1.0,branch,branch,alternating,random
chemistry_matched_structure_variation,300.0,30,347,850,1.0,linear,linear,alternating,block
chemistry_matched_structure_variation,300.0,30,407,1016,0.9666666388511658,branch,branch,random,block
chemistry_matched_structure_variation,300.0,30,453,633,1.0,cyclic,cyclic,block,random
chemistry_matched_structure_variation,300.0,30,504,521,1.0,linear,linear,block,random
chemistry_matched_structure_variation,300.0,30,609,633,1.0,cyclic,cyclic,block,random
chemistry_matched_structure_variation,300.0,30,633,764,1.0,cyclic,cyclic,random,block
chemistry_matched_structure_variation,300.0,30,643,846,1.0,star,star,random,block
chemistry_matched_structure_variation,300.0,30,662,768,0.9666666388511658,branch,branch,alternating,random
chemistry_matched_structure_variation,300.0,30,669,1047,0.9666666388511658,star,star,alternating,block
chemistry_matched_structure_variation,300.0,30,669,1059,1.0,star,star,alternating,random
chemistry_matched_structure_variation,300.0,30,691,973,1.0,linear,linear,alternating,random
chemistry_matched_structure_variation,300.0,30,832,1047,1.0,star,star,alternating,block
chemistry_matched_structure_variation,300.0,30,832,1059,0.9666666388511658,star,star,alternating,random
chemistry_matched_structure_variation,300.0,30,846,913,0.9666666388511658,star,star,block,random
chemistry_matched_structure_variation,300.0,30,1041,1058,1.0,linear,linear,block,random
chemistry_matched_structure_variation,300.0,30,1047,1059,0.9666666388511658,star,star,block,random
chemistry_matched_structure_variation,300.0,40,2,698,0.949999988079071,star,linear,block,block
chemistry_matched_structure_variation,300.0,40,2,882,0.9750000238418579,star,star,block,alternating
chemistry_matched_structure_variation,300.0,40,6,34,0.949999988079071,cyclic,linear,alternating,alternating
chemistry_matched_structure_variation,300.0,40,6,124,1.0,cyclic,cyclic,alternating,block
chemistry_matched_structure_variation,300.0,40,6,210,0.949999988079071,cyclic,linear,alternating,alternating
chemistry_matched_structure_variation,300.0,40,6,268,0.949999988079071,cyclic,linear,alternating,alternating
chemistry_matched_structure_variation,300.0,40,6,290,1.0,cyclic,cyclic,alternating,random
chemistry_matched_structure_variation,300.0,40,6,363,0.949999988079071,cyclic,linear,alternating,random
chemistry_matched_structure_variation,300.0,40,6,481,1.0,cyclic,cyclic,alternating,random
chemistry_matched_structure_variation,300.0,40,6,493,1.0,cyclic,cyclic,alternating,block
chemistry_matched_structure_variation,300.0,40,6,502,0.949999988079071,cyclic,linear,alternating,block
chemistry_matched_structure_variation,300.0,40,6,809,0.949999988079071,cyclic,linear,alternating,random
chemistry_matched_structure_variation,300.0,40,34,54,0.949999988079071,linear,cyclic,alternating,alternating
chemistry_matched_structure_variation,300.0,40,34,124,0.949999988079071,linear,cyclic,alternating,block
chemistry_matched_structure_variation,300.0,40,34,151,0.949999988079071,linear,star,alternating,random
chemistry_matched_structure_variation,300.0,40,34,290,0.949999988079071,linear,cyclic,alternating,random
chemistry_matched_structure_variation,300.0,40,34,293,0.949999988079071,linear,star,alternating,random
chemistry_matched_structure_variation,300.0,40,34,363,0.949999988079071,linear,linear,alternating,random
chemistry_matched_structure_variation,300.0,40,34,481,0.949999988079071,linear,cyclic,alternating,random
chemistry_matched_structure_variation,300.0,40,34,493,0.949999988079071,linear,cyclic,alternating,block
chemistry_matched_structure_variation,300.0,40,34,502,0.949999988079071,linear,linear,alternating,block
chemistry_matched_structure_variation,300.0,40,34,809,0.949999988079071,linear,linear,alternating,random
chemistry_matched_structure_variation,300.0,40,36,52,1.0,linear,linear,alternating,random
chemistry_matched_structure_variation,300.0,40,36,85,0.949999988079071,linear,cyclic,alternating,alternating
chemistry_matched_structure_variation,300.0,40,36,165,0.949999988079071,linear,cyclic,alternating,alternating
chemistry_matched_structure_variation,300.0,40,36,249,0.949999988079071,linear,cyclic,alternating,random
chemistry_matched_structure_variation,300.0,40,36,295,0.949999988079071,linear,star,alternating,alternating
chemistry_matched_structure_variation,300.0,40,36,344,1.0,linear,linear,alternating,random
chemistry_matched_structure_variation,300.0,40,36,376,0.949999988079071,linear,linear,alternating,block
chemistry_matched_structure_variation,300.0,40,36,442,0.949999988079071,linear,cyclic,alternating,block
chemistry_matched_structure_variation,300.0,40,36,458,0.949999988079071,linear,cyclic,alternating,random
chemistry_matched_structure_variation,300.0,40,36,574,0.949999988079071,linear,cyclic,alternating,random
chemistry_matched_structure_variation,300.0,40,36,670,0.949999988079071,linear,cyclic,alternating,block
chemistry_matched_structure_variation,300.0,40,36,712,1.0,linear,linear,alternating,block
chemistry_matched_structure_variation,300.0,40,36,757,0.949999988079071,linear,star,alternating,block
chemistry_matched_structure_variation,300.0,40,52,85,0.949999988079071,linear,cyclic,random,alternating
chemistry_matched_structure_variation,300.0,40,52,156,0.949999988079071,linear,linear,random,alternating
chemistry_matched_structure_variation,300.0,40,52,165,0.949999988079071,linear,cyclic,random,alternating
chemistry_matched_structure_variation,300.0,40,52,249,0.949999988079071,linear,cyclic,random,random
chemistry_matched_structure_variation,300.0,40,52,295,0.949999988079071,linear,star,random,alternating
chemistry_matched_structure_variation,300.0,40,52,376,0.949999988079071,linear,linear,random,block
chemistry_matched_structure_variation,300.0,40,52,442,0.949999988079071,linear,cyclic,random,block
chemistry_matched_structure_variation,300.0,40,52,458,0.949999988079071,linear,cyclic,random,random
chemistry_matched_structure_variation,300.0,40,52,574,0.949999988079071,linear,cyclic,random,random
chemistry_matched_structure_variation,300.0,40,52,670,0.949999988079071,linear,cyclic,random,block
chemistry_matched_structure_variation,300.0,40,52,712,1.0,linear,linear,random,block
chemistry_matched_structure_variation,300.0,40,52,757,0.949999988079071,linear,star,random,block
chemistry_matched_structure_variation,300.0,40,54,124,1.0,cyclic,cyclic,alternating,block
chemistry_matched_structure_variation,300.0,40,54,210,0.949999988079071,cyclic,linear,alternating,alternating
chemistry_matched_structure_variation,300.0,40,54,268,0.949999988079071,cyclic,linear,alternating,alternating
chemistry_matched_structure_variation,300.0,40,54,290,1.0,cyclic,cyclic,alternating,random
chemistry_matched_structure_variation,300.0,40,54,363,0.949999988079071,cyclic,linear,alternating,random
chemistry_matched_structure_variation,300.0,40,54,481,1.0,cyclic,cyclic,alternating,random
chemistry_matched_structure_variation,300.0,40,54,493,1.0,cyclic,cyclic,alternating,block
chemistry_matched_structure_variation,300.0,40,54,502,0.949999988079071,cyclic,linear,alternating,block
chemistry_matched_structure_variation,300.0,40,54,809,0.949999988079071,cyclic,linear,alternating,random
chemistry_matched_structure_variation,300.0,40,80,173,1.0,cyclic,cyclic,random,alternating
chemistry_matched_structure_variation,300.0,40,80,223,0.949999988079071,cyclic,linear,random,alternating
chemistry_matched_structure_variation,300.0,40,80,449,1.0,cyclic,cyclic,random,alternating
chemistry_matched_structure_variation,300.0,40,82,278,0.949999988079071,cyclic,linear,random,random
chemistry_matched_structure_variation,300.0,40,82,511,1.0,cyclic,cyclic,random,block
chemistry_matched_structure_variation,300.0,40,82,579,1.0,cyclic,cyclic,random,alternating
chemistry_matched_structure_variation,300.0,40,82,591,1.0,cyclic,cyclic,random,alternating
chemistry_matched_structure_variation,300.0,40,82,931,0.949999988079071,cyclic,linear,random,block
chemistry_matched_structure_variation,300.0,40,82,1060,0.949999988079071,cyclic,linear,random,alternating
chemistry_matched_structure_variation,300.0,40,85,156,0.949999988079071,cyclic,linear,alternating,alternating
chemistry_matched_structure_variation,300.0,40,85,249,1.0,cyclic,cyclic,alternating,random
chemistry_matched_structure_variation,300.0,40,85,344,0.949999988079071,cyclic,linear,alternating,random
chemistry_matched_structure_variation,300.0,40,85,376,0.949999988079071,cyclic,linear,alternating,block
chemistry_matched_structure_variation,300.0,40,85,442,0.949999988079071,cyclic,cyclic,alternating,block
chemistry_matched_structure_variation,300.0,40,85,458,1.0,cyclic,cyclic,alternating,random
chemistry_matched_structure_variation,300.0,40,85,574,1.0,cyclic,cyclic,alternating,random
chemistry_matched_structure_variation,300.0,40,85,670,1.0,cyclic,cyclic,alternating,block
chemistry_matched_structure_variation,300.0,40,85,712,0.949999988079071,cyclic,linear,alternating,block
chemistry_matched_structure_variation,300.0,40,117,1011,0.949999988079071,star,linear,random,block
chemistry_matched_structure_variation,300.0,40,124,210,0.949999988079071,cyclic,linear,block,alternating
chemistry_matched_structure_variation,300.0,40,124,268,0.949999988079071,cyclic,linear,block,alternating
chemistry_matched_structure_variation,300.0,40,124,290,1.0,cyclic,cyclic,block,random
chemistry_matched_structure_variation,300.0,40,124,363,0.949999988079071,cyclic,linear,block,random
chemistry_matched_structure_variation,300.0,40,124,481,1.0,cyclic,cyclic,block,random
chemistry_matched_structure_variation,300.0,40,124,502,0.949999988079071,cyclic,linear,block,block
chemistry_matched_structure_variation,300.0,40,124,809,0.949999988079071,cyclic,linear,block,random
chemistry_matched_structure_variation,300.0,40,128,226,0.949999988079071,linear,cyclic,random,random
chemistry_matched_structure_variation,300.0,40,128,243,0.949999988079071,linear,linear,random,alternating
chemistry_matched_structure_variation,300.0,40,128,385,0.949999988079071,linear,cyclic,random,random
chemistry_matched_structure_variation,300.0,40,128,468,0.949999988079071,linear,cyclic,random,block
chemistry_matched_structure_variation,300.0,40,128,533,0.949999988079071,linear,linear,random,alternating
chemistry_matched_structure_variation,300.0,40,128,560,0.949999988079071,linear,linear,random,alternating
chemistry_matched_structure_variation,300.0,40,128,716,0.949999988079071,linear,cyclic,random,alternating
chemistry_matched_structure_variation,300.0,40,128,720,0.949999988079071,linear,cyclic,random,random
chemistry_matched_structure_variation,300.0,40,128,743,0.949999988079071,linear,linear,random,block
chemistry_matched_structure_variation,300.0,40,128,778,0.949999988079071,linear,cyclic,random,block
chemistry_matched_structure_variation,300.0,40,128,780,0.949999988079071,linear,cyclic,random,random
chemistry_matched_structure_variation,300.0,40,128,807,0.949999988079071,linear,cyclic,random,alternating
chemistry_matched_structure_variation,300.0,40,128,926,1.0,linear,linear,random,alternating
chemistry_matched_structure_variation,300.0,40,128,952,0.949999988079071,linear,star,random,alternating
chemistry_matched_structure_variation,300.0,40,145,180,0.949999988079071,cyclic,linear,block,random
chemistry_matched_structure_variation,300.0,40,145,258,1.0,cyclic,cyclic,block,random
chemistry_matched_structure_variation,300.0,40,145,767,0.949999988079071,cyclic,linear,block,block
chemistry_matched_structure_variation,300.0,40,145,781,1.0,cyclic,cyclic,block,alternating
chemistry_matched_structure_variation,300.0,40,145,1012,1.0,cyclic,cyclic,block,alternating
chemistry_matched_structure_variation,300.0,40,145,1057,1.0,cyclic,cyclic,block,random
chemistry_matched_structure_variation,300.0,40,145,1064,0.949999988079071,cyclic,linear,block,alternating
chemistry_matched_structure_variation,300.0,40,151,268,0.949999988079071,star,linear,random,alternating
chemistry_matched_structure_variation,300.0,40,156,165,0.949999988079071,linear,cyclic,alternating,alternating
chemistry_matched_structure_variation,300.0,40,156,249,0.949999988079071,linear,cyclic,alternating,random
chemistry_matched_structure_variation,300.0,40,156,344,0.949999988079071,linear,linear,alternating,random
chemistry_matched_structure_variation,300.0,40,156,376,0.949999988079071,linear,linear,alternating,block
chemistry_matched_structure_variation,300.0,40,156,442,0.949999988079071,linear,cyclic,alternating,block
chemistry_matched_structure_variation,300.0,40,156,458,0.949999988079071,linear,cyclic,alternating,random
chemistry_matched_structure_variation,300.0,40,156,574,0.949999988079071,linear,cyclic,alternating,random
chemistry_matched_structure_variation,300.0,40,156,670,0.949999988079071,linear,cyclic,alternating,block
chemistry_matched_structure_variation,300.0,40,156,712,0.949999988079071,linear,linear,alternating,block
chemistry_matched_structure_variation,300.0,40,158,299,0.949999988079071,star,star,block,alternating
chemistry_matched_structure_variation,300.0,40,165,249,1.0,cyclic,cyclic,alternating,random
chemistry_matched_structure_variation,300.0,40,165,344,0.949999988079071,cyclic,linear,alternating,random
chemistry_matched_structure_variation,300.0,40,165,376,0.949999988079071,cyclic,linear,alternating,block
chemistry_matched_structure_variation,300.0,40,165,442,0.949999988079071,cyclic,cyclic,alternating,block
chemistry_matched_structure_variation,300.0,40,165,458,1.0,cyclic,cyclic,alternating,random
chemistry_matched_structure_variation,300.0,40,165,574,1.0,cyclic,cyclic,alternating,random
chemistry_matched_structure_variation,300.0,40,165,670,1.0,cyclic,cyclic,alternating,block
chemistry_matched_structure_variation,300.0,40,165,712,0.949999988079071,cyclic,linear,alternating,block
chemistry_matched_structure_variation,300.0,40,166,491,0.949999988079071,star,star,alternating,block
chemistry_matched_structure_variation,300.0,40,166,665,0.949999988079071,star,star,alternating,block
chemistry_matched_structure_variation,300.0,40,173,223,0.949999988079071,cyclic,linear,alternating,alternating
chemistry_matched_structure_variation,300.0,40,180,258,0.949999988079071,linear,cyclic,random,random
chemistry_matched_structure_variation,300.0,40,180,767,0.949999988079071,linear,linear,random,block
chemistry_matched_structure_variation,300.0,40,180,781,0.949999988079071,linear,cyclic,random,alternating
chemistry_matched_structure_variation,300.0,40,180,889,0.949999988079071,linear,cyclic,random,block
chemistry_matched_structure_variation,300.0,40,180,1012,0.949999988079071,linear,cyclic,random,alternating
chemistry_matched_structure_variation,300.0,40,180,1057,0.949999988079071,linear,cyclic,random,random
chemistry_matched_structure_variation,300.0,40,180,1064,0.949999988079071,linear,linear,random,alternating
chemistry_matched_structure_variation,300.0,40,191,460,1.0,cyclic,cyclic,alternating,block
chemistry_matched_structure_variation,300.0,40,191,695,1.0,cyclic,cyclic,alternating,random
chemistry_matched_structure_variation,300.0,40,191,983,1.0,cyclic,cyclic,alternating,block
chemistry_matched_structure_variation,300.0,40,197,426,1.0,linear,linear,random,alternating
chemistry_matched_structure_variation,300.0,40,197,525,0.949999988079071,linear,linear,random,block
chemistry_matched_structure_variation,300.0,40,197,592,1.0,linear,linear,random,alternating
chemistry_matched_structure_variation,300.0,40,197,1087,0.949999988079071,linear,star,random,block
chemistry_matched_structure_variation,300.0,40,210,290,0.949999988079071,linear,cyclic,alternating,random
chemistry_matched_structure_variation,300.0,40,210,363,0.949999988079071,linear,linear,alternating,random
chemistry_matched_structure_variation,300.0,40,210,481,0.949999988079071,linear,cyclic,alternating,random
chemistry_matched_structure_variation,300.0,40,210,493,0.949999988079071,linear,cyclic,alternating,block
chemistry_matched_structure_variation,300.0,40,210,502,0.949999988079071,linear,linear,alternating,block
chemistry_matched_structure_variation,300.0,40,210,809,0.949999988079071,linear,linear,alternating,random
chemistry_matched_structure_variation,300.0,40,213,882,0.949999988079071,star,star,block,alternating
chemistry_matched_structure_variation,300.0,40,215,698,0.949999988079071,star,linear,block,block
chemistry_matched_structure_variation,300.0,40,215,882,0.9750000238418579,star,star,block,alternating
chemistry_matched_structure_variation,300.0,40,223,449,0.949999988079071,linear,cyclic,alternating,alternating
chemistry_matched_structure_variation,300.0,40,226,243,0.949999988079071,cyclic,linear,random,alternating
chemistry_matched_structure_variation,300.0,40,226,364,0.949999988079071,cyclic,linear,random,random
chemistry_matched_structure_variation,300.0,40,226,468,1.0,cyclic,cyclic,random,block
chemistry_matched_structure_variation,300.0,40,226,533,0.949999988079071,cyclic,linear,random,alternating
chemistry_matched_structure_variation,300.0,40,226,560,0.949999988079071,cyclic,linear,random,alternating
chemistry_matched_structure_variation,300.0,40,226,716,1.0,cyclic,cyclic,random,alternating
chemistry_matched_structure_variation,300.0,40,226,743,0.949999988079071,cyclic,linear,random,block
chemistry_matched_structure_variation,300.0,40,226,778,1.0,cyclic,cyclic,random,block
chemistry_matched_structure_variation,300.0,40,226,807,1.0,cyclic,cyclic,random,alternating
chemistry_matched_structure_variation,300.0,40,226,926,0.949999988079071,cyclic,linear,random,alternating
chemistry_matched_structure_variation,300.0,40,243,364,1.0,linear,linear,alternating,random
chemistry_matched_structure_variation,300.0,40,243,385,0.949999988079071,linear,cyclic,alternating,random
chemistry_matched_structure_variation,300.0,40,243,468,0.949999988079071,linear,cyclic,alternating,block
chemistry_matched_structure_variation,300.0,40,243,716,0.949999988079071,linear,cyclic,alternating,alternating
chemistry_matched_structure_variation,300.0,40,243,720,0.949999988079071,linear,cyclic,alternating,random
chemistry_matched_structure_variation,300.0,40,243,743,0.949999988079071,linear,linear,alternating,block
chemistry_matched_structure_variation,300.0,40,243,778,0.949999988079071,linear,cyclic,alternating,block
chemistry_matched_structure_variation,300.0,40,243,780,0.949999988079071,linear,cyclic,alternating,random
chemistry_matched_structure_variation,300.0,40,243,807,0.949999988079071,linear,cyclic,alternating,alternating
chemistry_matched_structure_variation,300.0,40,249,344,0.949999988079071,cyclic,linear,random,random
chemistry_matched_structure_variation,300.0,40,249,376,0.949999988079071,cyclic,linear,random,block
chemistry_matched_structure_variation,300.0,40,249,442,0.949999988079071,cyclic,cyclic,random,block
chemistry_matched_structure_variation,300.0,40,249,670,1.0,cyclic,cyclic,random,block
chemistry_matched_structure_variation,300.0,40,249,712,0.949999988079071,cyclic,linear,random,block
chemistry_matched_structure_variation,300.0,40,258,767,0.949999988079071,cyclic,linear,random,block
chemistry_matched_structure_variation,300.0,40,258,781,1.0,cyclic,cyclic,random,alternating
chemistry_matched_structure_variation,300.0,40,258,889,1.0,cyclic,cyclic,random,block
chemistry_matched_structure_variation,300.0,40,258,1012,1.0,cyclic,cyclic,random,alternating
chemistry_matched_structure_variation,300.0,40,258,1064,0.949999988079071,cyclic,linear,random,alternating
chemistry_matched_structure_variation,300.0,40,266,745,0.949999988079071,star,star,block,alternating
chemistry_matched_structure_variation,300.0,40,268,290,0.949999988079071,linear,cyclic,alternating,random
chemistry_matched_structure_variation,300.0,40,268,293,0.949999988079071,linear,star,alternating,random
chemistry_matched_structure_variation,300.0,40,268,363,0.949999988079071,linear,linear,alternating,random
chemistry_matched_structure_variation,300.0,40,268,481,0.949999988079071,linear,cyclic,alternating,random
chemistry_matched_structure_variation,300.0,40,268,493,0.949999988079071,linear,cyclic,alternating,block
chemistry_matched_structure_variation,300.0,40,268,502,0.949999988079071,linear,linear,alternating,block
chemistry_matched_structure_variation,300.0,40,268,809,0.949999988079071,linear,linear,alternating,random
chemistry_matched_structure_variation,300.0,40,278,511,0.949999988079071,linear,cyclic,random,block
chemistry_matched_structure_variation,300.0,40,278,520,0.949999988079071,linear,cyclic,random,random
chemistry_matched_structure_variation,300.0,40,278,579,0.949999988079071,linear,cyclic,random,alternating
chemistry_matched_structure_variation,300.0,40,278,591,0.949999988079071,linear,cyclic,random,alternating
chemistry_matched_structure_variation,300.0,40,278,766,0.949999988079071,linear,cyclic,random,random
chemistry_matched_structure_variation,300.0,40,278,931,0.949999988079071,linear,linear,random,block
chemistry_matched_structure_variation,300.0,40,278,1060,0.949999988079071,linear,linear,random,alternating
chemistry_matched_structure_variation,300.0,40,284,306,0.9750000238418579,star,star,block,alternating
chemistry_matched_structure_variation,300.0,40,284,687,0.949999988079071,star,star,block,alternating
chemistry_matched_structure_variation,300.0,40,290,363,0.949999988079071,cyclic,linear,random,random
chemistry_matched_structure_variation,300.0,40,290,493,1.0,cyclic,cyclic,random,block
chemistry_matched_structure_variation,300.0,40,290,502,0.949999988079071,cyclic,linear,random,block
chemistry_matched_structure_variation,300.0,40,290,809,0.949999988079071,cyclic,linear,random,random
chemistry_matched_structure_variation,300.0,40,295,344,0.949999988079071,star,linear,alternating,random
chemistry_matched_structure_variation,300.0,40,295,607,0.949999988079071,star,star,alternating,block
chemistry_matched_structure_variation,300.0,40,295,712,0.949999988079071,star,linear,alternating,block
chemistry_matched_structure_variation,300.0,40,295,757,0.9750000238418579,star,star,alternating,block
chemistry_matched_structure_variation,300.0,40,295,811,0.949999988079071,star,star,alternating,random
chemistry_matched_structure_variation,300.0,40,299,957,0.9750000238418579,star,star,alternating,block
chemistry_matched_structure_variation,300.0,40,320,818,0.9750000238418579,star,star,block,alternating
chemistry_matched_structure_variation,300.0,40,328,545,1.0,star,star,alternating,random
chemistry_matched_structure_variation,300.0,40,337,455,1.0,star,star,block,random
chemistry_matched_structure_variation,300.0,40,337,560,0.949999988079071,star,linear,block,alternating
chemistry_matched_structure_variation,300.0,40,339,404,0.949999988079071,star,star,block,random
chemistry_matched_structure_variation,300.0,40,344,376,0.949999988079071,linear,linear,random,block
chemistry_matched_structure_variation,300.0,40,344,442,0.949999988079071,linear,cyclic,random,block
chemistry_matched_structure_variation,300.0,40,344,458,0.949999988079071,linear,cyclic,random,random
chemistry_matched_structure_variation,300.0,40,344,574,0.949999988079071,linear,cyclic,random,random
chemistry_matched_structure_variation,300.0,40,344,670,0.949999988079071,linear,cyclic,random,block
chemistry_matched_structure_variation,300.0,40,344,712,1.0,linear,linear,random,block
chemistry_matched_structure_variation,300.0,40,344,757,0.949999988079071,linear,star,random,block
chemistry_matched_structure_variation,300.0,40,363,481,0.949999988079071,linear,cyclic,random,random
chemistry_matched_structure_variation,300.0,40,363,493,0.949999988079071,linear,cyclic,random,block
chemistry_matched_structure_variation,300.0,40,363,502,1.0,linear,linear,random,block
chemistry_matched_structure_variation,300.0,40,364,385,0.949999988079071,linear,cyclic,random,random
chemistry_matched_structure_variation,300.0,40,364,468,0.949999988079071,linear,cyclic,random,block
chemistry_matched_structure_variation,300.0,40,364,533,1.0,linear,linear,random,alternating
chemistry_matched_structure_variation,300.0,40,364,560,0.949999988079071,linear,linear,random,alternating
chemistry_matched_structure_variation,300.0,40,364,716,0.949999988079071,linear,cyclic,random,alternating
chemistry_matched_structure_variation,300.0,40,364,720,0.949999988079071,linear,cyclic,random,random
chemistry_matched_structure_variation,300.0,40,364,743,0.949999988079071,linear,linear,random,block
chemistry_matched_structure_variation,300.0,40,364,778,0.949999988079071,linear,cyclic,random,block
chemistry_matched_structure_variation,300.0,40,364,780,0.949999988079071,linear,cyclic,random,random
chemistry_matched_structure_variation,300.0,40,364,807,0.949999988079071,linear,cyclic,random,alternating
chemistry_matched_structure_variation,300.0,40,364,926,0.949999988079071,linear,linear,random,alternating
chemistry_matched_structure_variation,300.0,40,376,442,0.949999988079071,linear,cyclic,block,block
chemistry_matched_structure_variation,300.0,40,376,458,0.949999988079071,linear,cyclic,block,random
chemistry_matched_structure_variation,300.0,40,376,574,0.949999988079071,linear,cyclic,block,random
chemistry_matched_structure_variation,300.0,40,376,670,0.949999988079071,linear,cyclic,block,block
chemistry_matched_structure_variation,300.0,40,385,468,1.0,cyclic,cyclic,random,block
chemistry_matched_structure_variation,300.0,40,385,533,0.949999988079071,cyclic,linear,random,alternating
chemistry_matched_structure_variation,300.0,40,385,560,0.949999988079071,cyclic,linear,random,alternating
chemistry_matched_structure_variation,300.0,40,385,716,1.0,cyclic,cyclic,random,alternating
chemistry_matched_structure_variation,300.0,40,385,743,0.949999988079071,cyclic,linear,random,block
chemistry_matched_structure_variation,300.0,40,385,778,1.0,cyclic,cyclic,random,block
chemistry_matched_structure_variation,300.0,40,385,807,1.0,cyclic,cyclic,random,alternating
chemistry_matched_structure_variation,300.0,40,385,926,0.949999988079071,cyclic,linear,random,alternating
chemistry_matched_structure_variation,300.0,40,404,525,0.949999988079071,star,linear,random,block
chemistry_matched_structure_variation,300.0,40,404,649,0.949999988079071,star,star,random,block
chemistry_matched_structure_variation,300.0,40,426,525,0.949999988079071,linear,linear,alternating,block
chemistry_matched_structure_variation,300.0,40,426,1087,0.949999988079071,linear,star,alternating,block
chemistry_matched_structure_variation,300.0,40,442,458,0.949999988079071,cyclic,cyclic,block,random
chemistry_matched_structure_variation,300.0,40,442,574,0.949999988079071,cyclic,cyclic,block,random
chemistry_matched_structure_variation,300.0,40,442,712,0.949999988079071,cyclic,linear,block,block
chemistry_matched_structure_variation,300.0,40,448,491,0.949999988079071,linear,star,block,block
chemistry_matched_structure_variation,300.0,40,448,665,0.949999988079071,linear,star,block,block
chemistry_matched_structure_variation,300.0,40,455,560,0.949999988079071,star,linear,random,alternating
chemistry_matched_structure_variation,300.0,40,457,954,0.9750000238418579,star,star,block,alternating
chemistry_matched_structure_variation,300.0,40,458,670,1.0,cyclic,cyclic,random,block
chemistry_matched_structure_variation,300.0,40,458,712,0.949999988079071,cyclic,linear,random,block
chemistry_matched_structure_variation,300.0,40,460,532,1.0,cyclic,cyclic,block,alternating
chemistry_matched_structure_variation,300.0,40,460,695,1.0,cyclic,cyclic,block,random
chemistry_matched_structure_variation,300.0,40,468,533,0.949999988079071,cyclic,linear,block,alternating
chemistry_matched_structure_variation,300.0,40,468,560,0.949999988079071,cyclic,linear,block,alternating
chemistry_matched_structure_variation,300.0,40,468,716,1.0,cyclic,cyclic,block,alternating
chemistry_matched_structure_variation,300.0,40,468,720,1.0,cyclic,cyclic,block,random
chemistry_matched_structure_variation,300.0,40,468,743,0.949999988079071,cyclic,linear,block,block
chemistry_matched_structure_variation,300.0,40,468,780,1.0,cyclic,cyclic,block,random
chemistry_matched_structure_variation,300.0,40,468,807,1.0,cyclic,cyclic,block,alternating
chemistry_matched_structure_variation,300.0,40,468,926,0.949999988079071,cyclic,linear,block,alternating
chemistry_matched_structure_variation,300.0,40,479,982,0.9500000476837158,star,star,alternating,block
chemistry_matched_structure_variation,300.0,40,479,1087,0.949999988079071,star,star,alternating,block
chemistry_matched_structure_variation,300.0,40,481,493,1.0,cyclic,cyclic,random,block
chemistry_matched_structure_variation,300.0,40,481,502,0.949999988079071,cyclic,linear,random,block
chemistry_matched_structure_variation,300.0,40,481,809,0.949999988079071,cyclic,linear,random,random
chemistry_matched_structure_variation,300.0,40,484,882,0.949999988079071,star,star,block,alternating
chemistry_matched_structure_variation,300.0,40,493,502,0.949999988079071,cyclic,linear,block,block
chemistry_matched_structure_variation,300.0,40,493,809,0.949999988079071,cyclic,linear,block,random
chemistry_matched_structure_variation,300.0,40,502,809,1.0,linear,linear,block,random
chemistry_matched_structure_variation,300.0,40,511,520,1.0,cyclic,cyclic,block,random
chemistry_matched_structure_variation,300.0,40,511,579,1.0,cyclic,cyclic,block,alternating
chemistry_matched_structure_variation,300.0,40,511,591,1.0,cyclic,cyclic,block,alternating
chemistry_matched_structure_variation,300.0,40,511,766,1.0,cyclic,cyclic,block,random
chemistry_matched_structure_variation,300.0,40,511,931,0.949999988079071,cyclic,linear,block,block
chemistry_matched_structure_variation,300.0,40,511,1060,0.949999988079071,cyclic,linear,block,alternating
chemistry_matched_structure_variation,300.0,40,518,552,0.9500000476837158,star,star,random,alternating
chemistry_matched_structure_variation,300.0,40,518,601,0.9500000476837158,star,star,random,alternating
chemistry_matched_structure_variation,300.0,40,520,579,1.0,cyclic,cyclic,random,alternating
chemistry_matched_structure_variation,300.0,40,520,591,1.0,cyclic,cyclic,random,alternating
chemistry_matched_structure_variation,300.0,40,520,931,0.949999988079071,cyclic,linear,random,block
chemistry_matched_structure_variation,300.0,40,520,1060,0.949999988079071,cyclic,linear,random,alternating
chemistry_matched_structure_variation,300.0,40,525,592,0.949999988079071,linear,linear,block,alternating
chemistry_matched_structure_variation,300.0,40,532,695,1.0,cyclic,cyclic,alternating,random
chemistry_matched_structure_variation,300.0,40,532,983,1.0,cyclic,cyclic,alternating,block
chemistry_matched_structure_variation,300.0,40,533,716,0.949999988079071,linear,cyclic,alternating,alternating
chemistry_matched_structure_variation,300.0,40,533,720,0.949999988079071,linear,cyclic,alternating,random
chemistry_matched_structure_variation,300.0,40,533,743,0.949999988079071,linear,linear,alternating,block
chemistry_matched_structure_variation,300.0,40,533,778,0.949999988079071,linear,cyclic,alternating,block
chemistry_matched_structure_variation,300.0,40,533,780,0.949999988079071,linear,cyclic,alternating,random
chemistry_matched_structure_variation,300.0,40,533,807,0.949999988079071,linear,cyclic,alternating,alternating
chemistry_matched_structure_variation,300.0,40,538,818,0.949999988079071,star,star,block,alternating
chemistry_matched_structure_variation,300.0,40,538,959,0.949999988079071,star,linear,block,block
chemistry_matched_structure_variation,300.0,40,545,580,0.949999988079071,star,star,random,alternating
chemistry_matched_structure_variation,300.0,40,545,953,0.949999988079071,star,star,random,alternating
chemistry_matched_structure_variation,300.0,40,552,572,0.9750000238418579,star,star,alternating,random
chemistry_matched_structure_variation,300.0,40,560,716,0.949999988079071,linear,cyclic,alternating,alternating
chemistry_matched_structure_variation,300.0,40,560,720,0.949999988079071,linear,cyclic,alternating,random
chemistry_matched_structure_variation,300.0,40,560,743,0.949999988079071,linear,linear,alternating,block
chemistry_matched_structure_variation,300.0,40,560,778,0.949999988079071,linear,cyclic,alternating,block
chemistry_matched_structure_variation,300.0,40,560,780,0.949999988079071,linear,cyclic,alternating,random
chemistry_matched_structure_variation,300.0,40,560,807,0.949999988079071,linear,cyclic,alternating,alternating
chemistry_matched_structure_variation,300.0,40,568,701,1.0,cyclic,cyclic,block,random
chemistry_matched_structure_variation,300.0,40,572,601,0.9500000476837158,star,star,random,alternating
chemistry_matched_structure_variation,300.0,40,574,670,1.0,cyclic,cyclic,random,block
chemistry_matched_structure_variation,300.0,40,574,712,0.949999988079071,cyclic,linear,random,block
chemistry_matched_structure_variation,300.0,40,579,766,1.0,cyclic,cyclic,alternating,random
chemistry_matched_structure_variation,300.0,40,579,931,0.949999988079071,cyclic,linear,alternating,block
chemistry_matched_structure_variation,300.0,40,579,1060,0.949999988079071,cyclic,linear,alternating,alternating
chemistry_matched_structure_variation,300.0,40,589,954,0.9750000238418579,star,star,block,alternating
chemistry_matched_structure_variation,300.0,40,591,766,1.0,cyclic,cyclic,alternating,random
chemistry_matched_structure_variation,300.0,40,591,931,0.949999988079071,cyclic,linear,alternating,block
chemistry_matched_structure_variation,300.0,40,591,1060,0.949999988079071,cyclic,linear,alternating,alternating
chemistry_matched_structure_variation,300.0,40,592,1087,0.949999988079071,linear,star,alternating,block
chemistry_matched_structure_variation,300.0,40,607,811,0.9750000238418579,star,star,block,random
chemistry_matched_structure_variation,300.0,40,650,745,0.9750000238418579,star,star,block,alternating
chemistry_matched_structure_variation,300.0,40,670,712,0.949999988079071,cyclic,linear,block,block
chemistry_matched_structure_variation,300.0,40,695,983,1.0,cyclic,cyclic,random,block
chemistry_matched_structure_variation,300.0,40,698,882,0.949999988079071,linear,star,block,alternating
chemistry_matched_structure_variation,300.0,40,701,790,1.0,cyclic,cyclic,random,block
chemistry_matched_structure_variation,300.0,40,712,757,0.949999988079071,linear,star,block,block
chemistry_matched_structure_variation,300.0,40,716,720,1.0,cyclic,cyclic,alternating,random
chemistry_matched_structure_variation,300.0,40,716,743,0.949999988079071,cyclic,linear,alternating,block
chemistry_matched_structure_variation,300.0,40,716,778,1.0,cyclic,cyclic,alternating,block
chemistry_matched_structure_variation,300.0,40,716,780,1.0,cyclic,cyclic,alternating,random
chemistry_matched_structure_variation,300.0,40,716,926,0.949999988079071,cyclic,linear,alternating,alternating
chemistry_matched_structure_variation,300.0,40,720,743,0.949999988079071,cyclic,linear,random,block
chemistry_matched_structure_variation,300.0,40,720,778,1.0,cyclic,cyclic,random,block
chemistry_matched_structure_variation,300.0,40,720,807,1.0,cyclic,cyclic,random,alternating
chemistry_matched_structure_variation,300.0,40,720,926,0.949999988079071,cyclic,linear,random,alternating
chemistry_matched_structure_variation,300.0,40,743,778,0.949999988079071,linear,cyclic,block,block
chemistry_matched_structure_variation,300.0,40,743,780,0.949999988079071,linear,cyclic,block,random
chemistry_matched_structure_variation,300.0,40,743,807,0.949999988079071,linear,cyclic,block,alternating
chemistry_matched_structure_variation,300.0,40,743,904,0.949999988079071,linear,star,block,block
chemistry_matched_structure_variation,300.0,40,743,926,0.949999988079071,linear,linear,block,alternating
chemistry_matched_structure_variation,300.0,40,743,1065,0.949999988079071,linear,star,block,random
chemistry_matched_structure_variation,300.0,40,745,849,0.949999988079071,star,star,alternating,block
chemistry_matched_structure_variation,300.0,40,745,1003,0.9750000238418579,star,star,alternating,block
chemistry_matched_structure_variation,300.0,40,757,811,0.949999988079071,star,star,block,random
chemistry_matched_structure_variation,300.0,40,761,931,0.949999988079071,star,linear,alternating,block
chemistry_matched_structure_variation,300.0,40,766,931,0.949999988079071,cyclic,linear,random,block
chemistry_matched_structure_variation,300.0,40,766,1060,0.949999988079071,cyclic,linear,random,alternating
chemistry_matched_structure_variation,300.0,40,767,781,0.949999988079071,linear,cyclic,block,alternating
chemistry_matched_structure_variation,300.0,40,767,889,0.949999988079071,linear,cyclic,block,block
chemistry_matched_structure_variation,300.0,40,767,905,0.949999988079071,linear,star,block,block
chemistry_matched_structure_variation,300.0,40,767,908,0.949999988079071,linear,star,block,alternating
chemistry_matched_structure_variation,300.0,40,767,1012,0.949999988079071,linear,cyclic,block,alternating
chemistry_matched_structure_variation,300.0,40,767,1057,0.949999988079071,linear,cyclic,block,random
chemistry_matched_structure_variation,300.0,40,767,1064,1.0,linear,linear,block,alternating
chemistry_matched_structure_variation,300.0,40,778,780,1.0,cyclic,cyclic,block,random
chemistry_matched_structure_variation,300.0,40,778,807,1.0,cyclic,cyclic,block,alternating
chemistry_matched_structure_variation,300.0,40,778,926,0.949999988079071,cyclic,linear,block,alternating
chemistry_matched_structure_variation,300.0,40,780,807,1.0,cyclic,cyclic,random,alternating
chemistry_matched_structure_variation,300.0,40,780,926,0.949999988079071,cyclic,linear,random,alternating
chemistry_matched_structure_variation,300.0,40,781,889,1.0,cyclic,cyclic,alternating,block
chemistry_matched_structure_variation,300.0,40,781,1057,1.0,cyclic,cyclic,alternating,random
chemistry_matched_structure_variation,300.0,40,781,1064,0.949999988079071,cyclic,linear,alternating,alternating
chemistry_matched_structure_variation,300.0,40,791,866,0.949999988079071,linear,star,block,block
chemistry_matched_structure_variation,300.0,40,791,880,0.949999988079071,linear,cyclic,block,block
chemistry_matched_structure_variation,300.0,40,807,926,0.949999988079071,cyclic,linear,alternating,alternating
chemistry_matched_structure_variation,300.0,40,816,877,0.9750000238418579,star,star,block,alternating
chemistry_matched_structure_variation,300.0,40,818,855,0.949999988079071,star,star,alternating,block
chemistry_matched_structure_variation,300.0,40,818,969,0.9750000238418579,star,star,alternating,block
chemistry_matched_structure_variation,300.0,40,855,959,0.949999988079071,star,linear,block,block
chemistry_matched_structure_variation,300.0,40,877,1008,0.9750000238418579,star,star,alternating,block
chemistry_matched_structure_variation,300.0,40,880,959,0.949999988079071,cyclic,linear,block,block
chemistry_matched_structure_variation,300.0,40,880,1011,0.949999988079071,cyclic,linear,block,block
chemistry_matched_structure_variation,300.0,40,889,1012,1.0,cyclic,cyclic,block,alternating
chemistry_matched_structure_variation,300.0,40,889,1057,1.0,cyclic,cyclic,block,random
chemistry_matched_structure_variation,300.0,40,889,1064,0.949999988079071,cyclic,linear,block,alternating
chemistry_matched_structure_variation,300.0,40,904,1065,0.9750000238418579,star,star,block,random
chemistry_matched_structure_variation,300.0,40,905,908,1.0,star,star,block,alternating
chemistry_matched_structure_variation,300.0,40,905,990,0.949999988079071,star,linear,block,block
chemistry_matched_structure_variation,300.0,40,905,1000,0.949999988079071,star,star,block,alternating
chemistry_matched_structure_variation,300.0,40,905,1064,0.949999988079071,star,linear,block,alternating
chemistry_matched_structure_variation,300.0,40,908,990,0.949999988079071,star,linear,alternating,block
chemistry_matched_structure_variation,300.0,40,908,1064,0.949999988079071,star,linear,alternating,alternating
chemistry_matched_structure_variation,300.0,40,926,952,0.949999988079071,linear,star,alternating,alternating
chemistry_matched_structure_variation,300.0,40,931,1060,0.949999988079071,linear,linear,block,alternating
chemistry_matched_structure_variation,300.0,40,954,1051,0.949999988079071,star,star,alternating,block
chemistry_matched_structure_variation,300.0,40,990,1064,0.949999988079071,linear,linear,block,alternating
chemistry_matched_structure_variation,300.0,40,1012,1057,1.0,cyclic,cyclic,alternating,random
chemistry_matched_structure_variation,300.0,40,1012,1064,0.949999988079071,cyclic,linear,alternating,alternating
chemistry_matched_structure_variation,300.0,40,1057,1064,0.949999988079071,cyclic,linear,random,alternating
chemistry_matched_structure_variation,300.0,41,219,505,0.9512194991111755,linear,linear,alternating,gradient
chemistry_matched_structure_variation,300.0,41,219,581,0.9512194991111755,linear,linear,alternating,block
chemistry_matched_structure_variation,300.0,41,219,608,1.0,linear,linear,alternating,random
chemistry_matched_structure_variation,300.0,41,219,677,0.9512194991111755,linear,linear,alternating,gradient
chemistry_matched_structure_variation,300.0,41,219,693,0.9512194991111755,linear,linear,alternating,random
chemistry_matched_structure_variation,300.0,41,219,717,0.9512194991111755,linear,linear,alternating,random
chemistry_matched_structure_variation,300.0,41,219,774,1.0,linear,linear,alternating,random
chemistry_matched_structure_variation,300.0,41,219,788,1.0,linear,linear,alternating,gradient
chemistry_matched_structure_variation,300.0,41,219,831,1.0,linear,linear,alternating,random
chemistry_matched_structure_variation,300.0,41,219,868,0.9512194991111755,linear,linear,alternating,block
chemistry_matched_structure_variation,300.0,41,219,946,0.9512194991111755,linear,linear,alternating,random
chemistry_matched_structure_variation,300.0,41,432,505,0.9512194991111755,linear,linear,alternating,gradient
chemistry_matched_structure_variation,300.0,41,432,581,0.9512194991111755,linear,linear,alternating,block
chemistry_matched_structure_variation,300.0,41,432,608,1.0,linear,linear,alternating,random
chemistry_matched_structure_variation,300.0,41,432,677,0.9512194991111755,linear,linear,alternating,gradient
chemistry_matched_structure_variation,300.0,41,432,693,0.9512194991111755,linear,linear,alternating,random
chemistry_matched_structure_variation,300.0,41,432,717,0.9512194991111755,linear,linear,alternating,random
chemistry_matched_structure_variation,300.0,41,432,774,1.0,linear,linear,alternating,random
chemistry_matched_structure_variation,300.0,41,432,788,1.0,linear,linear,alternating,gradient
chemistry_matched_structure_variation,300.0,41,432,831,1.0,linear,linear,alternating,random
chemistry_matched_structure_variation,300.0,41,432,868,0.9512194991111755,linear,linear,alternating,block
chemistry_matched_structure_variation,300.0,41,432,946,0.9512194991111755,linear,linear,alternating,random
chemistry_matched_structure_variation,300.0,41,505,514,1.0,linear,linear,gradient,alternating
chemistry_matched_structure_variation,300.0,41,505,581,0.9512194991111755,linear,linear,gradient,block
chemistry_matched_structure_variation,300.0,41,505,608,0.9512194991111755,linear,linear,gradient,random
chemistry_matched_structure_variation,300.0,41,505,693,0.9512194991111755,linear,linear,gradient,random
chemistry_matched_structure_variation,300.0,41,505,717,1.0,linear,linear,gradient,random
chemistry_matched_structure_variation,300.0,41,505,774,0.9512194991111755,linear,linear,gradient,random
chemistry_matched_structure_variation,300.0,41,505,831,0.9512194991111755,linear,linear,gradient,random
chemistry_matched_structure_variation,300.0,41,505,868,1.0,linear,linear,gradient,block
chemistry_matched_structure_variation,300.0,41,505,946,0.9512194991111755,linear,linear,gradient,random
chemistry_matched_structure_variation,300.0,41,514,581,0.9512194991111755,linear,linear,alternating,block
chemistry_matched_structure_variation,300.0,41,514,608,0.9512194991111755,linear,linear,alternating,random
chemistry_matched_structure_variation,300.0,41,514,677,0.9512194991111755,linear,linear,alternating,gradient
chemistry_matched_structure_variation,300.0,41,514,693,0.9512194991111755,linear,linear,alternating,random
chemistry_matched_structure_variation,300.0,41,514,717,1.0,linear,linear,alternating,random
chemistry_matched_structure_variation,300.0,41,514,774,0.9512194991111755,linear,linear,alternating,random
chemistry_matched_structure_variation,300.0,41,514,788,0.9512194991111755,linear,linear,alternating,gradient
chemistry_matched_structure_variation,300.0,41,514,831,0.9512194991111755,linear,linear,alternating,random
chemistry_matched_structure_variation,300.0,41,514,868,1.0,linear,linear,alternating,block
chemistry_matched_structure_variation,300.0,41,514,946,0.9512194991111755,linear,linear,alternating,random
chemistry_matched_structure_variation,300.0,41,581,608,0.9512194991111755,linear,linear,block,random
chemistry_matched_structure_variation,300.0,41,581,677,1.0,linear,linear,block,gradient
chemistry_matched_structure_variation,300.0,41,581,693,0.9512194991111755,linear,linear,block,random
chemistry_matched_structure_variation,300.0,41,581,717,0.9512194991111755,linear,linear,block,random
chemistry_matched_structure_variation,300.0,41,581,774,0.9512194991111755,linear,linear,block,random
chemistry_matched_structure_variation,300.0,41,581,788,0.9512194991111755,linear,linear,block,gradient
chemistry_matched_structure_variation,300.0,41,581,831,0.9512194991111755,linear,linear,block,random
chemistry_matched_structure_variation,300.0,41,581,946,1.0,linear,linear,block,random
chemistry_matched_structure_variation,300.0,41,608,677,0.9512194991111755,linear,linear,random,gradient
chemistry_matched_structure_variation,300.0,41,608,788,1.0,linear,linear,random,gradient
chemistry_matched_structure_variation,300.0,41,608,868,0.9512194991111755,linear,linear,random,block
chemistry_matched_structure_variation,300.0,41,677,693,0.9512194991111755,linear,linear,gradient,random
chemistry_matched_structure_variation,300.0,41,677,717,0.9512194991111755,linear,linear,gradient,random
chemistry_matched_structure_variation,300.0,41,677,774,0.9512194991111755,linear,linear,gradient,random
chemistry_matched_structure_variation,300.0,41,677,831,0.9512194991111755,linear,linear,gradient,random
chemistry_matched_structure_variation,300.0,41,677,868,0.9512194991111755,linear,linear,gradient,block
chemistry_matched_structure_variation,300.0,41,677,946,1.0,linear,linear,gradient,random
chemistry_matched_structure_variation,300.0,41,693,788,0.9512194991111755,linear,linear,random,gradient
chemistry_matched_structure_variation,300.0,41,693,868,0.9512194991111755,linear,linear,random,block
chemistry_matched_structure_variation,300.0,41,717,788,0.9512194991111755,linear,linear,random,gradient
chemistry_matched_structure_variation,300.0,41,717,868,1.0,linear,linear,random,block
chemistry_matched_structure_variation,300.0,41,774,788,1.0,linear,linear,random,gradient
chemistry_matched_structure_variation,300.0,41,774,868,0.9512194991111755,linear,linear,random,block
chemistry_matched_structure_variation,300.0,41,788,831,1.0,linear,linear,gradient,random
chemistry_matched_structure_variation,300.0,41,788,868,0.9512194991111755,linear,linear,gradient,block
chemistry_matched_structure_variation,300.0,41,788,946,0.9512194991111755,linear,linear,gradient,random
chemistry_matched_structure_variation,300.0,41,831,868,0.9512194991111755,linear,linear,random,block
chemistry_matched_structure_variation,300.0,41,868,946,0.9512194991111755,linear,linear,block,random
chemistry_matched_structure_variation,300.0,42,90,593,0.976190447807312,star,star,random,junction_enriched
chemistry_matched_structure_variation,300.0,42,90,854,0.976190447807312,star,star,random,junction_enriched
chemistry_matched_structure_variation,300.0,42,186,620,0.976190447807312,star,star,random,junction_enriched
chemistry_matched_structure_variation,300.0,42,186,626,0.976190447807312,star,star,random,junction_enriched
chemistry_matched_structure_variation,300.0,42,345,410,0.976190447807312,star,star,random,junction_enriched
chemistry_matched_structure_variation,300.0,42,345,445,0.976190447807312,star,star,random,junction_enriched
chemistry_matched_structure_variation,300.0,42,345,915,1.0,star,star,random,junction_enriched
chemistry_matched_structure_variation,300.0,42,412,593,0.976190447807312,star,star,random,junction_enriched
chemistry_matched_structure_variation,300.0,42,412,854,0.976190447807312,star,star,random,junction_enriched
chemistry_matched_structure_variation,300.0,42,483,593,0.976190447807312,star,star,random,junction_enriched
chemistry_matched_structure_variation,300.0,42,483,854,0.976190447807312,star,star,random,junction_enriched
chemistry_matched_structure_variation,300.0,42,551,593,1.0,star,star,random,junction_enriched
chemistry_matched_structure_variation,300.0,42,551,854,0.976190447807312,star,star,random,junction_enriched
chemistry_matched_structure_variation,300.0,42,721,776,1.0,star,star,random,junction_enriched
chemistry_matched_structure_variation,300.0,43,121,361,0.9767441749572754,star,star,random,junction_enriched
chemistry_matched_structure_variation,300.0,43,121,398,0.9767441749572754,star,star,random,junction_enriched
chemistry_matched_structure_variation,300.0,43,121,590,0.9767441749572754,star,star,random,junction_enriched
chemistry_matched_structure_variation,300.0,43,157,315,1.0,cyclic,cyclic,gradient,alternating
chemistry_matched_structure_variation,300.0,43,157,334,1.0,cyclic,cyclic,gradient,block
chemistry_matched_structure_variation,300.0,43,157,528,1.0,cyclic,cyclic,gradient,alternating
chemistry_matched_structure_variation,300.0,43,157,594,1.0,cyclic,cyclic,gradient,alternating
chemistry_matched_structure_variation,300.0,43,157,638,1.0,cyclic,cyclic,gradient,random
chemistry_matched_structure_variation,300.0,43,157,663,1.0,cyclic,cyclic,gradient,block
chemistry_matched_structure_variation,300.0,43,157,671,1.0,cyclic,cyclic,gradient,random
chemistry_matched_structure_variation,300.0,43,157,697,1.0,cyclic,cyclic,gradient,alternating
chemistry_matched_structure_variation,300.0,43,157,758,1.0,cyclic,cyclic,gradient,alternating
chemistry_matched_structure_variation,300.0,43,157,907,1.0,cyclic,cyclic,gradient,alternating
chemistry_matched_structure_variation,300.0,43,157,937,1.0,cyclic,cyclic,gradient,block
chemistry_matched_structure_variation,300.0,43,207,305,0.9767441749572754,star,star,junction_enriched,random
chemistry_matched_structure_variation,300.0,43,246,305,0.9767441749572754,star,star,junction_enriched,random
chemistry_matched_structure_variation,300.0,43,305,775,0.9767441749572754,star,star,random,junction_enriched
chemistry_matched_structure_variation,300.0,43,315,334,1.0,cyclic,cyclic,alternating,block
chemistry_matched_structure_variation,300.0,43,315,638,1.0,cyclic,cyclic,alternating,random
chemistry_matched_structure_variation,300.0,43,315,663,1.0,cyclic,cyclic,alternating,block
chemistry_matched_structure_variation,300.0,43,315,671,1.0,cyclic,cyclic,alternating,random
chemistry_matched_structure_variation,300.0,43,315,937,1.0,cyclic,cyclic,alternating,block
chemistry_matched_structure_variation,300.0,43,334,528,1.0,cyclic,cyclic,block,alternating
chemistry_matched_structure_variation,300.0,43,334,594,1.0,cyclic,cyclic,block,alternating
chemistry_matched_structure_variation,300.0,43,334,638,1.0,cyclic,cyclic,block,random
chemistry_matched_structure_variation,300.0,43,334,671,1.0,cyclic,cyclic,block,random
chemistry_matched_structure_variation,300.0,43,334,697,1.0,cyclic,cyclic,block,alternating
chemistry_matched_structure_variation,300.0,43,334,758,1.0,cyclic,cyclic,block,alternating
chemistry_matched_structure_variation,300.0,43,334,907,1.0,cyclic,cyclic,block,alternating
chemistry_matched_structure_variation,300.0,43,361,373,0.9767441749572754,star,star,junction_enriched,random
chemistry_matched_structure_variation,300.0,43,361,748,0.9767441749572754,star,star,junction_enriched,random
chemistry_matched_structure_variation,300.0,43,373,398,1.0,star,star,random,junction_enriched
chemistry_matched_structure_variation,300.0,43,373,590,0.9767441749572754,star,star,random,junction_enriched
chemistry_matched_structure_variation,300.0,43,398,748,0.9767441749572754,star,star,junction_enriched,random
chemistry_matched_structure_variation,300.0,43,441,454,0.9767441749572754,star,star,random,junction_enriched
chemistry_matched_structure_variation,300.0,43,441,550,0.9767441749572754,star,star,random,junction_enriched
chemistry_matched_structure_variation,300.0,43,528,638,1.0,cyclic,cyclic,alternating,random
chemistry_matched_structure_variation,300.0,43,528,663,1.0,cyclic,cyclic,alternating,block
chemistry_matched_structure_variation,300.0,43,528,671,1.0,cyclic,cyclic,alternating,random
chemistry_matched_structure_variation,300.0,43,528,937,1.0,cyclic,cyclic,alternating,block
chemistry_matched_structure_variation,300.0,43,590,748,0.9767441749572754,star,star,junction_enriched,random
chemistry_matched_structure_variation,300.0,43,594,638,1.0,cyclic,cyclic,alternating,random
chemistry_matched_structure_variation,300.0,43,594,663,1.0,cyclic,cyclic,alternating,block
chemistry_matched_structure_variation,300.0,43,594,671,1.0,cyclic,cyclic,alternating,random
chemistry_matched_structure_variation,300.0,43,594,937,1.0,cyclic,cyclic,alternating,block
chemistry_matched_structure_variation,300.0,43,638,663,1.0,cyclic,cyclic,random,block
chemistry_matched_structure_variation,300.0,43,638,697,1.0,cyclic,cyclic,random,alternating
chemistry_matched_structure_variation,300.0,43,638,758,1.0,cyclic,cyclic,random,alternating
chemistry_matched_structure_variation,300.0,43,638,907,1.0,cyclic,cyclic,random,alternating
chemistry_matched_structure_variation,300.0,43,638,937,1.0,cyclic,cyclic,random,block
chemistry_matched_structure_variation,300.0,43,663,671,1.0,cyclic,cyclic,block,random
chemistry_matched_structure_variation,300.0,43,663,697,1.0,cyclic,cyclic,block,alternating
chemistry_matched_structure_variation,300.0,43,663,758,1.0,cyclic,cyclic,block,alternating
chemistry_matched_structure_variation,300.0,43,663,907,1.0,cyclic,cyclic,block,alternating
chemistry_matched_structure_variation,300.0,43,671,697,1.0,cyclic,cyclic,random,alternating
chemistry_matched_structure_variation,300.0,43,671,758,1.0,cyclic,cyclic,random,alternating
chemistry_matched_structure_variation,300.0,43,671,907,1.0,cyclic,cyclic,random,alternating
chemistry_matched_structure_variation,300.0,43,671,937,1.0,cyclic,cyclic,random,block
chemistry_matched_structure_variation,300.0,43,697,937,1.0,cyclic,cyclic,alternating,block
chemistry_matched_structure_variation,300.0,43,758,937,1.0,cyclic,cyclic,alternating,block
chemistry_matched_structure_variation,300.0,43,907,937,1.0,cyclic,cyclic,alternating,block
chemistry_matched_structure_variation,300.0,44,238,302,1.0,cyclic,cyclic,random,alternating
chemistry_matched_structure_variation,300.0,44,238,322,1.0,cyclic,cyclic,random,alternating
chemistry_matched_structure_variation,300.0,44,238,540,1.0,cyclic,cyclic,random,gradient
chemistry_matched_structure_variation,300.0,44,238,561,1.0,cyclic,cyclic,random,block
chemistry_matched_structure_variation,300.0,44,238,585,1.0,cyclic,cyclic,random,gradient
chemistry_matched_structure_variation,300.0,44,238,840,1.0,cyclic,cyclic,random,alternating
chemistry_matched_structure_variation,300.0,44,238,896,1.0,cyclic,cyclic,random,block
chemistry_matched_structure_variation,300.0,44,302,540,1.0,cyclic,cyclic,alternating,gradient
chemistry_matched_structure_variation,300.0,44,302,561,1.0,cyclic,cyclic,alternating,block
chemistry_matched_structure_variation,300.0,44,302,585,1.0,cyclic,cyclic,alternating,gradient
chemistry_matched_structure_variation,300.0,44,302,656,1.0,cyclic,cyclic,alternating,random
chemistry_matched_structure_variation,300.0,44,302,896,1.0,cyclic,cyclic,alternating,block
chemistry_matched_structure_variation,300.0,44,302,923,1.0,cyclic,cyclic,alternating,random
chemistry_matched_structure_variation,300.0,44,322,540,1.0,cyclic,cyclic,alternating,gradient
chemistry_matched_structure_variation,300.0,44,322,561,1.0,cyclic,cyclic,alternating,block
chemistry_matched_structure_variation,300.0,44,322,585,1.0,cyclic,cyclic,alternating,gradient
chemistry_matched_structure_variation,300.0,44,322,656,1.0,cyclic,cyclic,alternating,random
chemistry_matched_structure_variation,300.0,44,322,896,1.0,cyclic,cyclic,alternating,block
chemistry_matched_structure_variation,300.0,44,322,923,1.0,cyclic,cyclic,alternating,random
chemistry_matched_structure_variation,300.0,44,540,561,1.0,cyclic,cyclic,gradient,block
chemistry_matched_structure_variation,300.0,44,540,656,1.0,cyclic,cyclic,gradient,random
chemistry_matched_structure_variation,300.0,44,540,840,1.0,cyclic,cyclic,gradient,alternating
chemistry_matched_structure_variation,300.0,44,540,896,1.0,cyclic,cyclic,gradient,block
chemistry_matched_structure_variation,300.0,44,540,923,1.0,cyclic,cyclic,gradient,random
chemistry_matched_structure_variation,300.0,44,561,585,1.0,cyclic,cyclic,block,gradient
chemistry_matched_structure_variation,300.0,44,561,656,1.0,cyclic,cyclic,block,random
chemistry_matched_structure_variation,300.0,44,561,840,1.0,cyclic,cyclic,block,alternating
chemistry_matched_structure_variation,300.0,44,561,923,1.0,cyclic,cyclic,block,random
chemistry_matched_structure_variation,300.0,44,585,656,1.0,cyclic,cyclic,gradient,random
chemistry_matched_structure_variation,300.0,44,585,840,1.0,cyclic,cyclic,gradient,alternating
chemistry_matched_structure_variation,300.0,44,585,896,1.0,cyclic,cyclic,gradient,block
chemistry_matched_structure_variation,300.0,44,585,923,1.0,cyclic,cyclic,gradient,random
chemistry_matched_structure_variation,300.0,44,656,840,1.0,cyclic,cyclic,random,alternating
chemistry_matched_structure_variation,300.0,44,656,896,1.0,cyclic,cyclic,random,block
chemistry_matched_structure_variation,300.0,44,840,896,1.0,cyclic,cyclic,alternating,block
chemistry_matched_structure_variation,300.0,44,840,923,1.0,cyclic,cyclic,alternating,random
chemistry_matched_structure_variation,300.0,44,896,923,1.0,cyclic,cyclic,block,random
chemistry_matched_structure_variation,300.0,45,228,393,0.9777777791023254,star,star,junction_enriched,random
chemistry_matched_structure_variation,300.0,45,228,536,0.9555555582046509,star,star,junction_enriched,random
chemistry_matched_structure_variation,300.0,45,228,648,0.9777777791023254,star,star,junction_enriched,random
chemistry_matched_structure_variation,300.0,45,228,675,0.9777777791023254,star,star,junction_enriched,random
chemistry_matched_structure_variation,300.0,45,228,754,0.9555555582046509,star,star,junction_enriched,random
chemistry_matched_structure_variation,300.0,45,277,399,1.0,star,star,random,junction_enriched
chemistry_matched_structure_variation,300.0,45,277,856,0.9777777791023254,star,star,random,junction_enriched
chemistry_matched_structure_variation,300.0,45,277,881,0.9777777791023254,star,star,random,junction_enriched
chemistry_matched_structure_variation,300.0,45,294,399,0.9555555582046509,star,star,random,junction_enriched
chemistry_matched_structure_variation,300.0,45,294,856,0.9555555582046509,star,star,random,junction_enriched
chemistry_matched_structure_variation,300.0,45,294,881,0.9555555582046509,star,star,random,junction_enriched
chemistry_matched_structure_variation,300.0,45,308,393,0.9555555582046509,star,star,junction_enriched,random
chemistry_matched_structure_variation,300.0,45,308,536,0.9777777791023254,star,star,junction_enriched,random
chemistry_matched_structure_variation,300.0,45,308,648,0.9555555582046509,star,star,junction_enriched,random
chemistry_matched_structure_variation,300.0,45,308,675,0.9555555582046509,star,star,junction_enriched,random
chemistry_matched_structure_variation,300.0,45,308,754,0.9777777791023254,star,star,junction_enriched,random
chemistry_matched_structure_variation,300.0,45,341,399,0.9777777791023254,star,star,random,junction_enriched
chemistry_matched_structure_variation,300.0,45,341,856,0.9777777791023254,star,star,random,junction_enriched
chemistry_matched_structure_variation,300.0,45,341,881,0.9777777791023254,star,star,random,junction_enriched
chemistry_matched_structure_variation,300.0,45,393,496,0.9555555582046509,star,star,random,junction_enriched
chemistry_matched_structure_variation,300.0,45,393,578,0.9777777791023254,star,star,random,junction_enriched
chemistry_matched_structure_variation,300.0,45,393,699,0.9555555582046509,star,star,random,junction_enriched
chemistry_matched_structure_variation,300.0,45,393,974,0.9555555582046509,star,star,random,junction_enriched
chemistry_matched_structure_variation,300.0,45,399,499,0.9555555582046509,star,star,junction_enriched,random
chemistry_matched_structure_variation,300.0,45,399,559,0.9777777791023254,star,star,junction_enriched,random
chemistry_matched_structure_variation,300.0,45,399,835,0.9555555582046509,star,star,junction_enriched,random
chemistry_matched_structure_variation,300.0,45,399,899,0.9777777791023254,star,star,junction_enriched,random
chemistry_matched_structure_variation,300.0,45,462,808,0.9555555582046509,star,star,junction_enriched,random
chemistry_matched_structure_variation,300.0,45,462,925,0.9555555582046509,star,star,junction_enriched,random
chemistry_matched_structure_variation,300.0,45,462,978,0.9555555582046509,star,star,junction_enriched,random
chemistry_matched_structure_variation,300.0,45,486,875,0.9777777791023254,star,star,junction_enriched,random
chemistry_matched_structure_variation,300.0,45,496,536,0.9777777791023254,star,star,junction_enriched,random
chemistry_matched_structure_variation,300.0,45,496,648,0.9555555582046509,star,star,junction_enriched,random
chemistry_matched_structure_variation,300.0,45,496,675,0.9555555582046509,star,star,junction_enriched,random
chemistry_matched_structure_variation,300.0,45,496,754,0.9777777791023254,star,star,junction_enriched,random
chemistry_matched_structure_variation,300.0,45,499,856,0.9555555582046509,star,star,random,junction_enriched
chemistry_matched_structure_variation,300.0,45,499,881,0.9555555582046509,star,star,random,junction_enriched
chemistry_matched_structure_variation,300.0,45,536,578,0.9555555582046509,star,star,random,junction_enriched
chemistry_matched_structure_variation,300.0,45,536,699,0.9777777791023254,star,star,random,junction_enriched
chemistry_matched_structure_variation,300.0,45,536,974,0.9777777791023254,star,star,random,junction_enriched
chemistry_matched_structure_variation,300.0,45,559,856,0.9777777791023254,star,star,random,junction_enriched
chemistry_matched_structure_variation,300.0,45,559,881,0.9777777791023254,star,star,random,junction_enriched
chemistry_matched_structure_variation,300.0,45,578,648,0.9777777791023254,star,star,junction_enriched,random
chemistry_matched_structure_variation,300.0,45,578,675,0.9777777791023254,star,star,junction_enriched,random
chemistry_matched_structure_variation,300.0,45,578,754,0.9555555582046509,star,star,junction_enriched,random
chemistry_matched_structure_variation,300.0,45,648,699,0.9555555582046509,star,star,random,junction_enriched
chemistry_matched_structure_variation,300.0,45,648,974,0.9555555582046509,star,star,random,junction_enriched
chemistry_matched_structure_variation,300.0,45,675,699,0.9555555582046509,star,star,random,junction_enriched
chemistry_matched_structure_variation,300.0,45,675,974,0.9555555582046509,star,star,random,junction_enriched
chemistry_matched_structure_variation,300.0,45,699,754,0.9777777791023254,star,star,junction_enriched,random
chemistry_matched_structure_variation,300.0,45,733,808,0.9777777791023254,star,star,junction_enriched,random
chemistry_matched_structure_variation,300.0,45,733,925,0.9777777791023254,star,star,junction_enriched,random
chemistry_matched_structure_variation,300.0,45,733,978,1.0,star,star,junction_enriched,random
chemistry_matched_structure_variation,300.0,45,751,808,1.0,star,star,junction_enriched,random
chemistry_matched_structure_variation,300.0,45,751,925,1.0,star,star,junction_enriched,random
chemistry_matched_structure_variation,300.0,45,751,978,0.9777777791023254,star,star,junction_enriched,random
chemistry_matched_structure_variation,300.0,45,754,974,0.9777777791023254,star,star,random,junction_enriched
chemistry_matched_structure_variation,300.0,45,808,829,0.9777777791023254,star,star,random,junction_enriched
chemistry_matched_structure_variation,300.0,45,808,944,0.9555555582046509,star,star,random,junction_enriched
chemistry_matched_structure_variation,300.0,45,829,925,0.9777777791023254,star,star,junction_enriched,random
chemistry_matched_structure_variation,300.0,45,829,978,0.9777777791023254,star,star,junction_enriched,random
chemistry_matched_structure_variation,300.0,45,835,856,0.9555555582046509,star,star,random,junction_enriched
chemistry_matched_structure_variation,300.0,45,835,881,0.9555555582046509,star,star,random,junction_enriched
chemistry_matched_structure_variation,300.0,45,856,899,0.9777777791023254,star,star,junction_enriched,random
chemistry_matched_structure_variation,300.0,45,881,899,0.9777777791023254,star,star,junction_enriched,random
chemistry_matched_structure_variation,300.0,45,925,944,0.9555555582046509,star,star,random,junction_enriched
chemistry_matched_structure_variation,300.0,45,944,978,0.9555555582046509,star,star,junction_enriched,random
chemistry_matched_structure_variation,300.0,49,222,326,0.9591836929321289,linear,linear,random,block
chemistry_matched_structure_variation,300.0,49,326,596,0.9591836929321289,linear,linear,block,random
chemistry_matched_structure_variation,300.0,49,422,435,0.9795918464660645,linear,linear,random,alternating
chemistry_matched_structure_variation,300.0,51,62,554,0.9607843160629272,cyclic,linear,block,gradient
chemistry_matched_structure_variation,300.0,51,99,847,0.9803920984268188,cyclic,cyclic,block,random
chemistry_matched_structure_variation,300.0,51,141,383,0.9803921580314636,star,star,random,junction_enriched
chemistry_matched_structure_variation,300.0,51,303,917,0.9607843160629272,cyclic,linear,random,random
chemistry_matched_structure_variation,300.0,51,303,951,0.9607843160629272,cyclic,linear,random,random
chemistry_matched_structure_variation,300.0,51,319,598,1.0,linear,linear,gradient,block
chemistry_matched_structure_variation,300.0,51,323,372,0.9607843160629272,linear,cyclic,block,gradient
chemistry_matched_structure_variation,300.0,51,349,598,1.0,linear,linear,gradient,block
chemistry_matched_structure_variation,300.0,51,598,619,0.9607843160629272,linear,linear,block,gradient
chemistry_matched_structure_variation,300.0,51,847,1026,1.0,cyclic,cyclic,random,block
chemistry_matched_structure_variation,300.0,52,20,318,0.9615384340286255,cyclic,linear,block,block
chemistry_matched_structure_variation,300.0,52,20,542,1.0,cyclic,cyclic,block,alternating
chemistry_matched_structure_variation,300.0,52,20,728,0.9615384340286255,cyclic,linear,block,block
chemistry_matched_structure_variation,300.0,52,20,823,0.9615384340286255,cyclic,linear,block,gradient
chemistry_matched_structure_variation,300.0,52,20,955,0.9615384340286255,cyclic,linear,block,alternating
chemistry_matched_structure_variation,300.0,52,60,109,0.9615384340286255,cyclic,linear,random,alternating
chemistry_matched_structure_variation,300.0,52,60,331,0.9615384340286255,cyclic,linear,random,block
chemistry_matched_structure_variation,300.0,52,60,447,0.9615384340286255,cyclic,linear,random,gradient
chemistry_matched_structure_variation,300.0,52,109,331,0.9615384340286255,linear,linear,alternating,block
chemistry_matched_structure_variation,300.0,52,109,447,0.9615384340286255,linear,linear,alternating,gradient
chemistry_matched_structure_variation,300.0,52,109,739,0.9615384340286255,linear,cyclic,alternating,random
chemistry_matched_structure_variation,300.0,52,127,523,0.9615384340286255,linear,cyclic,block,block
chemistry_matched_structure_variation,300.0,52,127,634,0.9615384340286255,linear,cyclic,block,random
chemistry_matched_structure_variation,300.0,52,245,297,0.9615384340286255,linear,linear,random,alternating
chemistry_matched_structure_variation,300.0,52,245,584,0.9615384340286255,linear,cyclic,random,random
chemistry_matched_structure_variation,300.0,52,297,405,1.0,linear,linear,alternating,random
chemistry_matched_structure_variation,300.0,52,297,584,0.9615384340286255,linear,cyclic,alternating,random
chemistry_matched_structure_variation,300.0,52,318,542,0.9615384340286255,linear,cyclic,block,alternating
chemistry_matched_structure_variation,300.0,52,318,823,0.9615384340286255,linear,linear,block,gradient
chemistry_matched_structure_variation,300.0,52,318,955,1.0,linear,linear,block,alternating
chemistry_matched_structure_variation,300.0,52,331,447,0.9615384340286255,linear,linear,block,gradient
chemistry_matched_structure_variation,300.0,52,331,739,0.9615384340286255,linear,cyclic,block,random
chemistry_matched_structure_variation,300.0,52,405,584,0.9615384340286255,linear,cyclic,random,random
chemistry_matched_structure_variation,300.0,52,447,739,0.9615384340286255,linear,cyclic,gradient,random
chemistry_matched_structure_variation,300.0,52,466,679,1.0,cyclic,cyclic,alternating,block
chemistry_matched_structure_variation,300.0,52,466,857,1.0,cyclic,cyclic,alternating,gradient
chemistry_matched_structure_variation,300.0,52,523,634,1.0,cyclic,cyclic,block,random
chemistry_matched_structure_variation,300.0,52,542,728,0.9615384340286255,cyclic,linear,alternating,block
chemistry_matched_structure_variation,300.0,52,542,823,0.9615384340286255,cyclic,linear,alternating,gradient
chemistry_matched_structure_variation,300.0,52,542,955,0.9615384340286255,cyclic,linear,alternating,alternating
chemistry_matched_structure_variation,300.0,52,659,871,0.9615384340286255,linear,linear,alternating,block
chemistry_matched_structure_variation,300.0,52,659,962,1.0,linear,linear,alternating,random
chemistry_matched_structure_variation,300.0,52,659,967,0.9615384340286255,linear,cyclic,alternating,gradient
chemistry_matched_structure_variation,300.0,52,659,1056,0.9615384340286255,linear,cyclic,alternating,alternating
chemistry_matched_structure_variation,300.0,52,679,857,1.0,cyclic,cyclic,block,gradient
chemistry_matched_structure_variation,300.0,52,706,821,0.9615384340286255,cyclic,linear,alternating,block
chemistry_matched_structure_variation,300.0,52,706,902,1.0,cyclic,cyclic,alternating,block
chemistry_matched_structure_variation,300.0,52,728,823,1.0,linear,linear,block,gradient
chemistry_matched_structure_variation,300.0,52,728,955,0.9615384340286255,linear,linear,block,alternating
chemistry_matched_structure_variation,300.0,52,821,902,0.9615384340286255,linear,cyclic,block,block
chemistry_matched_structure_variation,300.0,52,823,955,0.9615384340286255,linear,linear,gradient,alternating
chemistry_matched_structure_variation,300.0,52,871,962,0.9615384340286255,linear,linear,block,random
chemistry_matched_structure_variation,300.0,52,871,967,0.9615384340286255,linear,cyclic,block,gradient
chemistry_matched_structure_variation,300.0,52,871,1056,0.9615384340286255,linear,cyclic,block,alternating
chemistry_matched_structure_variation,300.0,52,962,967,0.9615384340286255,linear,cyclic,random,gradient
chemistry_matched_structure_variation,300.0,52,962,1056,0.9615384340286255,linear,cyclic,random,alternating
chemistry_matched_structure_variation,300.0,52,967,1056,1.0,cyclic,cyclic,gradient,alternating
chemistry_matched_structure_variation,300.0,53,98,833,0.9622641801834106,linear,linear,gradient,random
chemistry_matched_structure_variation,300.0,53,144,369,0.9622641801834106,linear,linear,random,block
chemistry_matched_structure_variation,300.0,53,144,963,1.0,linear,linear,random,block
chemistry_matched_structure_variation,300.0,53,369,597,1.0,linear,linear,block,random
chemistry_matched_structure_variation,300.0,53,597,963,0.9622641801834106,linear,linear,random,block
chemistry_matched_structure_variation,300.0,55,10,11,1.0,linear,linear,alternating,block
chemistry_matched_structure_variation,300.0,55,10,170,0.9636363983154297,linear,cyclic,alternating,block
chemistry_matched_structure_variation,300.0,55,10,475,0.9636363983154297,linear,cyclic,alternating,alternating
chemistry_matched_structure_variation,300.0,55,11,170,0.9636363983154297,linear,cyclic,block,block
chemistry_matched_structure_variation,300.0,55,11,475,0.9636363983154297,linear,cyclic,block,alternating
chemistry_matched_structure_variation,300.0,55,28,357,0.9636363983154297,star,star,block,alternating
chemistry_matched_structure_variation,300.0,55,28,575,0.9636363983154297,star,star,block,alternating
chemistry_matched_structure_variation,300.0,55,28,738,0.9636363387107849,star,linear,block,alternating
chemistry_matched_structure_variation,300.0,55,42,137,0.9636363983154297,cyclic,linear,block,block
chemistry_matched_structure_variation,300.0,55,42,797,1.0,cyclic,cyclic,block,random
chemistry_matched_structure_variation,300.0,55,42,964,0.9636363983154297,cyclic,linear,block,random
chemistry_matched_structure_variation,300.0,55,42,965,0.9636363983154297,cyclic,linear,block,alternating
chemistry_matched_structure_variation,300.0,55,42,1054,0.9818181991577148,cyclic,cyclic,block,alternating
chemistry_matched_structure_variation,300.0,55,65,715,0.9636363983154297,cyclic,linear,alternating,block
chemistry_matched_structure_variation,300.0,55,65,885,0.9818181991577148,cyclic,cyclic,alternating,block
chemistry_matched_structure_variation,300.0,55,68,177,0.9636363387107849,linear,linear,gradient,random
chemistry_matched_structure_variation,300.0,55,68,264,0.9636363387107849,linear,star,gradient,alternating
chemistry_matched_structure_variation,300.0,55,68,478,0.9818181991577148,linear,linear,gradient,alternating
chemistry_matched_structure_variation,300.0,55,68,664,0.9636363387107849,linear,linear,gradient,random
chemistry_matched_structure_variation,300.0,55,68,674,0.9636363983154297,linear,cyclic,gradient,alternating
chemistry_matched_structure_variation,300.0,55,68,726,1.0,linear,linear,gradient,random
chemistry_matched_structure_variation,300.0,55,68,738,0.9636363387107849,linear,linear,gradient,alternating
chemistry_matched_structure_variation,300.0,55,71,632,0.9636363983154297,star,star,block,random
chemistry_matched_structure_variation,300.0,55,78,785,0.9636363983154297,linear,cyclic,alternating,alternating
chemistry_matched_structure_variation,300.0,55,88,769,0.9636363983154297,star,star,block,alternating
chemistry_matched_structure_variation,300.0,55,102,544,0.9636363983154297,linear,cyclic,random,alternating
chemistry_matched_structure_variation,300.0,55,102,612,0.9636363983154297,linear,cyclic,random,block
chemistry_matched_structure_variation,300.0,55,102,737,1.0,linear,linear,random,alternating
chemistry_matched_structure_variation,300.0,55,102,801,0.9636363983154297,linear,cyclic,random,random
chemistry_matched_structure_variation,300.0,55,102,873,1.0,linear,linear,random,block
chemistry_matched_structure_variation,300.0,55,130,281,0.9818181991577148,linear,linear,block,alternating
chemistry_matched_structure_variation,300.0,55,130,351,0.9636363387107849,linear,linear,block,alternating
chemistry_matched_structure_variation,300.0,55,130,527,0.9636363387107849,linear,linear,block,random
chemistry_matched_structure_variation,300.0,55,130,817,0.9636363983154297,linear,cyclic,block,random
chemistry_matched_structure_variation,300.0,55,130,851,0.9636363387107849,linear,linear,block,gradient
chemistry_matched_structure_variation,300.0,55,130,860,0.9636363983154297,linear,cyclic,block,alternating
chemistry_matched_structure_variation,300.0,55,130,864,0.9636363387107849,linear,linear,block,alternating
chemistry_matched_structure_variation,300.0,55,137,630,0.9636363983154297,linear,cyclic,block,block
chemistry_matched_structure_variation,300.0,55,137,797,0.9636363983154297,linear,cyclic,block,random
chemistry_matched_structure_variation,300.0,55,137,964,0.9636363387107849,linear,linear,block,random
chemistry_matched_structure_variation,300.0,55,137,965,0.9636363387107849,linear,linear,block,alternating
chemistry_matched_structure_variation,300.0,55,137,1054,0.9636363983154297,linear,cyclic,block,alternating
chemistry_matched_structure_variation,300.0,55,162,400,0.9636363983154297,star,star,random,alternating
chemistry_matched_structure_variation,300.0,55,170,381,0.9636363983154297,cyclic,linear,block,block
chemistry_matched_structure_variation,300.0,55,170,475,1.0,cyclic,cyclic,block,alternating
chemistry_matched_structure_variation,300.0,55,171,263,0.9636363983154297,linear,cyclic,alternating,random
chemistry_matched_structure_variation,300.0,55,171,304,0.9636363983154297,linear,cyclic,alternating,alternating
chemistry_matched_structure_variation,300.0,55,171,814,0.9636363983154297,linear,cyclic,alternating,alternating
chemistry_matched_structure_variation,300.0,55,177,674,0.9636363983154297,linear,cyclic,random,alternating
chemistry_matched_structure_variation,300.0,55,177,738,0.9636363387107849,linear,linear,random,alternating
chemistry_matched_structure_variation,300.0,55,184,600,1.0,cyclic,cyclic,alternating,random
chemistry_matched_structure_variation,300.0,55,198,375,0.9818181991577148,cyclic,cyclic,block,alternating
chemistry_matched_structure_variation,300.0,55,198,549,1.0,cyclic,cyclic,block,alternating
chemistry_matched_structure_variation,300.0,55,201,636,0.9636363983154297,linear,cyclic,block,alternating
chemistry_matched_structure_variation,300.0,55,201,713,1.0,linear,linear,block,random
chemistry_matched_structure_variation,300.0,55,201,895,0.9636363387107849,linear,linear,block,gradient
chemistry_matched_structure_variation,300.0,55,201,1014,0.9636363387107849,linear,star,block,alternating
chemistry_matched_structure_variation,300.0,55,211,235,1.0,cyclic,cyclic,random,alternating
chemistry_matched_structure_variation,300.0,55,211,535,0.9636363983154297,cyclic,linear,random,alternating
chemistry_matched_structure_variation,300.0,55,211,603,0.9818181991577148,cyclic,cyclic,random,alternating
chemistry_matched_structure_variation,300.0,55,231,473,0.9636363983154297,cyclic,linear,alternating,alternating
chemistry_matched_structure_variation,300.0,55,235,535,0.9636363983154297,cyclic,linear,alternating,alternating
chemistry_matched_structure_variation,300.0,55,248,557,0.9636363983154297,cyclic,linear,block,alternating
chemistry_matched_structure_variation,300.0,55,248,686,1.0,cyclic,cyclic,block,alternating
chemistry_matched_structure_variation,300.0,55,248,826,0.9636363983154297,cyclic,linear,block,block
chemistry_matched_structure_variation,300.0,55,254,672,0.9636363983154297,linear,cyclic,alternating,alternating
chemistry_matched_structure_variation,300.0,55,254,746,0.9636363387107849,linear,star,alternating,alternating
chemistry_matched_structure_variation,300.0,55,254,752,0.9636363983154297,linear,cyclic,alternating,alternating
chemistry_matched_structure_variation,300.0,55,263,304,1.0,cyclic,cyclic,random,alternating
chemistry_matched_structure_variation,300.0,55,263,814,0.9818181991577148,cyclic,cyclic,random,alternating
chemistry_matched_structure_variation,300.0,55,264,478,0.9636363387107849,star,linear,alternating,alternating
chemistry_matched_structure_variation,300.0,55,264,726,0.9636363387107849,star,linear,alternating,random
chemistry_matched_structure_variation,300.0,55,269,401,0.9636363983154297,linear,cyclic,alternating,alternating
chemistry_matched_structure_variation,300.0,55,269,919,0.9636363983154297,linear,star,alternating,alternating
chemistry_matched_structure_variation,300.0,55,272,346,0.9636363387107849,linear,linear,block,gradient
chemistry_matched_structure_variation,300.0,55,272,524,0.9636363387107849,linear,linear,block,random
chemistry_matched_structure_variation,300.0,55,272,547,0.9636363983154297,linear,cyclic,block,block
chemistry_matched_structure_variation,300.0,55,272,576,0.9636363983154297,linear,cyclic,block,block
chemistry_matched_structure_variation,300.0,55,272,617,0.9636363387107849,linear,linear,block,alternating
chemistry_matched_structure_variation,300.0,55,272,744,0.9636363983154297,linear,cyclic,block,alternating
chemistry_matched_structure_variation,300.0,55,272,830,0.9818181991577148,linear,linear,block,random
chemistry_matched_structure_variation,300.0,55,281,355,0.9636363387107849,linear,linear,alternating,block
chemistry_matched_structure_variation,300.0,55,281,817,0.9636363983154297,linear,cyclic,alternating,random
chemistry_matched_structure_variation,300.0,55,281,860,0.9636363983154297,linear,cyclic,alternating,alternating
chemistry_matched_structure_variation,300.0,55,281,1023,0.9636363387107849,linear,linear,alternating,block
chemistry_matched_structure_variation,300.0,55,287,375,0.9818181991577148,cyclic,cyclic,block,alternating
chemistry_matched_structure_variation,300.0,55,287,549,1.0,cyclic,cyclic,block,alternating
chemistry_matched_structure_variation,300.0,55,288,346,0.9636363387107849,linear,linear,block,gradient
chemistry_matched_structure_variation,300.0,55,288,524,1.0,linear,linear,block,random
chemistry_matched_structure_variation,300.0,55,288,547,0.9636363983154297,linear,cyclic,block,block
chemistry_matched_structure_variation,300.0,55,288,576,0.9636363983154297,linear,cyclic,block,block
chemistry_matched_structure_variation,300.0,55,288,617,0.9636363387107849,linear,linear,block,alternating
chemistry_matched_structure_variation,300.0,55,288,744,0.9636363983154297,linear,cyclic,block,alternating
chemistry_matched_structure_variation,300.0,55,296,616,0.9636363387107849,star,linear,random,random
chemistry_matched_structure_variation,300.0,55,296,722,0.9636363983154297,star,star,random,block
chemistry_matched_structure_variation,300.0,55,346,524,0.9636363387107849,linear,linear,gradient,random
chemistry_matched_structure_variation,300.0,55,346,547,0.9636363983154297,linear,cyclic,gradient,block
chemistry_matched_structure_variation,300.0,55,346,576,0.9636363983154297,linear,cyclic,gradient,block
chemistry_matched_structure_variation,300.0,55,346,617,1.0,linear,linear,gradient,alternating
chemistry_matched_structure_variation,300.0,55,346,711,0.9636363387107849,linear,star,gradient,random
chemistry_matched_structure_variation,300.0,55,346,744,0.9636363983154297,linear,cyclic,gradient,alternating
chemistry_matched_structure_variation,300.0,55,351,527,0.9636363387107849,linear,linear,alternating,random
chemistry_matched_structure_variation,300.0,55,351,730,0.9636363983154297,linear,star,alternating,block
chemistry_matched_structure_variation,300.0,55,351,817,0.9636363983154297,linear,cyclic,alternating,random
chemistry_matched_structure_variation,300.0,55,351,851,0.9636363387107849,linear,linear,alternating,gradient
chemistry_matched_structure_variation,300.0,55,351,860,0.9636363983154297,linear,cyclic,alternating,alternating
chemistry_matched_structure_variation,300.0,55,351,1023,0.9818181991577148,linear,linear,alternating,block
chemistry_matched_structure_variation,300.0,55,351,1035,0.9636363983154297,linear,star,alternating,random
chemistry_matched_structure_variation,300.0,55,353,715,0.9636363983154297,cyclic,linear,alternating,block
chemistry_matched_structure_variation,300.0,55,353,885,1.0,cyclic,cyclic,alternating,block
chemistry_matched_structure_variation,300.0,55,355,527,0.9818181991577148,linear,linear,block,random
chemistry_matched_structure_variation,300.0,55,355,812,0.9636363387107849,linear,star,block,block
chemistry_matched_structure_variation,300.0,55,355,817,0.9636363983154297,linear,cyclic,block,random
chemistry_matched_structure_variation,300.0,55,355,860,0.9636363983154297,linear,cyclic,block,alternating
chemistry_matched_structure_variation,300.0,55,357,738,0.9636363387107849,star,linear,alternating,alternating
chemistry_matched_structure_variation,300.0,55,381,475,0.9636363983154297,linear,cyclic,block,alternating
chemistry_matched_structure_variation,300.0,55,388,1069,0.9636363387107849,star,linear,random,block
chemistry_matched_structure_variation,300.0,55,408,450,0.9636363983154297,cyclic,linear,alternating,alternating
chemistry_matched_structure_variation,300.0,55,408,616,0.9636363983154297,cyclic,linear,alternating,random
chemistry_matched_structure_variation,300.0,55,408,736,1.0,cyclic,cyclic,alternating,random
chemistry_matched_structure_variation,300.0,55,414,473,0.9636363983154297,cyclic,linear,alternating,alternating
chemistry_matched_structure_variation,300.0,55,427,474,0.9818181991577148,cyclic,cyclic,block,alternating
chemistry_matched_structure_variation,300.0,55,427,976,1.0,cyclic,cyclic,block,alternating
chemistry_matched_structure_variation,300.0,55,450,616,0.9636363387107849,linear,linear,alternating,random
chemistry_matched_structure_variation,300.0,55,450,736,0.9636363983154297,linear,cyclic,alternating,random
chemistry_matched_structure_variation,300.0,55,450,992,0.9636363387107849,linear,star,alternating,random
chemistry_matched_structure_variation,300.0,55,476,498,0.9636363387107849,linear,linear,random,alternating
chemistry_matched_structure_variation,300.0,55,478,674,0.9636363983154297,linear,cyclic,alternating,alternating
chemistry_matched_structure_variation,300.0,55,478,726,0.9818181991577148,linear,linear,alternating,random
chemistry_matched_structure_variation,300.0,55,524,547,0.9636363983154297,linear,cyclic,random,block
chemistry_matched_structure_variation,300.0,55,524,576,0.9636363983154297,linear,cyclic,random,block
chemistry_matched_structure_variation,300.0,55,524,617,0.9636363387107849,linear,linear,random,alternating
chemistry_matched_structure_variation,300.0,55,524,642,0.9818181991577148,linear,linear,random,block
chemistry_matched_structure_variation,300.0,55,524,744,0.9636363983154297,linear,cyclic,random,alternating
chemistry_matched_structure_variation,300.0,55,527,812,0.9636363387107849,linear,star,random,block
chemistry_matched_structure_variation,300.0,55,527,817,0.9636363983154297,linear,cyclic,random,random
chemistry_matched_structure_variation,300.0,55,527,851,0.9636363387107849,linear,linear,random,gradient
chemistry_matched_structure_variation,300.0,55,527,860,0.9636363983154297,linear,cyclic,random,alternating
chemistry_matched_structure_variation,300.0,55,527,864,0.9636363387107849,linear,linear,random,alternating
chemistry_matched_structure_variation,300.0,55,535,603,0.9636363983154297,linear,cyclic,alternating,alternating
chemistry_matched_structure_variation,300.0,55,544,612,0.9818181991577148,cyclic,cyclic,alternating,block
chemistry_matched_structure_variation,300.0,55,544,737,0.9636363983154297,cyclic,linear,alternating,alternating
chemistry_matched_structure_variation,300.0,55,544,801,0.9818181991577148,cyclic,cyclic,alternating,random
chemistry_matched_structure_variation,300.0,55,544,873,0.9636363983154297,cyclic,linear,alternating,block
chemistry_matched_structure_variation,300.0,55,547,617,0.9636363983154297,cyclic,linear,block,alternating
chemistry_matched_structure_variation,300.0,55,547,642,0.9636363983154297,cyclic,linear,block,block
chemistry_matched_structure_variation,300.0,55,547,744,1.0,cyclic,cyclic,block,alternating
chemistry_matched_structure_variation,300.0,55,547,830,0.9636363983154297,cyclic,linear,block,random
chemistry_matched_structure_variation,300.0,55,555,646,0.9818181991577148,star,star,random,alternating
chemistry_matched_structure_variation,300.0,55,556,628,0.9636363387107849,cyclic,linear,block,block
chemistry_matched_structure_variation,300.0,55,556,1017,0.9636363387107849,cyclic,linear,block,block
chemistry_matched_structure_variation,300.0,55,557,686,0.9636363983154297,linear,cyclic,alternating,alternating
chemistry_matched_structure_variation,300.0,55,557,826,0.9636363387107849,linear,linear,alternating,block
chemistry_matched_structure_variation,300.0,55,557,1074,0.9636363983154297,linear,cyclic,alternating,block
chemistry_matched_structure_variation,300.0,55,576,617,0.9636363983154297,cyclic,linear,block,alternating
chemistry_matched_structure_variation,300.0,55,576,642,0.9636363983154297,cyclic,linear,block,block
chemistry_matched_structure_variation,300.0,55,576,744,1.0,cyclic,cyclic,block,alternating
chemistry_matched_structure_variation,300.0,55,576,830,0.9636363983154297,cyclic,linear,block,random
chemistry_matched_structure_variation,300.0,55,583,1017,0.9636363983154297,star,linear,block,block
chemistry_matched_structure_variation,300.0,55,600,694,0.9818181991577148,cyclic,cyclic,random,alternating
chemistry_matched_structure_variation,300.0,55,605,610,0.9636363983154297,cyclic,linear,random,block
chemistry_matched_structure_variation,300.0,55,605,678,0.9636363983154297,cyclic,linear,random,alternating
chemistry_matched_structure_variation,300.0,55,605,794,1.0,cyclic,cyclic,random,block
chemistry_matched_structure_variation,300.0,55,605,796,0.9636363983154297,cyclic,linear,random,random
chemistry_matched_structure_variation,300.0,55,605,810,0.9636363983154297,cyclic,linear,random,block
chemistry_matched_structure_variation,300.0,55,605,934,0.9636363983154297,cyclic,linear,random,random
chemistry_matched_structure_variation,300.0,55,605,948,0.9818181991577148,cyclic,cyclic,random,block
chemistry_matched_structure_variation,300.0,55,610,794,0.9636363983154297,linear,cyclic,block,block
chemistry_matched_structure_variation,300.0,55,610,948,0.9636363983154297,linear,cyclic,block,block
chemistry_matched_structure_variation,300.0,55,612,737,0.9636363983154297,cyclic,linear,block,alternating
chemistry_matched_structure_variation,300.0,55,612,801,1.0,cyclic,cyclic,block,random
chemistry_matched_structure_variation,300.0,55,612,873,0.9636363983154297,cyclic,linear,block,block
chemistry_matched_structure_variation,300.0,55,616,722,0.9636363387107849,linear,star,random,block
chemistry_matched_structure_variation,300.0,55,616,736,0.9636363983154297,linear,cyclic,random,random
chemistry_matched_structure_variation,300.0,55,617,711,0.9636363387107849,linear,star,alternating,random
chemistry_matched_structure_variation,300.0,55,617,744,0.9636363983154297,linear,cyclic,alternating,alternating
chemistry_matched_structure_variation,300.0,55,628,707,0.9636363983154297,linear,star,block,block
chemistry_matched_structure_variation,300.0,55,628,1046,0.9636363983154297,linear,star,block,block
chemistry_matched_structure_variation,300.0,55,630,797,1.0,cyclic,cyclic,block,random
chemistry_matched_structure_variation,300.0,55,630,964,0.9636363983154297,cyclic,linear,block,random
chemistry_matched_structure_variation,300.0,55,630,965,0.9636363983154297,cyclic,linear,block,alternating
chemistry_matched_structure_variation,300.0,55,630,1054,0.9818181991577148,cyclic,cyclic,block,alternating
chemistry_matched_structure_variation,300.0,55,636,713,0.9636363983154297,cyclic,linear,alternating,random
chemistry_matched_structure_variation,300.0,55,636,895,0.9636363983154297,cyclic,linear,alternating,gradient
chemistry_matched_structure_variation,300.0,55,636,993,0.9636363983154297,cyclic,linear,alternating,alternating
chemistry_matched_structure_variation,300.0,55,636,1028,0.9636363983154297,cyclic,linear,alternating,block
chemistry_matched_structure_variation,300.0,55,642,744,0.9636363983154297,linear,cyclic,block,alternating
chemistry_matched_structure_variation,300.0,55,642,830,0.9636363387107849,linear,linear,block,random
chemistry_matched_structure_variation,300.0,55,664,674,0.9636363983154297,linear,cyclic,random,alternating
chemistry_matched_structure_variation,300.0,55,664,738,0.9636363387107849,linear,linear,random,alternating
chemistry_matched_structure_variation,300.0,55,672,996,0.9636363983154297,cyclic,linear,alternating,block
chemistry_matched_structure_variation,300.0,55,674,726,0.9636363983154297,cyclic,linear,alternating,random
chemistry_matched_structure_variation,300.0,55,674,738,0.9636363983154297,cyclic,linear,alternating,alternating
chemistry_matched_structure_variation,300.0,55,678,794,0.9636363983154297,linear,cyclic,alternating,block
chemistry_matched_structure_variation,300.0,55,678,796,0.9636363387107849,linear,linear,alternating,random
chemistry_matched_structure_variation,300.0,55,678,810,0.9818181991577148,linear,linear,alternating,block
chemistry_matched_structure_variation,300.0,55,678,934,0.9636363387107849,linear,linear,alternating,random
chemistry_matched_structure_variation,300.0,55,678,948,0.9636363983154297,linear,cyclic,alternating,block
chemistry_matched_structure_variation,300.0,55,680,912,1.0,star,star,block,random
chemistry_matched_structure_variation,300.0,55,680,965,0.9636363387107849,star,linear,block,alternating
chemistry_matched_structure_variation,300.0,55,680,1091,0.9636363983154297,star,star,block,alternating
chemistry_matched_structure_variation,300.0,55,686,826,0.9636363983154297,cyclic,linear,alternating,block
chemistry_matched_structure_variation,300.0,55,686,1074,1.0,cyclic,cyclic,alternating,block
chemistry_matched_structure_variation,300.0,55,704,1017,0.9636363983154297,star,linear,block,block
chemistry_matched_structure_variation,300.0,55,713,895,0.9636363387107849,linear,linear,random,gradient
chemistry_matched_structure_variation,300.0,55,713,1014,0.9636363387107849,linear,star,random,alternating
chemistry_matched_structure_variation,300.0,55,715,885,0.9636363983154297,linear,cyclic,block,block
chemistry_matched_structure_variation,300.0,55,726,738,0.9636363387107849,linear,linear,random,alternating
chemistry_matched_structure_variation,300.0,55,730,1023,0.9636363983154297,star,linear,block,block
chemistry_matched_structure_variation,300.0,55,730,1035,0.9818181991577148,star,star,block,random
chemistry_matched_structure_variation,300.0,55,734,924,0.9818181991577148,linear,linear,random,alternating
chemistry_matched_structure_variation,300.0,55,734,989,0.9636363983154297,linear,cyclic,random,alternating
chemistry_matched_structure_variation,300.0,55,734,995,0.9636363983154297,linear,cyclic,random,block
chemistry_matched_structure_variation,300.0,55,734,999,0.9636363387107849,linear,linear,random,block
chemistry_matched_structure_variation,300.0,55,734,1005,0.9636363983154297,linear,cyclic,random,block
chemistry_matched_structure_variation,300.0,55,734,1024,0.9636363983154297,linear,star,random,alternating
chemistry_matched_structure_variation,300.0,55,734,1040,0.9636363983154297,linear,cyclic,random,random
chemistry_matched_structure_variation,300.0,55,737,801,0.9636363983154297,linear,cyclic,alternating,random
chemistry_matched_structure_variation,300.0,55,737,873,1.0,linear,linear,alternating,block
chemistry_matched_structure_variation,300.0,55,744,830,0.9636363983154297,cyclic,linear,alternating,random
chemistry_matched_structure_variation,300.0,55,746,1082,0.9636363983154297,star,star,alternating,random
chemistry_matched_structure_variation,300.0,55,752,996,0.9636363983154297,cyclic,linear,alternating,block
chemistry_matched_structure_variation,300.0,55,770,1048,1.0,star,star,block,alternating
chemistry_matched_structure_variation,300.0,55,784,812,0.9636363983154297,star,star,alternating,block
chemistry_matched_structure_variation,300.0,55,784,1006,0.9818181991577148,star,star,alternating,block
chemistry_matched_structure_variation,300.0,55,794,796,0.9636363983154297,cyclic,linear,block,random
chemistry_matched_structure_variation,300.0,55,794,810,0.9636363983154297,cyclic,linear,block,block
chemistry_matched_structure_variation,300.0,55,794,934,0.9636363983154297,cyclic,linear,block,random
chemistry_matched_structure_variation,300.0,55,796,948,0.9636363983154297,linear,cyclic,random,block
chemistry_matched_structure_variation,300.0,55,797,964,0.9636363983154297,cyclic,linear,random,random
chemistry_matched_structure_variation,300.0,55,797,965,0.9636363983154297,cyclic,linear,random,alternating
chemistry_matched_structure_variation,300.0,55,797,1054,0.9818181991577148,cyclic,cyclic,random,alternating
chemistry_matched_structure_variation,300.0,55,801,873,0.9636363983154297,cyclic,linear,random,block
chemistry_matched_structure_variation,300.0,55,810,948,0.9636363983154297,linear,cyclic,block,block
chemistry_matched_structure_variation,300.0,55,817,851,0.9636363983154297,cyclic,linear,random,gradient
chemistry_matched_structure_variation,300.0,55,817,860,1.0,cyclic,cyclic,random,alternating
chemistry_matched_structure_variation,300.0,55,817,864,0.9636363983154297,cyclic,linear,random,alternating
chemistry_matched_structure_variation,300.0,55,817,1023,0.9636363983154297,cyclic,linear,random,block
chemistry_matched_structure_variation,300.0,55,820,924,0.9818181991577148,linear,linear,random,alternating
chemistry_matched_structure_variation,300.0,55,820,989,0.9636363983154297,linear,cyclic,random,alternating
chemistry_matched_structure_variation,300.0,55,820,995,0.9636363983154297,linear,cyclic,random,block
chemistry_matched_structure_variation,300.0,55,820,999,0.9636363387107849,linear,linear,random,block
chemistry_matched_structure_variation,300.0,55,820,1005,0.9636363983154297,linear,cyclic,random,block
chemistry_matched_structure_variation,300.0,55,820,1024,0.9636363983154297,linear,star,random,alternating
chemistry_matched_structure_variation,300.0,55,820,1040,0.9636363983154297,linear,cyclic,random,random
chemistry_matched_structure_variation,300.0,55,826,1074,0.9636363983154297,linear,cyclic,block,block
chemistry_matched_structure_variation,300.0,55,851,860,0.9636363983154297,linear,cyclic,gradient,alternating
chemistry_matched_structure_variation,300.0,55,851,864,1.0,linear,linear,gradient,alternating
chemistry_matched_structure_variation,300.0,55,860,864,0.9636363983154297,cyclic,linear,alternating,alternating
chemistry_matched_structure_variation,300.0,55,860,1023,0.9636363983154297,cyclic,linear,alternating,block
chemistry_matched_structure_variation,300.0,55,895,993,0.9818181991577148,linear,linear,gradient,alternating
chemistry_matched_structure_variation,300.0,55,895,1028,0.9818181991577148,linear,linear,gradient,block
chemistry_matched_structure_variation,300.0,55,910,934,0.9636363387107849,star,linear,block,random
chemistry_matched_structure_variation,300.0,55,912,965,0.9636363387107849,star,linear,random,alternating
chemistry_matched_structure_variation,300.0,55,912,1091,0.9636363983154297,star,star,random,alternating
chemistry_matched_structure_variation,300.0,55,924,989,0.9636363983154297,linear,cyclic,alternating,alternating
chemistry_matched_structure_variation,300.0,55,924,995,0.9636363983154297,linear,cyclic,alternating,block
chemistry_matched_structure_variation,300.0,55,924,1005,0.9636363983154297,linear,cyclic,alternating,block
chemistry_matched_structure_variation,300.0,55,924,1024,0.9636363387107849,linear,star,alternating,alternating
chemistry_matched_structure_variation,300.0,55,924,1040,0.9636363983154297,linear,cyclic,alternating,random
chemistry_matched_structure_variation,300.0,55,924,1061,1.0,linear,linear,alternating,random
chemistry_matched_structure_variation,300.0,55,934,948,0.9636363983154297,linear,cyclic,random,block
chemistry_matched_structure_variation,300.0,55,964,965,0.9636363387107849,linear,linear,random,alternating
chemistry_matched_structure_variation,300.0,55,964,1054,0.9636363983154297,linear,cyclic,random,alternating
chemistry_matched_structure_variation,300.0,55,965,1054,0.9636363983154297,linear,cyclic,alternating,alternating
chemistry_matched_structure_variation,300.0,55,989,995,1.0,cyclic,cyclic,alternating,block
chemistry_matched_structure_variation,300.0,55,989,999,0.9636363983154297,cyclic,linear,alternating,block
chemistry_matched_structure_variation,300.0,55,989,1005,1.0,cyclic,cyclic,alternating,block
chemistry_matched_structure_variation,300.0,55,989,1040,1.0,cyclic,cyclic,alternating,random
chemistry_matched_structure_variation,300.0,55,989,1061,0.9636363983154297,cyclic,linear,alternating,random
chemistry_matched_structure_variation,300.0,55,993,1028,1.0,linear,linear,alternating,block
chemistry_matched_structure_variation,300.0,55,995,999,0.9636363983154297,cyclic,linear,block,block
chemistry_matched_structure_variation,300.0,55,995,1040,1.0,cyclic,cyclic,block,random
chemistry_matched_structure_variation,300.0,55,995,1061,0.9636363983154297,cyclic,linear,block,random
chemistry_matched_structure_variation,300.0,55,999,1005,0.9636363983154297,linear,cyclic,block,block
chemistry_matched_structure_variation,300.0,55,999,1040,0.9636363983154297,linear,cyclic,block,random
chemistry_matched_structure_variation,300.0,55,1005,1040,1.0,cyclic,cyclic,block,random
chemistry_matched_structure_variation,300.0,55,1005,1061,0.9636363983154297,cyclic,linear,block,random
chemistry_matched_structure_variation,300.0,55,1023,1035,0.9636363983154297,linear,star,block,random
chemistry_matched_structure_variation,300.0,55,1024,1061,0.9636363387107849,star,linear,alternating,random
chemistry_matched_structure_variation,300.0,55,1040,1061,0.9636363983154297,cyclic,linear,random,random
chemistry_matched_structure_variation,300.0,57,45,114,1.0,cyclic,cyclic,gradient,alternating
chemistry_matched_structure_variation,300.0,57,56,114,1.0,cyclic,cyclic,gradient,alternating
chemistry_matched_structure_variation,300.0,57,149,870,0.9824560880661011,cyclic,cyclic,gradient,alternating
chemistry_matched_structure_variation,300.0,57,338,870,0.9824560880661011,cyclic,cyclic,gradient,alternating
chemistry_matched_structure_variation,300.0,57,658,939,1.0,comb,comb,junction_enriched,random
chemistry_matched_structure_variation,300.0,57,792,1079,1.0,cyclic,cyclic,gradient,block
chemistry_matched_structure_variation,300.0,59,59,465,0.9661017060279846,cyclic,linear,gradient,block
chemistry_matched_structure_variation,300.0,59,59,740,0.9661017060279846,cyclic,linear,gradient,block
chemistry_matched_structure_variation,300.0,59,75,105,1.0,linear,linear,gradient,random
chemistry_matched_structure_variation,300.0,59,75,111,0.9661017060279846,linear,cyclic,gradient,block
chemistry_matched_structure_variation,300.0,59,75,113,0.9661017060279846,linear,cyclic,gradient,random
chemistry_matched_structure_variation,300.0,59,75,200,0.9661017060279846,linear,cyclic,gradient,random
chemistry_matched_structure_variation,300.0,59,75,212,0.9661017060279846,linear,cyclic,gradient,random
chemistry_matched_structure_variation,300.0,59,75,257,0.9661017060279846,linear,linear,gradient,block
chemistry_matched_structure_variation,300.0,59,75,307,1.0,linear,linear,gradient,alternating
chemistry_matched_structure_variation,300.0,59,75,424,0.9661017060279846,linear,linear,gradient,block
chemistry_matched_structure_variation,300.0,59,75,429,0.9661017060279846,linear,cyclic,gradient,gradient
chemistry_matched_structure_variation,300.0,59,75,459,1.0,linear,linear,gradient,random
chemistry_matched_structure_variation,300.0,59,81,105,0.9661017060279846,linear,linear,gradient,random
chemistry_matched_structure_variation,300.0,59,81,111,0.9661017060279846,linear,cyclic,gradient,block
chemistry_matched_structure_variation,300.0,59,81,113,0.9661017060279846,linear,cyclic,gradient,random
chemistry_matched_structure_variation,300.0,59,81,200,0.9661017060279846,linear,cyclic,gradient,random
chemistry_matched_structure_variation,300.0,59,81,212,0.9661017060279846,linear,cyclic,gradient,random
chemistry_matched_structure_variation,300.0,59,81,257,0.9661017060279846,linear,linear,gradient,block
chemistry_matched_structure_variation,300.0,59,81,307,0.9661017060279846,linear,linear,gradient,alternating
chemistry_matched_structure_variation,300.0,59,81,424,0.9661017060279846,linear,linear,gradient,block
chemistry_matched_structure_variation,300.0,59,81,429,0.9661017060279846,linear,cyclic,gradient,gradient
chemistry_matched_structure_variation,300.0,59,81,459,0.9661017060279846,linear,linear,gradient,random
chemistry_matched_structure_variation,300.0,59,105,111,0.9661017060279846,linear,cyclic,random,block
chemistry_matched_structure_variation,300.0,59,105,113,0.9661017060279846,linear,cyclic,random,random
chemistry_matched_structure_variation,300.0,59,105,169,0.9661017060279846,linear,linear,random,gradient
chemistry_matched_structure_variation,300.0,59,105,200,0.9661017060279846,linear,cyclic,random,random
chemistry_matched_structure_variation,300.0,59,105,212,0.9661017060279846,linear,cyclic,random,random
chemistry_matched_structure_variation,300.0,59,105,257,0.9661017060279846,linear,linear,random,block
chemistry_matched_structure_variation,300.0,59,105,307,1.0,linear,linear,random,alternating
chemistry_matched_structure_variation,300.0,59,105,424,0.9661017060279846,linear,linear,random,block
chemistry_matched_structure_variation,300.0,59,105,429,0.9661017060279846,linear,cyclic,random,gradient
chemistry_matched_structure_variation,300.0,59,111,113,1.0,cyclic,cyclic,block,random
chemistry_matched_structure_variation,300.0,59,111,169,0.9661017060279846,cyclic,linear,block,gradient
chemistry_matched_structure_variation,300.0,59,111,200,1.0,cyclic,cyclic,block,random
chemistry_matched_structure_variation,300.0,59,111,212,1.0,cyclic,cyclic,block,random
chemistry_matched_structure_variation,300.0,59,111,257,0.9661017060279846,cyclic,linear,block,block
chemistry_matched_structure_variation,300.0,59,111,307,0.9661017060279846,cyclic,linear,block,alternating
chemistry_matched_structure_variation,300.0,59,111,424,0.9661017060279846,cyclic,linear,block,block
chemistry_matched_structure_variation,300.0,59,111,429,1.0,cyclic,cyclic,block,gradient
chemistry_matched_structure_variation,300.0,59,111,459,0.9661017060279846,cyclic,linear,block,random
chemistry_matched_structure_variation,300.0,59,113,169,0.9661017060279846,cyclic,linear,random,gradient
chemistry_matched_structure_variation,300.0,59,113,257,0.9661017060279846,cyclic,linear,random,block
chemistry_matched_structure_variation,300.0,59,113,307,0.9661017060279846,cyclic,linear,random,alternating
chemistry_matched_structure_variation,300.0,59,113,424,0.9661017060279846,cyclic,linear,random,block
chemistry_matched_structure_variation,300.0,59,113,429,1.0,cyclic,cyclic,random,gradient
chemistry_matched_structure_variation,300.0,59,113,459,0.9661017060279846,cyclic,linear,random,random
chemistry_matched_structure_variation,300.0,59,169,200,0.9661017060279846,linear,cyclic,gradient,random
chemistry_matched_structure_variation,300.0,59,169,212,0.9661017060279846,linear,cyclic,gradient,random
chemistry_matched_structure_variation,300.0,59,169,257,0.9661017060279846,linear,linear,gradient,block
chemistry_matched_structure_variation,300.0,59,169,307,0.9661017060279846,linear,linear,gradient,alternating
chemistry_matched_structure_variation,300.0,59,169,424,0.9661017060279846,linear,linear,gradient,block
chemistry_matched_structure_variation,300.0,59,169,429,0.9661017060279846,linear,cyclic,gradient,gradient
chemistry_matched_structure_variation,300.0,59,169,459,0.9661017060279846,linear,linear,gradient,random
chemistry_matched_structure_variation,300.0,59,200,257,0.9661017060279846,cyclic,linear,random,block
chemistry_matched_structure_variation,300.0,59,200,307,0.9661017060279846,cyclic,linear,random,alternating
chemistry_matched_structure_variation,300.0,59,200,424,0.9661017060279846,cyclic,linear,random,block
chemistry_matched_structure_variation,300.0,59,200,429,1.0,cyclic,cyclic,random,gradient
chemistry_matched_structure_variation,300.0,59,200,459,0.9661017060279846,cyclic,linear,random,random
chemistry_matched_structure_variation,300.0,59,212,257,0.9661017060279846,cyclic,linear,random,block
chemistry_matched_structure_variation,300.0,59,212,307,0.9661017060279846,cyclic,linear,random,alternating
chemistry_matched_structure_variation,300.0,59,212,424,0.9661017060279846,cyclic,linear,random,block
chemistry_matched_structure_variation,300.0,59,212,429,1.0,cyclic,cyclic,random,gradient
chemistry_matched_structure_variation,300.0,59,212,459,0.9661017060279846,cyclic,linear,random,random
chemistry_matched_structure_variation,300.0,59,224,901,1.0,branch,branch,random,junction_enriched
chemistry_matched_structure_variation,300.0,59,257,307,0.9661017060279846,linear,linear,block,alternating
chemistry_matched_structure_variation,300.0,59,257,429,0.9661017060279846,linear,cyclic,block,gradient
chemistry_matched_structure_variation,300.0,59,257,459,0.9661017060279846,linear,linear,block,random
chemistry_matched_structure_variation,300.0,59,307,424,0.9661017060279846,linear,linear,alternating,block
chemistry_matched_structure_variation,300.0,59,307,429,0.9661017060279846,linear,cyclic,alternating,gradient
chemistry_matched_structure_variation,300.0,59,307,459,1.0,linear,linear,alternating,random
chemistry_matched_structure_variation,300.0,59,424,429,0.9661017060279846,linear,cyclic,block,gradient
chemistry_matched_structure_variation,300.0,59,424,459,0.9661017060279846,linear,linear,block,random
chemistry_matched_structure_variation,300.0,59,429,459,0.9661017060279846,cyclic,linear,gradient,random
chemistry_matched_structure_variation,300.0,59,440,500,0.9830508232116699,cyclic,cyclic,gradient,alternating
chemistry_matched_structure_variation,300.0,59,440,690,0.9661017060279846,cyclic,linear,gradient,block
chemistry_matched_structure_variation,300.0,59,500,690,0.9661017060279846,cyclic,linear,alternating,block
chemistry_matched_structure_variation,300.0,59,586,742,0.9661017060279846,cyclic,linear,random,alternating
chemistry_matched_structure_variation,300.0,59,586,771,1.0,cyclic,cyclic,random,gradient
chemistry_matched_structure_variation,300.0,59,586,929,0.9661017060279846,cyclic,linear,random,block
chemistry_matched_structure_variation,300.0,59,586,1070,1.0,cyclic,cyclic,random,gradient
chemistry_matched_structure_variation,300.0,59,742,771,0.9661017060279846,linear,cyclic,alternating,gradient
chemistry_matched_structure_variation,300.0,59,742,929,1.0,linear,linear,alternating,block
chemistry_matched_structure_variation,300.0,59,742,1070,0.9661017060279846,linear,cyclic,alternating,gradient
chemistry_matched_structure_variation,300.0,59,771,929,0.9661017060279846,cyclic,linear,gradient,block
chemistry_matched_structure_variation,300.0,59,929,1070,0.9661017060279846,linear,cyclic,block,gradient
chemistry_matched_structure_variation,300.0,67,73,139,0.9850746393203735,cyclic,cyclic,random,block
chemistry_matched_structure_variation,300.0,67,182,327,0.9850746393203735,cyclic,cyclic,block,alternating
chemistry_matched_structure_variation,300.0,68,5,242,1.0,cyclic,cyclic,random,block
chemistry_matched_structure_variation,300.0,68,274,371,1.0,cyclic,cyclic,alternating,block
chemistry_matched_structure_variation,300.0,70,12,394,0.9714285731315613,cyclic,linear,block,block
chemistry_matched_structure_variation,300.0,70,12,539,0.9714285731315613,cyclic,linear,block,block
chemistry_matched_structure_variation,300.0,70,25,97,0.9714285731315613,linear,linear,alternating,random
chemistry_matched_structure_variation,300.0,70,25,183,0.9714285731315613,linear,cyclic,alternating,block
chemistry_matched_structure_variation,300.0,70,25,325,0.9714285731315613,linear,cyclic,alternating,random
chemistry_matched_structure_variation,300.0,70,25,387,0.9714285731315613,linear,cyclic,alternating,alternating
chemistry_matched_structure_variation,300.0,70,25,415,0.9714285731315613,linear,cyclic,alternating,random
chemistry_matched_structure_variation,300.0,70,25,490,0.9714285731315613,linear,cyclic,alternating,alternating
chemistry_matched_structure_variation,300.0,70,25,537,0.9714285731315613,linear,linear,alternating,block
chemistry_matched_structure_variation,300.0,70,46,282,0.9857142567634583,star,star,block,alternating
chemistry_matched_structure_variation,300.0,70,57,394,0.9714285731315613,star,linear,block,block
chemistry_matched_structure_variation,300.0,70,57,684,0.9857142567634583,star,star,block,alternating
chemistry_matched_structure_variation,300.0,70,92,112,0.9714285731315613,cyclic,linear,random,alternating
chemistry_matched_structure_variation,300.0,70,92,123,1.0,cyclic,cyclic,random,alternating
chemistry_matched_structure_variation,300.0,70,92,859,1.0,cyclic,cyclic,random,alternating
chemistry_matched_structure_variation,300.0,70,97,183,0.9714285731315613,linear,cyclic,random,block
chemistry_matched_structure_variation,300.0,70,97,234,0.9714285731315613,linear,star,random,alternating
chemistry_matched_structure_variation,300.0,70,97,325,0.9714285731315613,linear,cyclic,random,random
chemistry_matched_structure_variation,300.0,70,97,387,0.9714285731315613,linear,cyclic,random,alternating
chemistry_matched_structure_variation,300.0,70,97,415,0.9714285731315613,linear,cyclic,random,random
chemistry_matched_structure_variation,300.0,70,97,490,0.9714285731315613,linear,cyclic,random,alternating
chemistry_matched_structure_variation,300.0,70,97,519,0.9714285731315613,linear,linear,random,alternating
chemistry_matched_structure_variation,300.0,70,97,537,1.0,linear,linear,random,block
chemistry_matched_structure_variation,300.0,70,112,123,0.9714285731315613,linear,cyclic,alternating,alternating
chemistry_matched_structure_variation,300.0,70,112,859,0.9714285731315613,linear,cyclic,alternating,alternating
chemistry_matched_structure_variation,300.0,70,129,188,0.9714285731315613,linear,cyclic,alternating,alternating
chemistry_matched_structure_variation,300.0,70,129,647,0.9714285731315613,linear,cyclic,alternating,block
chemistry_matched_structure_variation,300.0,70,132,802,0.9857142567634583,star,star,alternating,block
chemistry_matched_structure_variation,300.0,70,138,143,1.0,cyclic,cyclic,alternating,random
chemistry_matched_structure_variation,300.0,70,138,174,1.0,cyclic,cyclic,alternating,block
chemistry_matched_structure_variation,300.0,70,138,253,0.9714285731315613,cyclic,linear,alternating,random
chemistry_matched_structure_variation,300.0,70,138,472,0.9714285731315613,cyclic,linear,alternating,random
chemistry_matched_structure_variation,300.0,70,138,683,0.9714285731315613,cyclic,linear,alternating,alternating
chemistry_matched_structure_variation,300.0,70,138,879,0.9714285731315613,cyclic,linear,alternating,random
chemistry_matched_structure_variation,300.0,70,143,174,1.0,cyclic,cyclic,random,block
chemistry_matched_structure_variation,300.0,70,143,253,0.9714285731315613,cyclic,linear,random,random
chemistry_matched_structure_variation,300.0,70,143,472,0.9714285731315613,cyclic,linear,random,random
chemistry_matched_structure_variation,300.0,70,143,683,0.9714285731315613,cyclic,linear,random,alternating
chemistry_matched_structure_variation,300.0,70,143,879,0.9714285731315613,cyclic,linear,random,random
chemistry_matched_structure_variation,300.0,70,146,188,0.9714285731315613,linear,cyclic,alternating,alternating
chemistry_matched_structure_variation,300.0,70,146,647,0.9714285731315613,linear,cyclic,alternating,block
chemistry_matched_structure_variation,300.0,70,152,394,0.9714285731315613,star,linear,block,block
chemistry_matched_structure_variation,300.0,70,152,684,0.9857142567634583,star,star,block,alternating
chemistry_matched_structure_variation,300.0,70,174,253,0.9714285731315613,cyclic,linear,block,random
chemistry_matched_structure_variation,300.0,70,174,472,0.9714285731315613,cyclic,linear,block,random
chemistry_matched_structure_variation,300.0,70,174,683,0.9714285731315613,cyclic,linear,block,alternating
chemistry_matched_structure_variation,300.0,70,174,879,0.9714285731315613,cyclic,linear,block,random
chemistry_matched_structure_variation,300.0,70,175,539,0.9714285731315613,star,linear,alternating,block
chemistry_matched_structure_variation,300.0,70,179,204,0.9714285731315613,star,linear,random,alternating
chemistry_matched_structure_variation,300.0,70,183,325,1.0,cyclic,cyclic,block,random
chemistry_matched_structure_variation,300.0,70,183,387,1.0,cyclic,cyclic,block,alternating
chemistry_matched_structure_variation,300.0,70,183,415,1.0,cyclic,cyclic,block,random
chemistry_matched_structure_variation,300.0,70,183,490,1.0,cyclic,cyclic,block,alternating
chemistry_matched_structure_variation,300.0,70,183,519,0.9714285731315613,cyclic,linear,block,alternating
chemistry_matched_structure_variation,300.0,70,183,537,0.9714285731315613,cyclic,linear,block,block
chemistry_matched_structure_variation,300.0,70,188,244,0.9714285731315613,cyclic,linear,alternating,alternating
chemistry_matched_structure_variation,300.0,70,188,647,1.0,cyclic,cyclic,alternating,block
chemistry_matched_structure_variation,300.0,70,204,317,0.9714285731315613,linear,cyclic,alternating,random
chemistry_matched_structure_variation,300.0,70,204,384,0.9714285731315613,linear,cyclic,alternating,alternating
chemistry_matched_structure_variation,300.0,70,204,705,0.9714285731315613,linear,star,alternating,random
chemistry_matched_structure_variation,300.0,70,204,772,0.9714285731315613,linear,cyclic,alternating,alternating
chemistry_matched_structure_variation,300.0,70,204,960,0.9714285731315613,linear,cyclic,alternating,block
chemistry_matched_structure_variation,300.0,70,234,537,0.9714285731315613,star,linear,alternating,block
chemistry_matched_structure_variation,300.0,70,244,647,0.9714285731315613,linear,cyclic,alternating,block
chemistry_matched_structure_variation,300.0,70,253,683,0.9714285731315613,linear,linear,random,alternating
chemistry_matched_structure_variation,300.0,70,261,582,0.9857142567634583,star,star,alternating,block
chemistry_matched_structure_variation,300.0,70,265,270,0.9714285731315613,linear,cyclic,random,random
chemistry_matched_structure_variation,300.0,70,265,298,1.0,linear,linear,random,alternating
chemistry_matched_structure_variation,300.0,70,265,309,0.9714285731315613,linear,linear,random,block
chemistry_matched_structure_variation,300.0,70,265,391,0.9714285731315613,linear,cyclic,random,alternating
chemistry_matched_structure_variation,300.0,70,265,477,0.9714285731315613,linear,cyclic,random,block
chemistry_matched_structure_variation,300.0,70,265,507,0.9714285731315613,linear,linear,random,block
chemistry_matched_structure_variation,300.0,70,265,529,0.9714285731315613,linear,linear,random,alternating
chemistry_matched_structure_variation,300.0,70,270,298,0.9714285731315613,cyclic,linear,random,alternating
chemistry_matched_structure_variation,300.0,70,270,309,0.9714285731315613,cyclic,linear,random,block
chemistry_matched_structure_variation,300.0,70,270,356,0.9714285731315613,cyclic,linear,random,random
chemistry_matched_structure_variation,300.0,70,270,391,1.0,cyclic,cyclic,random,alternating
chemistry_matched_structure_variation,300.0,70,270,477,1.0,cyclic,cyclic,random,block
chemistry_matched_structure_variation,300.0,70,270,507,0.9714285731315613,cyclic,linear,random,block
chemistry_matched_structure_variation,300.0,70,270,529,0.9714285731315613,cyclic,linear,random,alternating
chemistry_matched_structure_variation,300.0,70,273,386,0.9714285731315613,cyclic,linear,alternating,random
chemistry_matched_structure_variation,300.0,70,273,1031,0.9714285731315613,cyclic,linear,alternating,alternating
chemistry_matched_structure_variation,300.0,70,282,928,0.9571428298950195,star,star,alternating,block
chemistry_matched_structure_variation,300.0,70,298,309,0.9714285731315613,linear,linear,alternating,block
chemistry_matched_structure_variation,300.0,70,298,356,0.9714285731315613,linear,linear,alternating,random
chemistry_matched_structure_variation,300.0,70,298,391,0.9714285731315613,linear,cyclic,alternating,alternating
chemistry_matched_structure_variation,300.0,70,298,477,0.9714285731315613,linear,cyclic,alternating,block
chemistry_matched_structure_variation,300.0,70,298,507,0.9714285731315613,linear,linear,alternating,block
chemistry_matched_structure_variation,300.0,70,309,356,0.9714285731315613,linear,linear,block,random
chemistry_matched_structure_variation,300.0,70,309,391,0.9714285731315613,linear,cyclic,block,alternating
chemistry_matched_structure_variation,300.0,70,309,477,0.9714285731315613,linear,cyclic,block,block
chemistry_matched_structure_variation,300.0,70,309,529,0.9714285731315613,linear,linear,block,alternating
chemistry_matched_structure_variation,300.0,70,313,765,1.0,cyclic,cyclic,random,alternating
chemistry_matched_structure_variation,300.0,70,313,970,0.9714285731315613,cyclic,linear,random,random
chemistry_matched_structure_variation,300.0,70,317,384,1.0,cyclic,cyclic,random,alternating
chemistry_matched_structure_variation,300.0,70,317,772,1.0,cyclic,cyclic,random,alternating
chemistry_matched_structure_variation,300.0,70,317,960,1.0,cyclic,cyclic,random,block
chemistry_matched_structure_variation,300.0,70,325,387,1.0,cyclic,cyclic,random,alternating
chemistry_matched_structure_variation,300.0,70,325,490,1.0,cyclic,cyclic,random,alternating
chemistry_matched_structure_variation,300.0,70,325,519,0.9714285731315613,cyclic,linear,random,alternating
chemistry_matched_structure_variation,300.0,70,325,537,0.9714285731315613,cyclic,linear,random,block
chemistry_matched_structure_variation,300.0,70,356,391,0.9714285731315613,linear,cyclic,random,alternating
chemistry_matched_structure_variation,300.0,70,356,477,0.9714285731315613,linear,cyclic,random,block
chemistry_matched_structure_variation,300.0,70,356,507,1.0,linear,linear,random,block
chemistry_matched_structure_variation,300.0,70,356,529,1.0,linear,linear,random,alternating
chemistry_matched_structure_variation,300.0,70,384,960,1.0,cyclic,cyclic,alternating,block
chemistry_matched_structure_variation,300.0,70,386,1031,0.9714285731315613,linear,linear,random,alternating
chemistry_matched_structure_variation,300.0,70,387,415,1.0,cyclic,cyclic,alternating,random
chemistry_matched_structure_variation,300.0,70,387,519,0.9714285731315613,cyclic,linear,alternating,alternating
chemistry_matched_structure_variation,300.0,70,387,537,0.9714285731315613,cyclic,linear,alternating,block
chemistry_matched_structure_variation,300.0,70,389,783,0.9714285731315613,linear,cyclic,random,random
chemistry_matched_structure_variation,300.0,70,389,920,1.0,linear,linear,random,alternating
chemistry_matched_structure_variation,300.0,70,389,947,0.9714285731315613,linear,linear,random,block
chemistry_matched_structure_variation,300.0,70,389,956,0.9714285731315613,linear,cyclic,random,alternating
chemistry_matched_structure_variation,300.0,70,389,997,0.9714285731315613,linear,cyclic,random,alternating
chemistry_matched_structure_variation,300.0,70,390,727,0.9714285731315613,cyclic,linear,block,block
chemistry_matched_structure_variation,300.0,70,390,735,0.9714285731315613,cyclic,linear,block,block
chemistry_matched_structure_variation,300.0,70,391,477,1.0,cyclic,cyclic,alternating,block
chemistry_matched_structure_variation,300.0,70,391,507,0.9714285731315613,cyclic,linear,alternating,block
chemistry_matched_structure_variation,300.0,70,391,529,0.9714285731315613,cyclic,linear,alternating,alternating
chemistry_matched_structure_variation,300.0,70,394,684,0.9714285731315613,linear,star,block,alternating
chemistry_matched_structure_variation,300.0,70,402,480,1.0,cyclic,cyclic,alternating,random
chemistry_matched_structure_variation,300.0,70,415,490,1.0,cyclic,cyclic,random,alternating
chemistry_matched_structure_variation,300.0,70,415,519,0.9714285731315613,cyclic,linear,random,alternating
chemistry_matched_structure_variation,300.0,70,415,537,0.9714285731315613,cyclic,linear,random,block
chemistry_matched_structure_variation,300.0,70,418,602,0.9714285731315613,cyclic,linear,alternating,random
chemistry_matched_structure_variation,300.0,70,418,708,1.0,cyclic,cyclic,alternating,block
chemistry_matched_structure_variation,300.0,70,418,981,0.9714285731315613,cyclic,linear,alternating,block
chemistry_matched_structure_variation,300.0,70,434,480,1.0,cyclic,cyclic,alternating,random
chemistry_matched_structure_variation,300.0,70,438,497,0.9857142567634583,star,star,alternating,block
chemistry_matched_structure_variation,300.0,70,456,564,0.9714285731315613,star,linear,alternating,block
chemistry_matched_structure_variation,300.0,70,456,682,0.9714285731315613,star,linear,alternating,random
chemistry_matched_structure_variation,300.0,70,472,683,0.9714285731315613,linear,linear,random,alternating
chemistry_matched_structure_variation,300.0,70,472,894,0.9714285731315613,linear,star,random,block
chemistry_matched_structure_variation,300.0,70,477,507,0.9714285731315613,cyclic,linear,block,block
chemistry_matched_structure_variation,300.0,70,477,529,0.9714285731315613,cyclic,linear,block,alternating
chemistry_matched_structure_variation,300.0,70,490,519,0.9714285731315613,cyclic,linear,alternating,alternating
chemistry_matched_structure_variation,300.0,70,490,537,0.9714285731315613,cyclic,linear,alternating,block
chemistry_matched_structure_variation,300.0,70,495,841,0.9857142567634583,star,star,alternating,block
chemistry_matched_structure_variation,300.0,70,501,651,0.9714285731315613,linear,linear,alternating,block
chemistry_matched_structure_variation,300.0,70,501,723,0.9714285731315613,linear,cyclic,alternating,alternating
chemistry_matched_structure_variation,300.0,70,501,819,0.9714285731315613,linear,cyclic,alternating,alternating
chemistry_matched_structure_variation,300.0,70,501,865,0.9714285731315613,linear,cyclic,alternating,block
chemistry_matched_structure_variation,300.0,70,507,529,1.0,linear,linear,block,alternating
chemistry_matched_structure_variation,300.0,70,515,577,0.9714285731315613,linear,cyclic,random,block
chemistry_matched_structure_variation,300.0,70,515,635,0.9714285731315613,linear,cyclic,random,alternating
chemistry_matched_structure_variation,300.0,70,519,537,0.9714285731315613,linear,linear,alternating,block
chemistry_matched_structure_variation,300.0,70,519,681,0.9714285731315613,linear,star,alternating,random
chemistry_matched_structure_variation,300.0,70,543,922,0.9714285731315613,linear,cyclic,alternating,alternating
chemistry_matched_structure_variation,300.0,70,564,682,1.0,linear,linear,block,random
chemistry_matched_structure_variation,300.0,70,564,933,0.9714285731315613,linear,cyclic,block,alternating
chemistry_matched_structure_variation,300.0,70,570,968,1.0,cyclic,cyclic,random,alternating
chemistry_matched_structure_variation,300.0,70,577,635,1.0,cyclic,cyclic,block,alternating
chemistry_matched_structure_variation,300.0,70,602,708,0.9714285731315613,linear,cyclic,random,block
chemistry_matched_structure_variation,300.0,70,602,981,0.9714285731315613,linear,linear,random,block
chemistry_matched_structure_variation,300.0,70,622,970,0.9714285731315613,star,linear,alternating,random
chemistry_matched_structure_variation,300.0,70,629,800,0.9714285731315613,cyclic,linear,alternating,alternating
chemistry_matched_structure_variation,300.0,70,629,805,1.0,cyclic,cyclic,alternating,block
chemistry_matched_structure_variation,300.0,70,651,723,0.9714285731315613,linear,cyclic,block,alternating
chemistry_matched_structure_variation,300.0,70,651,747,0.9714285731315613,linear,linear,block,alternating
chemistry_matched_structure_variation,300.0,70,651,819,0.9714285731315613,linear,cyclic,block,alternating
chemistry_matched_structure_variation,300.0,70,651,865,0.9714285731315613,linear,cyclic,block,block
chemistry_matched_structure_variation,300.0,70,651,972,0.9714285731315613,linear,linear,block,alternating
chemistry_matched_structure_variation,300.0,70,657,735,0.9714285731315613,star,linear,alternating,block
chemistry_matched_structure_variation,300.0,70,657,779,0.9857142567634583,star,star,alternating,block
chemistry_matched_structure_variation,300.0,70,657,843,0.9857142567634583,star,star,alternating,block
chemistry_matched_structure_variation,300.0,70,682,933,0.9714285731315613,linear,cyclic,random,alternating
chemistry_matched_structure_variation,300.0,70,683,879,0.9714285731315613,linear,linear,alternating,random
chemistry_matched_structure_variation,300.0,70,683,887,0.9714285731315613,linear,star,alternating,random
chemistry_matched_structure_variation,300.0,70,685,936,0.9714285731315613,linear,linear,alternating,block
chemistry_matched_structure_variation,300.0,70,685,1038,0.9714285731315613,linear,cyclic,alternating,alternating
chemistry_matched_structure_variation,300.0,70,685,1044,0.9714285731315613,linear,star,alternating,block
chemistry_matched_structure_variation,300.0,70,708,981,0.9714285731315613,cyclic,linear,block,block
chemistry_matched_structure_variation,300.0,70,723,747,0.9714285731315613,cyclic,linear,alternating,alternating
chemistry_matched_structure_variation,300.0,70,723,865,1.0,cyclic,cyclic,alternating,block
chemistry_matched_structure_variation,300.0,70,723,972,0.9714285731315613,cyclic,linear,alternating,alternating
chemistry_matched_structure_variation,300.0,70,724,725,0.9714285731315613,cyclic,linear,alternating,block
chemistry_matched_structure_variation,300.0,70,725,837,0.9714285731315613,linear,cyclic,block,alternating
chemistry_matched_structure_variation,300.0,70,735,779,0.9714285731315613,linear,star,block,block
chemistry_matched_structure_variation,300.0,70,735,843,0.9714285731315613,linear,star,block,block
chemistry_matched_structure_variation,300.0,70,747,819,0.9714285731315613,linear,cyclic,alternating,alternating
chemistry_matched_structure_variation,300.0,70,747,865,0.9714285731315613,linear,cyclic,alternating,block
chemistry_matched_structure_variation,300.0,70,763,786,1.0,cyclic,cyclic,alternating,block
chemistry_matched_structure_variation,300.0,70,763,863,1.0,cyclic,cyclic,alternating,random
chemistry_matched_structure_variation,300.0,70,763,977,1.0,cyclic,cyclic,alternating,block
chemistry_matched_structure_variation,300.0,70,765,970,0.9714285731315613,cyclic,linear,alternating,random
chemistry_matched_structure_variation,300.0,70,772,960,1.0,cyclic,cyclic,alternating,block
chemistry_matched_structure_variation,300.0,70,783,920,0.9714285731315613,cyclic,linear,random,alternating
chemistry_matched_structure_variation,300.0,70,783,947,0.9714285731315613,cyclic,linear,random,block
chemistry_matched_structure_variation,300.0,70,783,956,1.0,cyclic,cyclic,random,alternating
chemistry_matched_structure_variation,300.0,70,783,997,1.0,cyclic,cyclic,random,alternating
chemistry_matched_structure_variation,300.0,70,786,863,1.0,cyclic,cyclic,block,random
chemistry_matched_structure_variation,300.0,70,800,805,0.9714285731315613,linear,cyclic,alternating,block
chemistry_matched_structure_variation,300.0,70,803,975,0.9714285731315613,linear,cyclic,block,alternating
chemistry_matched_structure_variation,300.0,70,803,1015,0.9714285731315613,linear,cyclic,block,random
chemistry_matched_structure_variation,300.0,70,819,865,1.0,cyclic,cyclic,alternating,block
chemistry_matched_structure_variation,300.0,70,819,972,0.9714285731315613,cyclic,linear,alternating,alternating
chemistry_matched_structure_variation,300.0,70,863,977,1.0,cyclic,cyclic,random,block
chemistry_matched_structure_variation,300.0,70,865,972,0.9714285731315613,cyclic,linear,block,alternating
chemistry_matched_structure_variation,300.0,70,876,975,0.9714285731315613,linear,cyclic,block,alternating
chemistry_matched_structure_variation,300.0,70,876,1015,0.9714285731315613,linear,cyclic,block,random
chemistry_matched_structure_variation,300.0,70,887,894,0.9571428298950195,star,star,random,block
chemistry_matched_structure_variation,300.0,70,892,947,0.9714285731315613,star,linear,alternating,block
chemistry_matched_structure_variation,300.0,70,914,958,0.9714285731315613,linear,cyclic,alternating,alternating
chemistry_matched_structure_variation,300.0,70,914,961,0.9714285731315613,linear,cyclic,alternating,random
chemistry_matched_structure_variation,300.0,70,914,988,0.9714285731315613,linear,star,alternating,block
chemistry_matched_structure_variation,300.0,70,914,1013,0.9714285731315613,linear,cyclic,alternating,block
chemistry_matched_structure_variation,300.0,70,914,1019,0.9714285731315613,linear,cyclic,alternating,alternating
chemistry_matched_structure_variation,300.0,70,914,1032,0.9714285731315613,linear,star,alternating,alternating
chemistry_matched_structure_variation,300.0,70,914,1050,0.9714285731315613,linear,cyclic,alternating,block
chemistry_matched_structure_variation,300.0,70,920,947,0.9714285731315613,linear,linear,alternating,block
chemistry_matched_structure_variation,300.0,70,920,956,0.9714285731315613,linear,cyclic,alternating,alternating
chemistry_matched_structure_variation,300.0,70,920,997,0.9714285731315613,linear,cyclic,alternating,alternating
chemistry_matched_structure_variation,300.0,70,921,938,1.0,cyclic,cyclic,block,random
chemistry_matched_structure_variation,300.0,70,921,1063,1.0,cyclic,cyclic,block,alternating
chemistry_matched_structure_variation,300.0,70,936,1038,0.9714285731315613,linear,cyclic,block,alternating
chemistry_matched_structure_variation,300.0,70,938,1063,1.0,cyclic,cyclic,random,alternating
chemistry_matched_structure_variation,300.0,70,947,956,0.9714285731315613,linear,cyclic,block,alternating
chemistry_matched_structure_variation,300.0,70,947,997,0.9714285731315613,linear,cyclic,block,alternating
chemistry_matched_structure_variation,300.0,70,958,961,1.0,cyclic,cyclic,alternating,random
chemistry_matched_structure_variation,300.0,70,958,1013,1.0,cyclic,cyclic,alternating,block
chemistry_matched_structure_variation,300.0,70,958,1050,0.9714285731315613,cyclic,cyclic,alternating,block
chemistry_matched_structure_variation,300.0,70,958,1067,0.9714285731315613,cyclic,linear,alternating,alternating
chemistry_matched_structure_variation,300.0,70,961,1013,1.0,cyclic,cyclic,random,block
chemistry_matched_structure_variation,300.0,70,961,1019,1.0,cyclic,cyclic,random,alternating
chemistry_matched_structure_variation,300.0,70,961,1050,0.9714285731315613,cyclic,cyclic,random,block
chemistry_matched_structure_variation,300.0,70,961,1067,0.9714285731315613,cyclic,linear,random,alternating
chemistry_matched_structure_variation,300.0,70,968,994,1.0,cyclic,cyclic,alternating,random
chemistry_matched_structure_variation,300.0,70,975,1015,1.0,cyclic,cyclic,alternating,random
chemistry_matched_structure_variation,300.0,70,988,1032,0.9857142567634583,star,star,block,alternating
chemistry_matched_structure_variation,300.0,70,1013,1019,1.0,cyclic,cyclic,block,alternating
chemistry_matched_structure_variation,300.0,70,1013,1067,0.9714285731315613,cyclic,linear,block,alternating
chemistry_matched_structure_variation,300.0,70,1019,1050,0.9714285731315613,cyclic,cyclic,alternating,block
chemistry_matched_structure_variation,300.0,70,1019,1067,0.9714285731315613,cyclic,linear,alternating,alternating
chemistry_matched_structure_variation,300.0,70,1033,1042,0.9714285731315613,cyclic,linear,block,alternating
chemistry_matched_structure_variation,300.0,70,1050,1067,0.9714285731315613,cyclic,linear,block,alternating
chemistry_matched_structure_variation,300.0,70,1062,1088,0.9714285731315613,linear,cyclic,alternating,alternating
chemistry_matched_structure_variation,300.0,70,1073,1085,0.9714285731315613,cyclic,linear,block,block
chemistry_matched_structure_variation,300.0,70,1073,1097,0.9714285731315613,cyclic,linear,block,block
chemistry_matched_structure_variation,300.0,70,1084,1085,0.9714285731315613,star,linear,block,block
chemistry_matched_structure_variation,300.0,70,1086,1097,0.9714285731315613,star,linear,alternating,block
chemistry_matched_structure_variation,300.0,70,1088,1095,0.9714285731315613,cyclic,linear,alternating,alternating
chemistry_matched_structure_variation,300.0,70,1099,1101,0.9714285731315613,linear,star,block,alternating
chemistry_matched_structure_variation,300.0,70,1099,1103,0.9714285731315613,linear,cyclic,block,block
chemistry_matched_structure_variation,300.0,70,1100,1102,0.9571428298950195,star,star,alternating,block
chemistry_matched_structure_variation,300.0,70,1100,1104,0.9714285731315613,star,linear,alternating,block
chemistry_matched_structure_variation,300.0,70,1102,1105,0.9857142567634583,star,star,block,alternating
chemistry_matched_structure_variation,300.0,70,1103,1104,0.9714285731315613,cyclic,linear,block,block
chemistry_matched_structure_variation,300.0,72,883,1010,1.0,cyclic,cyclic,gradient,block
chemistry_matched_structure_variation,600.0,26,1428,1577,1.0,cyclic,cyclic,block,random
chemistry_matched_structure_variation,600.0,34,1360,1508,1.0,cyclic,cyclic,random,block
